epoch,accuracy,loss,val_accuracy,val_loss
0,0.4983269274234772,3.232888698577881,0.4908424913883209,0.7986334562301636
1,0.5010742545127869,1.0816079378128052,0.4908424913883209,0.6925813555717468
2,0.506040632724762,0.6922629475593567,0.5105663537979126,0.6919983625411987
3,0.5017787218093872,0.6922760009765625,0.5105663537979126,0.6922101378440857
4,0.5050896406173706,0.9573242664337158,0.4908424913883209,0.6922678351402283
5,0.496882826089859,0.6975690722465515,0.4908424913883209,0.6921976208686829
6,0.5021309852600098,18.894071578979492,0.4907016158103943,0.6938955187797546
7,0.5050544142723083,0.7648450136184692,0.5104254484176636,0.6920787692070007
