epoch,accuracy,loss,val_accuracy,val_loss
0,0.49382489919662476,0.7342589497566223,0.5106853246688843,0.6992778778076172
1,0.5021198391914368,0.721912145614624,0.5077376365661621,0.6973604559898376
2,0.4962211847305298,0.7226527333259583,0.5003684759140015,0.6963893175125122
3,0.5019354820251465,0.7153960466384888,0.5003684759140015,0.6958937048912048
4,0.5133640766143799,0.7139423489570618,0.4959469437599182,0.6954234838485718
5,0.505622148513794,0.7092495560646057,0.49005159735679626,0.6950895190238953
