epoch,accuracy,loss,val_accuracy,val_loss
0,0.7832117080688477,0.48240575194358826,0.8134110569953918,0.40938660502433777
1,0.8332116603851318,0.385547935962677,0.8134110569953918,0.4138988256454468
2,0.848905086517334,0.3691999316215515,0.8236151337623596,0.41075894236564636
3,0.8722627758979797,0.3093101978302002,0.8309037685394287,0.40402844548225403
4,0.8883211612701416,0.26380571722984314,0.8046647310256958,0.4665940999984741
5,0.8857664465904236,0.29160934686660767,0.794460654258728,0.5118004083633423
6,0.8941605687141418,0.2574893534183502,0.8250728845596313,0.4812234938144684
7,0.9277372360229492,0.1880069226026535,0.8017492890357971,0.6336005926132202
8,0.9076642394065857,0.24614839255809784,0.7594752311706543,0.7790300250053406
