epoch,accuracy,loss,val_accuracy,val_loss
0,0.5850340127944946,0.6305448412895203,0.8648648858070374,0.42634573578834534
1,0.8163265585899353,0.38562676310539246,0.7837837934494019,0.30496618151664734
2,0.8707482814788818,0.256284236907959,0.8648648858070374,0.22725649178028107
3,0.9115646481513977,0.19081267714500427,0.9729729890823364,0.1552841067314148
4,0.9387755393981934,0.11263075470924377,0.9729729890823364,0.13675732910633087
5,0.9795918464660645,0.08141406625509262,0.9189189076423645,0.1657962203025818
6,0.9863945841789246,0.04779243469238281,0.9729729890823364,0.08675741404294968
7,0.9931972622871399,0.02869122102856636,0.9189189076423645,0.30354276299476624
8,0.9931972622871399,0.018825780600309372,0.8648648858070374,0.5481014847755432
