epoch,accuracy,loss,val_accuracy,val_loss
0,0.5084834694862366,0.7018866539001465,0.5444502830505371,0.6864081621170044
1,0.506905198097229,0.6949664950370789,0.5013151168823242,0.6931923031806946
2,0.5065106153488159,0.6931260824203491,0.5013151168823242,0.6935077905654907
3,0.5051953196525574,0.6932384371757507,0.5013151168823242,0.6932322978973389
4,0.497829794883728,0.6932263970375061,0.5013151168823242,0.6933758854866028
5,0.5012494921684265,0.6932782530784607,0.5013151168823242,0.6934404373168945
