epoch,accuracy,loss,val_accuracy,val_loss
0,0.5136752128601074,3.1248581409454346,0.5665528774261475,0.7199573516845703
1,0.5145299434661865,0.7399556040763855,0.43344709277153015,0.7118684649467468
2,0.4982905983924866,0.7808007001876831,0.5665528774261475,0.6909347772598267
3,0.4743589758872986,0.7669797539710999,0.43344709277153015,0.7025021910667419
4,0.5170940160751343,0.7129155397415161,0.5665528774261475,0.6853876709938049
5,0.49658119678497314,0.7166259288787842,0.43344709277153015,0.7668545842170715
