epoch,accuracy,loss,val_accuracy,val_loss
0,0.735150933265686,0.6333685517311096,0.7607004046440125,0.49462077021598816
1,0.8451801538467407,0.3702356815338135,0.7490272521972656,0.4797237813472748
2,0.8812074065208435,0.2708924114704132,0.8326848149299622,0.36142274737358093
3,0.9182083606719971,0.19331428408622742,0.8540856242179871,0.32909613847732544
4,0.9284323453903198,0.18562190234661102,0.8832684755325317,0.27923285961151123
5,0.9303797483444214,0.1603832244873047,0.9007782340049744,0.2687085270881653
6,0.9537487626075745,0.13054929673671722,0.8988326787948608,0.2311665117740631
7,0.9561830759048462,0.1118425652384758,0.9163424372673035,0.20286595821380615
8,0.975170373916626,0.08394293487071991,0.9085603356361389,0.2212337851524353
9,0.9737098217010498,0.07571826130151749,0.9143968820571899,0.20891182124614716
10,0.9586173295974731,0.10349703580141068,0.9105058312416077,0.1981057971715927
11,0.9732229709625244,0.07603525370359421,0.9221789836883545,0.18648603558540344
12,0.9819863438606262,0.05930861830711365,0.9260700345039368,0.18349793553352356
13,0.9800389409065247,0.05650509148836136,0.9319066405296326,0.1886257827281952
14,0.9834469556808472,0.04986799508333206,0.9338521361351013,0.16439969837665558
15,0.9810126423835754,0.05065890774130821,0.9357976913452148,0.17786762118339539
16,0.9834469556808472,0.04964675381779671,0.9280155897140503,0.1559327095746994
17,0.9868549108505249,0.040738146752119064,0.9280155897140503,0.18063820898532867
18,0.9819863438606262,0.04983830451965332,0.9260700345039368,0.18919889628887177
19,0.984420657157898,0.045828599482774734,0.9260700345039368,0.17417417466640472
20,0.9878286123275757,0.03995470702648163,0.9377431869506836,0.16476322710514069
21,0.9878286123275757,0.03489140793681145,0.9280155897140503,0.1873369961977005
22,0.9917234778404236,0.02912745252251625,0.9143968820571899,0.2099658101797104
23,0.989776074886322,0.02699282206594944,0.9319066405296326,0.15893663465976715
24,0.992210328578949,0.02423274889588356,0.9280155897140503,0.16585372388362885
25,0.9863680601119995,0.03602105751633644,0.9280155897140503,0.16326427459716797
