epoch,accuracy,loss,val_accuracy,val_loss
0,0.49160414934158325,1.188881516456604,0.4985714256763458,0.726603627204895
1,0.5051804184913635,1.191116213798523,0.47999998927116394,0.7550808191299438
2,0.5137549042701721,1.1492249965667725,0.4814285635948181,0.7873094081878662
3,0.5026795268058777,1.1319082975387573,0.48571428656578064,0.8185155987739563
4,0.4848160147666931,1.163108468055725,0.488571435213089,0.8418724536895752
5,0.4980350136756897,1.1131455898284912,0.49000000953674316,0.854270875453949
