epoch,accuracy,loss,val_accuracy,val_loss
0,0.5152966976165771,0.6938880085945129,0.5311463475227356,0.6903967261314392
1,0.551234781742096,0.6847569942474365,0.5433099865913391,0.6869831085205078
2,0.575469970703125,0.6795539259910583,0.5595281720161438,0.6919640302658081
3,0.5845005512237549,0.6749095320701599,0.5639513731002808,0.6832183003425598
4,0.5864356756210327,0.6707533001899719,0.5506818890571594,0.6858372688293457
5,0.5971249341964722,0.6673198342323303,0.5466273427009583,0.7384837865829468
6,0.6060634255409241,0.6638710498809814,0.5587909817695618,0.6879361867904663
7,0.609841525554657,0.6602937579154968,0.569111704826355,0.6816309094429016
8,0.6178584694862366,0.655979335308075,0.5735348463058472,0.6718683838844299
9,0.6171212792396545,0.6526832580566406,0.5890158414840698,0.6749439239501953
10,0.6247696280479431,0.6486867070198059,0.569480299949646,0.7127754092216492
11,0.6260597109794617,0.6463014483451843,0.5709546804428101,0.7255087494850159
12,0.6296535134315491,0.6424851417541504,0.6100258231163025,0.659888505935669
13,0.639789879322052,0.6396671533584595,0.5842241048812866,0.6698954105377197
14,0.640895664691925,0.6342921853065491,0.5893844366073608,0.6629806756973267
15,0.6393291354179382,0.6327419877052307,0.5901216268539429,0.6670350432395935
16,0.6497420072555542,0.628634512424469,0.6177663207054138,0.6523541212081909
17,0.6533358097076416,0.6250531673431396,0.6081828474998474,0.652182936668396
18,0.6552709341049194,0.621265172958374,0.5823811292648315,0.6923192143440247
19,0.6555473804473877,0.620597779750824,0.6148175597190857,0.655476450920105
20,0.6649465560913086,0.6121606826782227,0.623295247554779,0.6460606455802917
21,0.668171763420105,0.6109213829040527,0.6185035109519958,0.6553893685340881
22,0.6684482097625732,0.6094382405281067,0.593070387840271,0.7409200072288513
23,0.6720420122146606,0.6052253842353821,0.5904902219772339,0.7096433043479919
24,0.6778473854064941,0.6018432378768921,0.6295613646507263,0.6384062767028809
25,0.675635814666748,0.6007643938064575,0.621820867061615,0.6572416424751282
26,0.6840213537216187,0.5970933437347412,0.623295247554779,0.6467881798744202
27,0.6852192878723145,0.5929034948348999,0.6185035109519958,0.6612702012062073
28,0.6833763122558594,0.5903468728065491,0.6155547499656677,0.697479784488678
29,0.6968300938606262,0.5895406007766724,0.5775893926620483,1.0715034008026123
