epoch,accuracy,loss,val_accuracy,val_loss
0,0.5020408034324646,0.7024217247962952,0.5967742204666138,0.6792147159576416
1,0.5918367505073547,0.6877835988998413,0.5161290168762207,0.6732390522956848
2,0.6448979377746582,0.6428369283676147,0.6612903475761414,0.6288580894470215
3,0.6897959113121033,0.6062831282615662,0.7903226017951965,0.5569292902946472
4,0.7877551317214966,0.5232754945755005,0.7903226017951965,0.4935120642185211
5,0.8040816187858582,0.4642702043056488,0.774193525314331,0.4366261661052704
6,0.8122448921203613,0.41067856550216675,0.7903226017951965,0.41759780049324036
7,0.8693877458572388,0.3029065430164337,0.8225806355476379,0.4048885107040405
8,0.8816326260566711,0.3538731038570404,0.7903226017951965,0.4043397009372711
9,0.9346938729286194,0.19710226356983185,0.8387096524238586,0.3417907655239105
10,0.9551020264625549,0.1708253026008606,0.8387096524238586,0.32758012413978577
11,0.9836734533309937,0.10581078380346298,0.8548387289047241,0.3472270667552948
12,0.9755101799964905,0.08209835737943649,0.8387096524238586,0.3016340732574463
13,0.9755101799964905,0.08009257912635803,0.8548387289047241,0.4432041645050049
14,0.9755101799964905,0.060091808438301086,0.8387096524238586,0.3838029205799103
15,0.9591836929321289,0.10871752351522446,0.8548387289047241,0.6689119935035706
16,0.9673469662666321,0.09743345528841019,0.8064516186714172,0.5699867010116577
