epoch,accuracy,loss,val_accuracy,val_loss
0,0.4931506812572479,1.3852581977844238,0.7894737124443054,0.5642737150192261
1,0.7397260069847107,0.5609481334686279,0.7894737124443054,0.8317281603813171
2,0.835616409778595,0.3698301613330841,0.7894737124443054,0.8655462861061096
3,0.7397260069847107,0.6334114074707031,0.7894737124443054,1.0280598402023315
4,0.7945205569267273,0.37580606341362,0.7894737124443054,1.2185481786727905
5,0.8082191944122314,0.4342873990535736,0.7894737124443054,1.121385931968689
