epoch,accuracy,loss,val_accuracy,val_loss
0,0.6530612111091614,0.6447705030441284,0.8108108043670654,0.5178693532943726
1,0.8163265585899353,0.44731512665748596,0.8108108043670654,0.38914936780929565
2,0.8435373902320862,0.31356126070022583,0.8648648858070374,0.29028213024139404
3,0.8367347121238708,0.3028118312358856,0.8918918967247009,0.25136804580688477
4,0.918367326259613,0.2208309769630432,0.7837837934494019,0.41625574231147766
5,0.9251700639724731,0.16049252450466156,0.9189189076423645,0.18871816992759705
6,0.9251700639724731,0.16499300301074982,0.9189189076423645,0.15410755574703217
7,0.9727891087532043,0.10083215683698654,0.8918918967247009,0.2094106823205948
8,0.9795918464660645,0.09639165550470352,0.9459459185600281,0.1323254406452179
9,0.9727891087532043,0.07655534893274307,1.0,0.09521720558404922
10,1.0,0.039684951305389404,0.9189189076423645,0.13511186838150024
11,1.0,0.0343465730547905,0.9189189076423645,0.16097261011600494
12,1.0,0.01641988195478916,0.9459459185600281,0.10650455206632614
13,1.0,0.014955680817365646,0.9459459185600281,0.10372978448867798
14,1.0,0.009205209091305733,0.9459459185600281,0.1366622895002365
