epoch,accuracy,loss,val_accuracy,val_loss
0,0.6041666865348816,0.6752021312713623,0.7692307829856873,0.589113175868988
1,0.8333333134651184,0.5263189673423767,0.8461538553237915,0.5321223139762878
2,0.8958333134651184,0.4086657464504242,0.8461538553237915,0.5027748346328735
3,0.8958333134651184,0.3087688684463501,0.7692307829856873,0.520541787147522
4,0.8958333134651184,0.24266552925109863,0.7692307829856873,0.573196530342102
5,0.8958333134651184,0.20171938836574554,0.7692307829856873,0.6288331747055054
6,0.8958333134651184,0.15907897055149078,0.7692307829856873,0.696029543876648
