epoch,accuracy,loss,val_accuracy,val_loss
0,0.7774413228034973,0.48044148087501526,0.7643504738807678,0.5248030424118042
1,0.844057559967041,0.3556191325187683,0.8187311291694641,0.3920251131057739
2,0.8720666170120239,0.29092836380004883,0.7975831031799316,0.47765758633613586
3,0.9000756740570068,0.2601296305656433,0.8066465258598328,0.4441397488117218
4,0.9046177268028259,0.2216830551624298,0.8187311291694641,0.5059276223182678
5,0.9273278117179871,0.20257720351219177,0.8187311291694641,0.5012716054916382
6,0.9121877551078796,0.19675084948539734,0.8187311291694641,0.5589981079101562
