epoch,accuracy,loss,val_accuracy,val_loss
0,0.46590909361839294,0.6978678107261658,0.52173912525177,0.6979221701622009
1,0.47727271914482117,0.696561872959137,0.52173912525177,0.6979300379753113
2,0.5,0.6952806115150452,0.52173912525177,0.6979209780693054
3,0.5,0.69422447681427,0.52173912525177,0.6978210806846619
4,0.5113636255264282,0.6928143501281738,0.52173912525177,0.6977906227111816
5,0.5227272510528564,0.6915322542190552,0.52173912525177,0.6977343559265137
