epoch,accuracy,loss,val_accuracy,val_loss
0,0.550561785697937,0.6851471662521362,0.43478259444236755,0.7234604954719543
1,0.550561785697937,0.6844316124916077,0.43478259444236755,0.7236192226409912
2,0.550561785697937,0.6835234761238098,0.43478259444236755,0.723642110824585
3,0.550561785697937,0.6828133463859558,0.43478259444236755,0.7234753966331482
4,0.550561785697937,0.682123064994812,0.43478259444236755,0.7232233285903931
5,0.550561785697937,0.6812227368354797,0.43478259444236755,0.7231705784797668
