epoch,accuracy,loss,val_accuracy,val_loss
0,0.7277986407279968,0.5364052057266235,0.7410881519317627,0.520204484462738
1,0.7679799795150757,0.4794134795665741,0.7604752779006958,0.48598456382751465
2,0.7876797914505005,0.4478963315486908,0.7379612326622009,0.4980652332305908
3,0.808474063873291,0.4111761450767517,0.7454659342765808,0.48910975456237793
4,0.8267667293548584,0.3760109543800354,0.7598499059677124,0.519793689250946
5,0.8433395624160767,0.3428393304347992,0.7298311591148376,0.5502221584320068
6,0.8650718927383423,0.30292582511901855,0.7398374080657959,0.5713303089141846
