epoch,accuracy,loss,val_accuracy,val_loss
0,0.7381175756454468,0.5304481983184814,0.759224534034729,0.4997197985649109
1,0.7625077962875366,0.4789404273033142,0.7504690289497375,0.49093660712242126
2,0.7800187468528748,0.45132675766944885,0.7235772609710693,0.5200216174125671
3,0.7909631133079529,0.4244905710220337,0.7479674816131592,0.5028023719787598
4,0.8123827576637268,0.38766270875930786,0.7317073345184326,0.54192715883255
5,0.8328642845153809,0.3586376905441284,0.7548467516899109,0.5140342116355896
