epoch,accuracy,loss,val_accuracy,val_loss
0,0.5518207550048828,0.9347055554389954,0.644444465637207,0.6459575295448303
1,0.6302521228790283,0.7535946369171143,0.7333333492279053,0.6088398694992065
2,0.6414566040039062,0.7182459235191345,0.6666666865348816,0.6128208041191101
3,0.7114846110343933,0.5860735774040222,0.699999988079071,0.5737799406051636
4,0.7282913327217102,0.5840199589729309,0.7666666507720947,0.5160843729972839
5,0.7731092572212219,0.4912280738353729,0.7333333492279053,0.4897041320800781
6,0.8207283020019531,0.47772741317749023,0.7888888716697693,0.4424150288105011
7,0.7815126180648804,0.4330252408981323,0.8111110925674438,0.42356589436531067
8,0.8291316628456116,0.34171217679977417,0.800000011920929,0.4391518831253052
9,0.8459383845329285,0.3188745975494385,0.8222222328186035,0.4546371400356293
10,0.8991596698760986,0.3126242160797119,0.8111110925674438,0.5150505304336548
11,0.8879551887512207,0.28191670775413513,0.8444444537162781,0.38408270478248596
12,0.913165271282196,0.21455688774585724,0.800000011920929,0.44662243127822876
13,0.9299719929695129,0.20986032485961914,0.8333333134651184,0.38119396567344666
14,0.9075630307197571,0.21589113771915436,0.8222222328186035,0.42483842372894287
15,0.9047619104385376,0.21924443542957306,0.8333333134651184,0.42678534984588623
16,0.9551820755004883,0.1478704959154129,0.8222222328186035,0.40475353598594666
