epoch,accuracy,loss,val_accuracy,val_loss
0,0.4384615421295166,0.7232726812362671,0.5408163070678711,0.6935656666755676
1,0.482051283121109,0.7321714758872986,0.5408163070678711,0.6936221718788147
2,0.5179487466812134,0.714560866355896,0.5408163070678711,0.6935822367668152
3,0.5384615659713745,0.6943722367286682,0.5408163070678711,0.6935608386993408
4,0.49743589758872986,0.7217258810997009,0.5408163070678711,0.6937710642814636
5,0.47948718070983887,0.7298006415367126,0.5408163070678711,0.6938226819038391
