epoch,accuracy,loss,val_accuracy,val_loss
0,0.7880778908729553,0.45161181688308716,0.7792801260948181,0.4871063828468323
1,0.8045993447303772,0.4179491698741913,0.8185107707977295,0.38935741782188416
2,0.8119792342185974,0.4038313925266266,0.8246048092842102,0.3771688938140869
3,0.815788209438324,0.39699625968933105,0.828794538974762,0.3744419813156128
4,0.8201685547828674,0.38519638776779175,0.8345077037811279,0.3596203029155731
5,0.8219302296638489,0.38300758600234985,0.8211769461631775,0.384459912776947
6,0.8278817534446716,0.37143436074256897,0.8209864497184753,0.3770848512649536
7,0.8275484442710876,0.367645263671875,0.8432679772377014,0.33326131105422974
8,0.8344045877456665,0.3534627854824066,0.840411365032196,0.3715214133262634
9,0.8380231261253357,0.34839481115341187,0.8508855700492859,0.31712478399276733
10,0.8436890244483948,0.3409182131290436,0.8546943664550781,0.32194626331329346
11,0.8471646904945374,0.337658166885376,0.8468863368034363,0.3340824544429779
12,0.8502594828605652,0.32477450370788574,0.847267210483551,0.3433251976966858
13,0.8513545393943787,0.3264036476612091,0.8505046367645264,0.32297995686531067
14,0.8544017672538757,0.3151666522026062,0.8617406487464905,0.3120574355125427
15,0.8572584986686707,0.31292545795440674,0.8655494451522827,0.29821649193763733
16,0.8656858801841736,0.30503982305526733,0.8663111925125122,0.29608863592147827
17,0.8569728136062622,0.3104934096336365,0.859836220741272,0.3026043772697449
18,0.8636861443519592,0.30387407541275024,0.8676442503929138,0.2942562997341156
19,0.8687806725502014,0.2942216992378235,0.8754522800445557,0.28259074687957764
20,0.8672570586204529,0.29504621028900146,0.8703104257583618,0.28541091084480286
21,0.8721610903739929,0.2888461649417877,0.8743096590042114,0.2791619598865509
22,0.8697804808616638,0.29059889912605286,0.8663111925125122,0.29302603006362915
23,0.8703042268753052,0.2887479364871979,0.8676442503929138,0.2937504053115845
24,0.8734466433525085,0.28564634919166565,0.8594553470611572,0.3168714940547943
