epoch,accuracy,loss,val_accuracy,val_loss
0,0.5142857432365417,0.6933626532554626,0.5322580933570862,0.6951669454574585
1,0.5061224699020386,0.6930641531944275,0.5322580933570862,0.6949438452720642
2,0.5061224699020386,0.6927915811538696,0.5322580933570862,0.694739580154419
3,0.5061224699020386,0.6925240755081177,0.5322580933570862,0.694530189037323
4,0.5102040767669678,0.6922339200973511,0.5322580933570862,0.6943179965019226
5,0.5102040767669678,0.6919658184051514,0.5322580933570862,0.6941186189651489
