epoch,accuracy,loss,val_accuracy,val_loss
0,0.5061224699020386,0.8094689249992371,0.5645161271095276,0.6853947639465332
1,0.559183657169342,0.7582527995109558,0.5645161271095276,0.6835344433784485
2,0.6081632375717163,0.730858564376831,0.5645161271095276,0.6858636140823364
3,0.6285714507102966,0.6751571893692017,0.5483871102333069,0.6880408525466919
4,0.6571428775787354,0.6380354166030884,0.5645161271095276,0.6899183392524719
5,0.6734693646430969,0.6075533032417297,0.5645161271095276,0.6916046142578125
