epoch,accuracy,loss,val_accuracy,val_loss
0,0.5022727251052856,0.7383482456207275,0.4636363685131073,0.7017995715141296
1,0.4113636314868927,0.7701475024223328,0.4909090995788574,0.699953019618988
2,0.5204545259475708,0.7242035865783691,0.5363636612892151,0.6986045837402344
3,0.44545453786849976,0.753801703453064,0.5272727012634277,0.6975306868553162
4,0.5022727251052856,0.7416632771492004,0.5363636612892151,0.6967010498046875
5,0.48636364936828613,0.7470988035202026,0.5363636612892151,0.6955790519714355
6,0.5272727012634277,0.7192327380180359,0.5363636612892151,0.6947118639945984
7,0.47727271914482117,0.7496300339698792,0.5181818008422852,0.6940045952796936
