epoch,accuracy,loss,val_accuracy,val_loss
0,0.4661654233932495,0.6980806589126587,0.6470588445663452,0.680307924747467
1,0.5864661931991577,0.6717404127120972,0.6176470518112183,0.6722010374069214
2,0.7067669034004211,0.6543487906455994,0.6470588445663452,0.6653355360031128
3,0.7819548845291138,0.6377834677696228,0.6764705777168274,0.657796323299408
4,0.8045112490653992,0.621586799621582,0.6764705777168274,0.6509148478507996
5,0.8421052694320679,0.6064927577972412,0.6764705777168274,0.6440814137458801
6,0.8571428656578064,0.5909071564674377,0.6764705777168274,0.6369226574897766
7,0.8646616339683533,0.5758125185966492,0.6764705777168274,0.6299400329589844
8,0.902255654335022,0.5592229962348938,0.6764705777168274,0.6227085590362549
