epoch,accuracy,loss,val_accuracy,val_loss
0,0.5123258233070374,0.6925088167190552,0.49892932176589966,0.694247841835022
1,0.5136656165122986,0.6922580599784851,0.4871520400047302,0.6940947771072388
2,0.5174169540405273,0.6920139789581299,0.4903640151023865,0.6939589381217957
3,0.5184887647628784,0.6917926073074341,0.4882226884365082,0.6938227415084839
4,0.521972119808197,0.6915579438209534,0.49250534176826477,0.6936833262443542
5,0.5217041969299316,0.6913586854934692,0.49678799510002136,0.6935465931892395
