epoch,accuracy,loss,val_accuracy,val_loss
0,0.7887324094772339,0.4534819722175598,0.84112149477005,0.4624445140361786
1,0.8990610241889954,0.27116793394088745,0.7850467562675476,0.4762536883354187
2,0.8920187950134277,0.22076298296451569,0.8037382960319519,0.42236703634262085
3,0.9436619877815247,0.14697450399398804,0.84112149477005,0.40116405487060547
4,0.9577465057373047,0.11374279856681824,0.8317757248878479,0.38166379928588867
5,0.9694835543632507,0.10213731974363327,0.8037382960319519,0.39142560958862305
