epoch,accuracy,loss,val_accuracy,val_loss
0,0.5237584710121155,0.8391196727752686,0.5,0.7130539417266846
1,0.535905659198761,0.7852531671524048,0.5057142972946167,0.7291233539581299
2,0.5416219830513,0.7565678954124451,0.5157142877578735,0.734288215637207
3,0.5691318511962891,0.7281816601753235,0.5328571200370789,0.743516743183136
4,0.5827081203460693,0.7017917633056641,0.5514285564422607,0.7420096397399902
5,0.5852090120315552,0.6889855861663818,0.5571428537368774,0.7337744235992432
6,0.6059306859970093,0.6734060645103455,0.5714285969734192,0.7306004762649536
7,0.6184351444244385,0.6565889716148376,0.5557143092155457,0.7297351360321045
8,0.6234369277954102,0.6465192437171936,0.5671428442001343,0.7176191210746765
9,0.6430867910385132,0.6363162994384766,0.5828571319580078,0.7160241007804871
10,0.6623794436454773,0.6210732460021973,0.5828571319580078,0.711280882358551
11,0.6616649031639099,0.6124945282936096,0.5899999737739563,0.7126405835151672
12,0.6684530377388,0.6081376075744629,0.5914285778999329,0.7066676616668701
13,0.6716684699058533,0.5994035005569458,0.5971428751945496,0.7083446383476257
14,0.6977491974830627,0.5891533493995667,0.5942857265472412,0.7102335691452026
15,0.7016791701316833,0.5751968026161194,0.6000000238418579,0.7034204602241516
16,0.7109681963920593,0.5657626390457153,0.6028571724891663,0.7039836645126343
17,0.7231153845787048,0.5548162460327148,0.595714271068573,0.7001821398735046
18,0.7313326001167297,0.5486807823181152,0.5942857265472412,0.6972359418869019
19,0.7277598977088928,0.5403903722763062,0.595714271068573,0.6928465962409973
20,0.7399070858955383,0.5320559740066528,0.5971428751945496,0.6888925433158875
21,0.7377634644508362,0.5313518047332764,0.5971428751945496,0.6897352337837219
