epoch,accuracy,loss,val_accuracy,val_loss
0,0.5243362784385681,0.6937469840049744,0.5154638886451721,0.692882776260376
1,0.5582596063613892,0.6841962337493896,0.5419734716415405,0.6872606873512268
2,0.5814896821975708,0.6754851341247559,0.5331369638442993,0.6867007613182068
3,0.5873894095420837,0.6703383922576904,0.5552282929420471,0.6973273754119873
4,0.5903392434120178,0.6646125316619873,0.5434462428092957,0.6880009770393372
5,0.6043510437011719,0.661088764667511,0.5272459387779236,0.6880431771278381
6,0.6216813921928406,0.6520484685897827,0.5257731676101685,0.6957524418830872
7,0.6290560364723206,0.644890546798706,0.5316641926765442,0.6891893148422241
8,0.63606196641922,0.6368831992149353,0.5346097350120544,0.6957991719245911
