epoch,accuracy,loss,val_accuracy,val_loss
0,0.5027933120727539,0.7160676121711731,0.800000011920929,0.605625569820404
1,0.6424580812454224,0.605807900428772,0.8444444537162781,0.5288739800453186
2,0.7318435907363892,0.5616671442985535,0.7333333492279053,0.5627880692481995
3,0.7597765326499939,0.5074703693389893,0.7555555701255798,0.4973832070827484
4,0.7765362858772278,0.4625375270843506,0.8444444537162781,0.45160403847694397
5,0.826815664768219,0.41215404868125916,0.800000011920929,0.4384278953075409
6,0.8491619825363159,0.3886648416519165,0.800000011920929,0.4430293142795563
