epoch,accuracy,loss,val_accuracy,val_loss
0,0.5444839596748352,1.1412091255187988,0.6170212626457214,0.6486269235610962
1,0.6814946532249451,0.777723491191864,0.6595744490623474,0.6355094909667969
2,0.7313167452812195,0.6387024521827698,0.6666666865348816,0.6169842481613159
3,0.7437722682952881,0.5929791331291199,0.6879432797431946,0.6235730051994324
4,0.790035605430603,0.49763014912605286,0.6453900933265686,0.6239544153213501
5,0.8131672739982605,0.41946402192115784,0.6666666865348816,0.6073145270347595
6,0.8149465918540955,0.40033382177352905,0.6808510422706604,0.613758385181427
7,0.8594306111335754,0.3283576965332031,0.6666666865348816,0.60894376039505
8,0.871886134147644,0.31960293650627136,0.6808510422706604,0.5980188846588135
