epoch,accuracy,loss,val_accuracy,val_loss
0,0.7771217823028564,0.46576112508773804,0.8790560364723206,0.2972371280193329
1,0.8678966760635376,0.30406033992767334,0.8790560364723206,0.2837671935558319
2,0.8863468766212463,0.27133917808532715,0.9056047201156616,0.2427852898836136
3,0.9033210277557373,0.2400902360677719,0.8967551589012146,0.26428893208503723
4,0.9077490568161011,0.22959694266319275,0.8761062026023865,0.2799367308616638
5,0.9151291251182556,0.21155185997486115,0.8997049927711487,0.2618756890296936
6,0.9357933402061462,0.18804126977920532,0.8849557638168335,0.28775325417518616
7,0.9431734085083008,0.16319718956947327,0.8820058703422546,0.283659428358078
