epoch,accuracy,loss,val_accuracy,val_loss
0,0.702602207660675,0.8558719158172607,0.8529411554336548,0.4262502193450928
1,0.8475836515426636,0.3735811114311218,0.8676470518112183,0.38304591178894043
2,0.8587360382080078,0.3559573292732239,0.8529411554336548,0.38780954480171204
3,0.9368029832839966,0.17632511258125305,0.8823529481887817,0.3723777234554291
4,0.9144981503486633,0.20891448855400085,0.8676470518112183,0.37246671319007874
5,0.9516728520393372,0.12031710892915726,0.8676470518112183,0.3749576807022095
6,0.9776951670646667,0.07268888503313065,0.8382353186607361,0.36138662695884705
7,0.9665427803993225,0.093761146068573,0.8529411554336548,0.31775468587875366
8,0.9665427803993225,0.07930423319339752,0.8823529481887817,0.303300678730011
