epoch,accuracy,loss,val_accuracy,val_loss
0,0.5120846033096313,1.1426804065704346,0.5150602459907532,0.6910392642021179
1,0.5475831031799316,1.0779410600662231,0.5150602459907532,0.6950052380561829
2,0.5475831031799316,1.0796321630477905,0.5060241222381592,0.7011300921440125
3,0.5105740427970886,1.1093961000442505,0.5301204919815063,0.7021565437316895
4,0.5090634226799011,1.068354845046997,0.5,0.7041590809822083
5,0.5430513620376587,1.0444624423980713,0.4909638464450836,0.7103358507156372
6,0.5309667587280273,1.0631870031356812,0.509036123752594,0.7278034090995789
7,0.518882155418396,1.0921999216079712,0.5301204919815063,0.729808509349823
8,0.5309667587280273,1.0356595516204834,0.5301204919815063,0.7314122915267944
