epoch,accuracy,loss,val_accuracy,val_loss
0,0.5222401022911072,0.6939492225646973,0.5524625182151794,0.6823067665100098
1,0.5854769349098206,0.6727556586265564,0.5824410915374756,0.6716727018356323
2,0.6672025918960571,0.6059547662734985,0.664882242679596,0.5791426301002502
3,0.7441050410270691,0.5101073384284973,0.7130621075630188,0.5607094168663025
4,0.7995712757110596,0.4093709886074066,0.7601712942123413,0.49601835012435913
5,0.8587888479232788,0.3197680711746216,0.7451820373535156,0.556251049041748
6,0.8887995481491089,0.24318155646324158,0.7805139422416687,0.5280016660690308
7,0.9271168112754822,0.17215895652770996,0.7880085706710815,0.507912814617157
8,0.9405144453048706,0.14801888167858124,0.7901498675346375,0.6296365857124329
9,0.9533762335777283,0.11676548421382904,0.8062098622322083,0.546037495136261
10,0.9651661515235901,0.08669505268335342,0.7955031991004944,0.643345296382904
11,0.9742765426635742,0.07636450231075287,0.8062098622322083,0.6684677004814148
12,0.979099690914154,0.05759686604142189,0.7933619022369385,0.6521342992782593
13,0.9785637855529785,0.05661998689174652,0.8179871439933777,0.6769760251045227
14,0.9927652478218079,0.02283230423927307,0.7922912240028381,1.0402263402938843
15,0.9782958030700684,0.06619225442409515,0.8361884355545044,0.6861840486526489
16,0.987942099571228,0.034434299916028976,0.7987151741981506,0.8207982778549194
17,0.9903537034988403,0.030842557549476624,0.8233404755592346,0.7143701314926147
18,0.9871382713317871,0.03236301615834236,0.8040685057640076,0.8537975549697876
19,0.9876741766929626,0.03981390967965126,0.819057822227478,0.7577155828475952
20,0.9927652478218079,0.024274056777358055,0.8137044906616211,0.9126845002174377
