epoch,accuracy,loss,val_accuracy,val_loss
0,0.5347431898117065,0.6912785768508911,0.5602409839630127,0.6914366483688354
1,0.5347431898117065,0.6907790899276733,0.5602409839630127,0.6913276314735413
2,0.5362537503242493,0.6903929114341736,0.5361445546150208,0.6912373900413513
3,0.5377643704414368,0.6900573372840881,0.5391566157341003,0.6911596655845642
4,0.5422960519790649,0.6897441148757935,0.5512048006057739,0.6910955309867859
5,0.5521147847175598,0.6894863247871399,0.5481927990913391,0.6910349726676941
