epoch,accuracy,loss,val_accuracy,val_loss
0,0.48882681131362915,0.7033435106277466,0.5222222208976746,0.6964163184165955
1,0.5726256966590881,0.6870840191841125,0.5333333611488342,0.6904214024543762
2,0.589385449886322,0.6750476360321045,0.5444444417953491,0.6862462162971497
3,0.5726256966590881,0.6779537200927734,0.5444444417953491,0.6820237040519714
4,0.5726256966590881,0.6670506000518799,0.5555555820465088,0.6767967939376831
5,0.6452513933181763,0.6600618958473206,0.6000000238418579,0.671902060508728
6,0.6089385747909546,0.6635802984237671,0.6000000238418579,0.669368326663971
7,0.6368715167045593,0.6481115818023682,0.6222222447395325,0.665382444858551
8,0.6396648287773132,0.640084981918335,0.6222222447395325,0.6610864996910095
9,0.6648044586181641,0.6392804980278015,0.644444465637207,0.6521890163421631
10,0.6899441480636597,0.6206125617027283,0.6222222447395325,0.6456575989723206
11,0.6536312699317932,0.6237573623657227,0.644444465637207,0.6390317678451538
12,0.7346368432044983,0.6027655005455017,0.699999988079071,0.628271222114563
13,0.7597765326499939,0.5928465127944946,0.7111111283302307,0.6203901767730713
14,0.7178770899772644,0.5939972996711731,0.7222222089767456,0.6133981347084045
15,0.7318435907363892,0.5739770531654358,0.7111111283302307,0.6075143218040466
16,0.7458100318908691,0.5681056380271912,0.7222222089767456,0.5960201621055603
17,0.7122905254364014,0.5627936124801636,0.699999988079071,0.591931164264679
18,0.751396656036377,0.5499640107154846,0.699999988079071,0.5860890746116638
19,0.75698322057724,0.5258601307868958,0.699999988079071,0.5810947418212891
