epoch,accuracy,loss,val_accuracy,val_loss
0,0.5227272510528564,0.7317935824394226,0.5,0.700808584690094
1,0.4318181872367859,0.7124127745628357,0.5,0.7008066773414612
2,0.5,0.6993189454078674,0.5,0.7007774710655212
3,0.5,0.7165623307228088,0.5,0.7007565498352051
4,0.5227272510528564,0.7071470618247986,0.5,0.7007660865783691
5,0.5454545617103577,0.6778690814971924,0.5,0.7007374167442322
