epoch,accuracy,loss,val_accuracy,val_loss
0,0.6656318306922913,0.6095197796821594,0.7982505559921265,0.4550252854824066
1,0.7231355309486389,0.560447096824646,0.7505643367767334,0.4759276509284973
2,0.7117053270339966,0.5401257276535034,0.8191308975219727,0.42824292182922363
3,0.7336484789848328,0.5347760319709778,0.8041760921478271,0.42409664392471313
4,0.6879277229309082,0.5989725589752197,0.8270316123962402,0.5119226574897766
5,0.7052141427993774,0.5479154586791992,0.7542325258255005,0.5595349073410034
6,0.7104353308677673,0.5837109088897705,0.8318284153938293,0.44553452730178833
7,0.7246172428131104,0.589716374874115,0.7686230540275574,0.5999886989593506
8,0.6311296224594116,0.659134566783905,0.6958239078521729,0.63629549741745
9,0.581246018409729,0.6757497191429138,0.6859480738639832,0.6483484506607056
10,0.6793903708457947,0.6311889290809631,0.6780474185943604,0.6298433542251587
11,0.6335991024971008,0.6632711887359619,0.756771981716156,0.609975278377533
