epoch,accuracy,loss,val_accuracy,val_loss
0,0.4871794879436493,0.702380359172821,0.46721312403678894,0.6927778124809265
1,0.4810256361961365,0.7010919451713562,0.4754098355770111,0.6926105618476868
2,0.48615384101867676,0.6999594569206238,0.48770493268966675,0.6925291419029236
3,0.49435898661613464,0.6989069581031799,0.5040983557701111,0.6925305724143982
4,0.49743589758872986,0.6979625821113586,0.5,0.6925908327102661
5,0.5005128383636475,0.697176456451416,0.4959016442298889,0.6926777362823486
6,0.5035897493362427,0.696468710899353,0.4836065471172333,0.6928248405456543
7,0.5097435712814331,0.6958371996879578,0.48770493268966675,0.6929522156715393
8,0.5097435712814331,0.6953017711639404,0.4836065471172333,0.693101167678833
