epoch,accuracy,loss,val_accuracy,val_loss
0,0.5138461589813232,0.6934254765510559,0.4754098355770111,0.7031394839286804
1,0.5138461589813232,0.6933257579803467,0.4754098355770111,0.7026877403259277
2,0.510769248008728,0.693209707736969,0.4713114798069,0.7023608684539795
3,0.508717954158783,0.693124532699585,0.4713114798069,0.7018415331840515
4,0.508717954158783,0.6930222511291504,0.4754098355770111,0.7014490962028503
5,0.5179487466812134,0.6929205656051636,0.4754098355770111,0.701174259185791
