epoch,accuracy,loss,val_accuracy,val_loss
0,0.7812613844871521,0.45976653695106506,0.8702623844146729,0.3016834855079651
1,0.8727670311927795,0.33480727672576904,0.8877550959587097,0.28043660521507263
2,0.8877142071723938,0.3091830313205719,0.8877550959587097,0.2760244607925415
3,0.9019321799278259,0.28435951471328735,0.8586005568504333,0.3315604031085968
4,0.8979219794273376,0.2641039490699768,0.8935859799385071,0.2761366069316864
5,0.9150565266609192,0.2430424839258194,0.911078691482544,0.2559029757976532
6,0.9139628410339355,0.23446841537952423,0.8965014815330505,0.25498560070991516
7,0.9165147542953491,0.23516561090946198,0.8629737496376038,0.30448079109191895
8,0.921618640422821,0.21620100736618042,0.9037901163101196,0.23939216136932373
9,0.9197958707809448,0.21368366479873657,0.9125364422798157,0.2367555946111679
10,0.934013843536377,0.1771567165851593,0.9154518842697144,0.22402742505073547
11,0.9310973286628723,0.18619000911712646,0.918367326259613,0.24105432629585266
12,0.9464090466499329,0.15070860087871552,0.9154518842697144,0.24173583090305328
13,0.9449507594108582,0.15200233459472656,0.918367326259613,0.21432150900363922
14,0.9456799030303955,0.1475076526403427,0.909621000289917,0.23660854995250702
15,0.9562522768974304,0.12894126772880554,0.9067055583000183,0.3127399981021881
16,0.9569814205169678,0.12220548838376999,0.9241982698440552,0.23416177928447723
17,0.9544294476509094,0.12893183529376984,0.9212828278541565,0.23414698243141174
18,0.9620853066444397,0.11258286982774734,0.9241982698440552,0.2433350831270218
19,0.9671891927719116,0.08888991922140121,0.9256559610366821,0.26487821340560913
20,0.9701057076454163,0.08236916363239288,0.9212828278541565,0.3083634078502655
21,0.9701057076454163,0.08578886091709137,0.9358600378036499,0.24313612282276154
22,0.9773970246315002,0.07002214342355728,0.9314869046211243,0.2575429677963257
23,0.9799489378929138,0.06055189296603203,0.9329445958137512,0.27300068736076355
24,0.9846882820129395,0.04785904288291931,0.934402346611023,0.26334214210510254
25,0.9828654527664185,0.04837166145443916,0.9227405190467834,0.2830996811389923
26,0.9806780815124512,0.060242779552936554,0.9300291538238525,0.2680262625217438
