epoch,accuracy,loss,val_accuracy,val_loss
0,0.44736841320991516,0.6990776062011719,0.5074626803398132,0.6908763647079468
1,0.4661654233932495,0.6979473233222961,0.49253731966018677,0.6901562809944153
2,0.4661654233932495,0.6967659592628479,0.49253731966018677,0.6894605755805969
3,0.4849624037742615,0.6955578923225403,0.5373134613037109,0.6887766122817993
4,0.4887218177318573,0.6944875717163086,0.5522388219833374,0.6881214380264282
5,0.5,0.693407416343689,0.5522388219833374,0.6874619126319885
6,0.5413534045219421,0.692323625087738,0.611940324306488,0.686769962310791
7,0.5639097690582275,0.6911884546279907,0.6268656849861145,0.6860830783843994
8,0.5601503849029541,0.6900633573532104,0.6567164063453674,0.6853919625282288
9,0.5714285969734192,0.688910961151123,0.6567164063453674,0.6846591234207153
10,0.5789473652839661,0.6878765225410461,0.6567164063453674,0.683947741985321
11,0.6052631735801697,0.6867814064025879,0.6567164063453674,0.6832196116447449
12,0.6315789222717285,0.6856904029846191,0.6716417670249939,0.6824796199798584
13,0.6315789222717285,0.684612512588501,0.6567164063453674,0.6816826462745667
14,0.6390977501869202,0.6835044622421265,0.641791045665741,0.680953860282898
15,0.6578947305679321,0.6824974417686462,0.6268656849861145,0.6802247166633606
16,0.6691729426383972,0.6814349889755249,0.6268656849861145,0.6794678568840027
17,0.6691729426383972,0.6804158091545105,0.6268656849861145,0.6787294745445251
