epoch,accuracy,loss,val_accuracy,val_loss
0,0.37254902720451355,0.7532880306243896,0.4038461446762085,0.733901858329773
1,0.4362744987010956,0.7362996339797974,0.42307692766189575,0.7313926219940186
2,0.5049019455909729,0.7402262687683105,0.42307692766189575,0.7283469438552856
3,0.5147058963775635,0.7258957028388977,0.4423076808452606,0.7253042459487915
4,0.46078431606292725,0.7360848188400269,0.42307692766189575,0.7228702902793884
5,0.5,0.720076322555542,0.42307692766189575,0.7199119329452515
6,0.529411792755127,0.6908772587776184,0.42307692766189575,0.7177962064743042
7,0.5147058963775635,0.7086891531944275,0.42307692766189575,0.716016411781311
8,0.5343137383460999,0.7058201432228088,0.4038461446762085,0.7137191295623779
