epoch,accuracy,loss,val_accuracy,val_loss
0,0.6924939751625061,0.5999482274055481,0.7820823192596436,0.5599110722541809
1,0.8075060248374939,0.4117658734321594,0.8377723693847656,0.45353245735168457
2,0.8335351347923279,0.3674144744873047,0.852300226688385,0.3819902241230011
3,0.8589588403701782,0.32543301582336426,0.8474576473236084,0.3360479176044464
4,0.8728813529014587,0.2996289134025574,0.8547215461730957,0.31210315227508545
5,0.8849878907203674,0.29267826676368713,0.861985445022583,0.2953099012374878
6,0.8928571343421936,0.27044209837913513,0.8765133023262024,0.28236111998558044
7,0.8813559412956238,0.27110472321510315,0.8789346218109131,0.2725289463996887
8,0.888014554977417,0.2630290985107422,0.8861985206604004,0.2662721574306488
9,0.897699773311615,0.24142394959926605,0.8789346218109131,0.26847293972969055
10,0.8995157480239868,0.2377549707889557,0.8934624791145325,0.25472697615623474
11,0.9104115962982178,0.22889825701713562,0.8934624791145325,0.24629157781600952
12,0.9031476974487305,0.2198878675699234,0.8837772607803345,0.24823559820652008
13,0.90617436170578,0.21941407024860382,0.9031476974487305,0.24259349703788757
14,0.9176755547523499,0.20672209560871124,0.8910411596298218,0.24428124725818634
15,0.9128329157829285,0.2074652761220932,0.9055690169334412,0.23994600772857666
16,0.9049636721611023,0.22273321449756622,0.9007263779640198,0.23359426856040955
17,0.9134382605552673,0.20217302441596985,0.8910411596298218,0.2381255030632019
18,0.9200968742370605,0.20337243378162384,0.9007263779640198,0.23041586577892303
19,0.9164648652076721,0.1917615830898285,0.9079903364181519,0.22551000118255615
20,0.9237288236618042,0.18568214774131775,0.8983050584793091,0.22658748924732208
21,0.925544798374176,0.18658600747585297,0.9104115962982178,0.22088658809661865
22,0.9261501431465149,0.18804128468036652,0.9055690169334412,0.21748627722263336
23,0.925544798374176,0.18571659922599792,0.9031476974487305,0.21925115585327148
24,0.9249394536018372,0.17657233774662018,0.9079903364181519,0.213830828666687
25,0.935230016708374,0.17358697950839996,0.9079903364181519,0.21358716487884521
26,0.9309927225112915,0.16362924873828888,0.9079903364181519,0.20867764949798584
