epoch,accuracy,loss,val_accuracy,val_loss
0,0.5518652200698853,0.6864070892333984,0.5858979225158691,0.6688935160636902
1,0.6046556830406189,0.6523716449737549,0.6353720426559448,0.6278733611106873
2,0.6647511720657349,0.5991402268409729,0.6895208358764648,0.5751377940177917
3,0.7167624235153198,0.5357651114463806,0.7179586887359619,0.5301783084869385
4,0.782117486000061,0.4522402286529541,0.7779509425163269,0.4402353763580322
5,0.8309145569801331,0.37287718057632446,0.8137904405593872,0.3968520760536194
6,0.8689977526664734,0.30094587802886963,0.8597584962844849,0.3176138997077942
7,0.9040615558624268,0.22929289937019348,0.8776782155036926,0.2810960114002228
8,0.924807608127594,0.19110213220119476,0.8819633722305298,0.28978875279426575
9,0.9432161450386047,0.14655309915542603,0.8948188424110413,0.2614714801311493
10,0.9526638984680176,0.12141488492488861,0.9232566952705383,0.18867209553718567
11,0.9689295887947083,0.08855252712965012,0.9407868981361389,0.1632225066423416
12,0.9792539477348328,0.061246082186698914,0.9302688241004944,0.17179588973522186
13,0.9708775877952576,0.08036686480045319,0.916634202003479,0.22089608013629913
14,0.9826629161834717,0.049930639564991,0.9107908010482788,0.25867974758148193
15,0.9766241312026978,0.06705476343631744,0.9224776029586792,0.2033388763666153
16,0.9857797026634216,0.043984513729810715,0.9555901885032654,0.1106085553765297
17,0.9956170320510864,0.016729822382330894,0.94585120677948,0.14802955090999603
18,0.9844160676002502,0.049392808228731155,0.887417197227478,0.3745582103729248
19,0.9756501317024231,0.0724291130900383,0.916634202003479,0.24368959665298462
20,0.9836369156837463,0.04963025078177452,0.9431242942810059,0.15473826229572296
21,0.9894808530807495,0.034388817846775055,0.9552006125450134,0.13706746697425842
