epoch,accuracy,loss,val_accuracy,val_loss
0,0.8112691640853882,0.47194620966911316,0.8799126744270325,0.29352182149887085
1,0.8512035012245178,0.362131804227829,0.8886463046073914,0.25325778126716614
2,0.8791028261184692,0.30971962213516235,0.8864628672599792,0.2547427713871002
3,0.8922319412231445,0.27034834027290344,0.9104803204536438,0.22152301669120789
4,0.8987964987754822,0.2729071378707886,0.8951964974403381,0.24702590703964233
5,0.8911378383636475,0.27910682559013367,0.8930131196975708,0.23168355226516724
6,0.9152078628540039,0.2097540646791458,0.8384279608726501,0.37601128220558167
7,0.8900437355041504,0.26472771167755127,0.8427947759628296,0.36191272735595703
8,0.8998906016349792,0.254656046628952,0.8537117838859558,0.34608498215675354
