epoch,accuracy,loss,val_accuracy,val_loss
0,0.5005359053611755,0.7197835445404053,0.5157142877578735,0.6934513449668884
1,0.526616632938385,0.6931840777397156,0.5699999928474426,0.6942533850669861
2,0.5051804184913635,0.702296257019043,0.545714259147644,0.6814970970153809
3,0.5298320651054382,0.6920428276062012,0.4814285635948181,0.6966484785079956
4,0.5401929020881653,0.6866425275802612,0.5114285945892334,0.7052658200263977
5,0.5419792532920837,0.7073326110839844,0.5099999904632568,0.6940932869911194
6,0.5016077160835266,0.6973502039909363,0.5014285445213318,0.7033125758171082
