epoch,accuracy,loss,val_accuracy,val_loss
0,0.5027806162834167,0.6992354989051819,0.5247493982315063,0.6916583180427551
1,0.5104566216468811,0.6952459812164307,0.5219298005104065,0.6914029717445374
2,0.5127281546592712,0.6939864754676819,0.5288220643997192,0.690746545791626
3,0.5149213075637817,0.6931191682815552,0.5281955003738403,0.690448522567749
4,0.5316049456596375,0.6912785172462463,0.530701756477356,0.690095841884613
5,0.5301167368888855,0.6910760402679443,0.5350877046585083,0.6898298263549805
6,0.5256520509719849,0.69036465883255,0.5375939607620239,0.6892992258071899
7,0.5247904658317566,0.690461277961731,0.5366541147232056,0.6889939904212952
8,0.5269836187362671,0.6892539262771606,0.5338345766067505,0.6887372136116028
9,0.53285813331604,0.6890575885772705,0.5366541147232056,0.6883690357208252
10,0.5382627248764038,0.688225269317627,0.5394737124443054,0.6878873109817505
11,0.5327798128128052,0.6885837912559509,0.539160430431366,0.6875499486923218
12,0.5368528366088867,0.6881596446037292,0.541979968547821,0.687433660030365
13,0.5391243100166321,0.6864654421806335,0.5447995066642761,0.686968982219696
14,0.545468807220459,0.6860142946243286,0.5426065325737,0.6865375638008118
15,0.5467219948768616,0.6861063241958618,0.5463659167289734,0.6861904859542847
16,0.54985511302948,0.6844314336776733,0.5426065325737,0.6855906248092651
17,0.5543980598449707,0.6839592456817627,0.5435463786125183,0.6850059628486633
18,0.5500117540359497,0.6841907501220703,0.5404135584831238,0.684569776058197
19,0.5507950186729431,0.6839144229888916,0.5510651469230652,0.6839308142662048
20,0.5565912127494812,0.6824756264686584,0.5579574108123779,0.683376669883728
21,0.5564345717430115,0.6825523972511292,0.5513784289360046,0.6828814148902893
22,0.5631706714630127,0.6816495060920715,0.564223051071167,0.6822490692138672
23,0.5626223683357239,0.6802699565887451,0.560776948928833,0.681488573551178
24,0.55964595079422,0.6795190572738647,0.5538846850395203,0.6812930703163147
25,0.5654421448707581,0.6793400049209595,0.5667293071746826,0.6803229451179504
26,0.5645805597305298,0.6776161789894104,0.5629699230194092,0.6799010634422302
27,0.5674786567687988,0.6773921251296997,0.5617167949676514,0.6791638135910034
28,0.5710033774375916,0.6762956380844116,0.567669153213501,0.6789655685424805
29,0.56693035364151,0.6763781309127808,0.5635964870452881,0.6777997612953186
30,0.5746064186096191,0.675568163394928,0.5645363330841064,0.678132176399231
