epoch,accuracy,loss,val_accuracy,val_loss
0,0.48630136251449585,1.2108818292617798,0.3243243098258972,0.7168304324150085
1,0.4931506812572479,1.1951857805252075,0.3243243098258972,0.7129631638526917
2,0.465753436088562,1.2337685823440552,0.4054054021835327,0.7105384469032288
3,0.5753424763679504,1.0474367141723633,0.37837839126586914,0.7082918882369995
4,0.4931506812572479,1.029292106628418,0.5135135054588318,0.7062678337097168
5,0.568493127822876,1.010207176208496,0.5405405163764954,0.7036051750183105
6,0.465753436088562,1.1128714084625244,0.5135135054588318,0.7011981010437012
7,0.5753424763679504,0.8875977993011475,0.5675675868988037,0.7001274824142456
8,0.5753424763679504,0.9950533509254456,0.5675675868988037,0.6979533433914185
9,0.5205479264259338,0.9688218235969543,0.5675675868988037,0.6950502991676331
10,0.6232876777648926,0.8000200986862183,0.5675675868988037,0.6934477686882019
11,0.5958904027938843,0.8465837240219116,0.5675675868988037,0.6920999884605408
12,0.5753424763679504,0.8764253854751587,0.5405405163764954,0.6907608509063721
