epoch,accuracy,loss,val_accuracy,val_loss
0,0.5030211210250854,0.6990484595298767,0.4909638464450836,0.7024706602096558
1,0.5445619225502014,0.6874178051948547,0.5271084308624268,0.7164372801780701
2,0.578549861907959,0.6784511804580688,0.5572289228439331,0.6822220683097839
3,0.596676766872406,0.6629177331924438,0.5632529854774475,0.7063987255096436
4,0.6367069482803345,0.6367641687393188,0.5512048006057739,0.6791194081306458
5,0.6729606986045837,0.6003133058547974,0.5542168617248535,0.7041758894920349
6,0.7061933279037476,0.5658841133117676,0.5331325531005859,0.7634682655334473
7,0.7515105605125427,0.5048791766166687,0.5331325531005859,0.84210205078125
8,0.7749244570732117,0.4560889005661011,0.5361445546150208,0.8932580351829529
