epoch,accuracy,loss,val_accuracy,val_loss
0,0.7352272868156433,0.5506261587142944,0.837104082107544,0.4571578800678253
1,0.8579545617103577,0.33313292264938354,0.837104082107544,0.43646571040153503
2,0.8897727131843567,0.2508494555950165,0.8506787419319153,0.3837662637233734
3,0.9056817889213562,0.22657373547554016,0.8823529481887817,0.3485001027584076
4,0.9090909361839294,0.21563197672367096,0.8552036285400391,0.3408532440662384
5,0.9295454621315002,0.18054549396038055,0.8461538553237915,0.343207448720932
6,0.9306818246841431,0.1713215857744217,0.8552036285400391,0.3040757477283478
7,0.9409090876579285,0.15373925864696503,0.877828061580658,0.2984514832496643
8,0.9465909004211426,0.1505306363105774,0.8687782883644104,0.2958255708217621
