epoch,accuracy,loss,val_accuracy,val_loss
0,0.5145888328552246,0.7988272309303284,0.4860173463821411,0.7598473429679871
1,0.5056667327880859,0.7298701405525208,0.5448408722877502,0.6940636038780212
2,0.5389438271522522,0.7049877643585205,0.5901639461517334,0.6732940673828125
3,0.5772848129272461,0.6962835192680359,0.6171649098396301,0.6640341877937317
4,0.6105618476867676,0.6690032482147217,0.5978785157203674,0.6615384817123413
5,0.6356402039527893,0.6467062830924988,0.5959498286247253,0.6838530898094177
6,0.6862792372703552,0.5982199311256409,0.6441658735275269,0.7185317277908325
7,0.7282372713088989,0.5503793954849243,0.702989399433136,0.5516862273216248
8,0.7569327354431152,0.5026034116744995,0.7560269832611084,0.4710797071456909
9,0.7914154529571533,0.4459386467933655,0.6682738661766052,0.8126921653747559
10,0.8203520774841309,0.3919956386089325,0.8013500571250916,0.43965646624565125
11,0.8444658517837524,0.3454703986644745,0.8206364512443542,0.38154301047325134
12,0.8835302591323853,0.29207757115364075,0.7984570860862732,0.485897034406662
13,0.8837714195251465,0.28555235266685486,0.8534233570098877,0.36738646030426025
14,0.9078851938247681,0.2386985868215561,0.8447444438934326,0.3427932858467102
15,0.9276585578918457,0.1844501942396164,0.847637414932251,0.38528311252593994
16,0.9334458708763123,0.17232485115528107,0.8582449555397034,0.35730209946632385
17,0.9401977062225342,0.154290109872818,0.8852459192276001,0.30588775873184204
18,0.9476730227470398,0.1470555067062378,0.8948891162872314,0.27642127871513367
19,0.9611767530441284,0.10831838846206665,0.8649951815605164,0.3619595766067505
20,0.9573185443878174,0.11873067915439606,0.8784956336021423,0.41842061281204224
21,0.9633470177650452,0.09244806319475174,0.8919961452484131,0.2960923910140991
22,0.9650349617004395,0.10113812237977982,0.8891031742095947,0.3225129544734955
23,0.9722691178321838,0.08574291318655014,0.9074252843856812,0.32594576478004456
24,0.9751627445220947,0.07412724941968918,0.7955641150474548,0.8093124032020569
25,0.9681697487831116,0.08796065300703049,0.8823529481887817,0.42918145656585693
26,0.9698577523231506,0.08047960698604584,0.8736740350723267,0.40392276644706726
27,0.9799855351448059,0.0534089021384716,0.8862102031707764,0.43806591629981995
28,0.9799855351448059,0.05922063812613487,0.8351012468338013,0.7775527238845825
