epoch,accuracy,loss,val_accuracy,val_loss
0,0.8549488186836243,0.34250780940055847,0.918367326259613,0.18407566845417023
1,0.9368600845336914,0.13459298014640808,0.9659863710403442,0.13237929344177246
2,0.9658703207969666,0.09535609930753708,0.9795918464660645,0.07648772746324539
3,0.9863481521606445,0.04347003623843193,0.9931972622871399,0.05613153800368309
4,0.9948805570602417,0.022963181138038635,0.9727891087532043,0.05620225891470909
5,0.9982935190200806,0.01251005008816719,0.9863945841789246,0.04396522417664528
6,1.0,0.0050546457059681416,0.9863945841789246,0.05239753797650337
7,1.0,0.002760785399004817,0.9863945841789246,0.057588011026382446
8,1.0,0.0017957556992769241,0.9863945841789246,0.06184856966137886
