epoch,accuracy,loss,val_accuracy,val_loss
0,0.8358974456787109,0.3505065441131592,0.9251700639724731,0.2050975263118744
1,0.9350427389144897,0.16316309571266174,0.9591836929321289,0.13186891376972198
2,0.9658119678497314,0.09644332528114319,0.9795918464660645,0.09376859664916992
3,0.9794871807098389,0.05780823528766632,0.9863945841789246,0.07635770738124847
4,0.9829059839248657,0.042258188128471375,0.9727891087532043,0.07021810859441757
5,0.9794871807098389,0.039779819548130035,0.9795918464660645,0.09424422681331635
6,0.9931623935699463,0.020625531673431396,0.9795918464660645,0.057001203298568726
7,1.0,0.011530736461281776,0.9727891087532043,0.10881460458040237
8,0.9931623935699463,0.027676718309521675,0.9795918464660645,0.084171824157238
