epoch,accuracy,loss,val_accuracy,val_loss
0,0.4743589758872986,0.7390672564506531,0.550000011920929,0.7409800887107849
1,0.46794870495796204,0.7365000247955322,0.550000011920929,0.7394744157791138
2,0.46794870495796204,0.7344384789466858,0.550000011920929,0.7381958961486816
3,0.4743589758872986,0.7325687408447266,0.550000011920929,0.7366081476211548
4,0.4871794879436493,0.7305684089660645,0.550000011920929,0.7355358004570007
5,0.49358972907066345,0.7285112738609314,0.5249999761581421,0.7342317700386047
