epoch,accuracy,loss,val_accuracy,val_loss
0,0.4989281892776489,0.8217257261276245,0.5135714411735535,0.7091799974441528
1,0.49714183807373047,0.8011083602905273,0.5078571438789368,0.7414660453796387
2,0.49946409463882446,0.7915876507759094,0.5135714411735535,0.7608904838562012
3,0.5028581619262695,0.7795001864433289,0.5007143020629883,0.763738751411438
4,0.4980350136756897,0.7725020051002502,0.5128571391105652,0.7588005661964417
5,0.4967845678329468,0.7706230282783508,0.5078571438789368,0.7539094090461731
