epoch,accuracy,loss,val_accuracy,val_loss
0,0.4988390803337097,0.8636146783828735,0.5199999809265137,0.7370030283927917
1,0.5065190196037292,0.8274524211883545,0.5178571343421936,0.7711006999015808
2,0.5083050727844238,0.8068463206291199,0.5221428275108337,0.7891374826431274
3,0.5115199089050293,0.7968671321868896,0.5157142877578735,0.7873632907867432
4,0.5190212726593018,0.782636821269989,0.5128571391105652,0.780625581741333
5,0.5275942087173462,0.7709223031997681,0.5142857432365417,0.7744393348693848
6,0.5240221619606018,0.7711116671562195,0.5214285850524902,0.7687219977378845
7,0.5250937938690186,0.7621777057647705,0.520714282989502,0.7636008262634277
