epoch,accuracy,loss,val_accuracy,val_loss
0,0.5133500099182129,0.8452633023262024,0.5544450283050537,0.6859074831008911
1,0.5720110535621643,0.734037458896637,0.5823251008987427,0.6912339925765991
2,0.6172563433647156,0.6776326298713684,0.6480799317359924,0.6305906176567078
3,0.6606602668762207,0.6334448456764221,0.6575486660003662,0.6480424404144287
4,0.709193766117096,0.5807870626449585,0.6943714022636414,0.5726067423820496
5,0.7479941844940186,0.5224890112876892,0.7532877326011658,0.49953967332839966
6,0.7549651265144348,0.5013822913169861,0.7743293046951294,0.47844988107681274
7,0.8012626767158508,0.42465513944625854,0.7985270619392395,0.4392543137073517
8,0.8208602070808411,0.4004482626914978,0.8106259703636169,0.4097958505153656
9,0.8440089225769043,0.35275137424468994,0.8348237872123718,0.3893016278743744
10,0.8547941446304321,0.3293186128139496,0.823250949382782,0.37708044052124023
11,0.8814941644668579,0.2883009910583496,0.8411362171173096,0.3624913990497589
12,0.8907010555267334,0.26441892981529236,0.8485007882118225,0.3733102083206177
13,0.8946468234062195,0.25056248903274536,0.8448185324668884,0.36206310987472534
14,0.9170064330101013,0.213615283370018,0.8500788807868958,0.38188979029655457
15,0.9188477993011475,0.20074531435966492,0.8164123892784119,0.43620502948760986
16,0.9318689703941345,0.17215600609779358,0.8732246160507202,0.3446885943412781
17,0.9329212307929993,0.17543178796768188,0.8705944418907166,0.3088352084159851
18,0.9391030073165894,0.15621449053287506,0.8432403802871704,0.41207876801490784
19,0.9413389563560486,0.1599251627922058,0.8085218071937561,0.6281185746192932
20,0.9497566819190979,0.1298358291387558,0.8521830439567566,0.39569926261901855
21,0.9510719180107117,0.1289617121219635,0.8779589533805847,0.35994940996170044
22,0.9542285799980164,0.12119051069021225,0.9037348628044128,0.27795174717903137
23,0.9602788090705872,0.10536076873540878,0.8721725344657898,0.4093839228153229
24,0.958437442779541,0.11096709221601486,0.8737506866455078,0.43885257840156555
25,0.965276837348938,0.09624197334051132,0.8805891871452332,0.42771753668785095
26,0.9614625573158264,0.1044602245092392,0.8879536986351013,0.35549458861351013
27,0.9635670185089111,0.10295373201370239,0.8774329423904419,0.39577963948249817
