epoch,accuracy,loss,val_accuracy,val_loss
0,0.7343522310256958,0.5492240190505981,0.8195050954818726,0.4274574816226959
1,0.822780191898346,0.3930426836013794,0.847161591053009,0.3531422019004822
2,0.8580785989761353,0.32561570405960083,0.8660843968391418,0.32688048481941223
3,0.8820960521697998,0.28413623571395874,0.8675400018692017,0.2893618941307068
4,0.9013828039169312,0.2444390207529068,0.8762736320495605,0.27462270855903625
5,0.9155749678611755,0.2084788829088211,0.8762736320495605,0.2732055187225342
6,0.9308587908744812,0.17879793047904968,0.8922852873802185,0.25452256202697754
7,0.9450509548187256,0.14796489477157593,0.8951964974403381,0.24329356849193573
8,0.9596070051193237,0.12601184844970703,0.8981077075004578,0.23453198373317719
9,0.9727074503898621,0.09648530185222626,0.8951964974403381,0.23966637253761292
10,0.9832605719566345,0.07327553629875183,0.8981077075004578,0.2779906690120697
11,0.9905385971069336,0.05683857947587967,0.9010189175605774,0.23499378561973572
12,0.993813693523407,0.0455140583217144,0.903930127620697,0.23948636651039124
13,0.9985443949699402,0.029782501980662346,0.8937408924102783,0.2733900249004364
14,0.9978166222572327,0.026171822100877762,0.9053857326507568,0.25295528769493103
15,0.9996361136436462,0.01847974583506584,0.9010189175605774,0.2707099914550781
16,1.0,0.012176759541034698,0.903930127620697,0.2872941792011261
17,1.0,0.00980052538216114,0.9082969427108765,0.2887263298034668
18,1.0,0.007004943210631609,0.9053857326507568,0.30342718958854675
19,1.0,0.005659852176904678,0.903930127620697,0.3138226568698883
20,1.0,0.004365431144833565,0.8995633125305176,0.32060742378234863
21,1.0,0.0036573978140950203,0.903930127620697,0.3307349383831024
22,1.0,0.0029604528099298477,0.9024745225906372,0.33879417181015015
