epoch,accuracy,loss,val_accuracy,val_loss
0,0.47887325286865234,1.2301506996154785,0.5370370149612427,0.687180757522583
1,0.5164319276809692,1.0978024005889893,0.5,0.687204122543335
2,0.47887325286865234,1.1088441610336304,0.5925925970077515,0.6868241429328918
3,0.5868544578552246,0.8926523923873901,0.5925925970077515,0.6875414252281189
4,0.5821596384048462,0.9160614013671875,0.5740740895271301,0.6890339851379395
5,0.5399060845375061,1.069972276687622,0.5370370149612427,0.6915663480758667
6,0.5727699398994446,1.0154732465744019,0.46296295523643494,0.6949920654296875
7,0.5492957830429077,0.941709041595459,0.4444444477558136,0.6954789161682129
