epoch,accuracy,loss,val_accuracy,val_loss
0,0.47887325286865234,1.0561095476150513,0.6666666865348816,0.6893039345741272
1,0.5352112650871277,1.010923147201538,0.6111111044883728,0.69189453125
2,0.5258215665817261,1.0030611753463745,0.5370370149612427,0.6914910078048706
3,0.577464759349823,0.9971548318862915,0.5185185074806213,0.6906489729881287
4,0.5633803009986877,0.9484150409698486,0.48148149251937866,0.6903013586997986
5,0.5258215665817261,0.9909237623214722,0.48148149251937866,0.6890826225280762
