epoch,accuracy,loss,val_accuracy,val_loss
0,0.694464921951294,0.6005043983459473,0.764011800289154,0.5671137571334839
1,0.8332103490829468,0.38276025652885437,0.7581120729446411,0.4959980547428131
2,0.8642066717147827,0.32513564825057983,0.8082596063613892,0.42973220348358154
3,0.8878228664398193,0.2724030911922455,0.8230088353157043,0.4115411639213562
4,0.9062730669975281,0.23575648665428162,0.769911527633667,0.47623270750045776
5,0.9321033358573914,0.18797869980335236,0.8082596063613892,0.42275938391685486
6,0.9416974186897278,0.16735351085662842,0.8082596063613892,0.45582500100135803
7,0.9461254477500916,0.15639272332191467,0.755162239074707,0.532834529876709
8,0.9734317064285278,0.1031031683087349,0.7964601516723633,0.5238940715789795
