epoch,accuracy,loss,val_accuracy,val_loss
0,0.5190545320510864,0.6981039047241211,0.5298651456832886,0.6892668604850769
1,0.5200192928314209,0.6944546103477478,0.589595377445221,0.6871864199638367
2,0.5388326048851013,0.6871879696846008,0.5529865026473999,0.6831762194633484
3,0.5885190367698669,0.6722912192344666,0.5953757166862488,0.6635263562202454
4,0.6304872035980225,0.650250256061554,0.6050096154212952,0.6569201350212097
5,0.6531596779823303,0.6142066121101379,0.6724470257759094,0.6140432953834534
6,0.7197298407554626,0.5667895078659058,0.6685934662818909,0.5899521708488464
7,0.7356488108634949,0.5238124132156372,0.676300585269928,0.5936747789382935
8,0.769416332244873,0.4889453649520874,0.7186897993087769,0.5632781982421875
9,0.7920887470245361,0.4271150827407837,0.726396918296814,0.5122670531272888
10,0.845151960849762,0.35386669635772705,0.7302504777908325,0.5098258852958679
11,0.8784370422363281,0.29639238119125366,0.7206165790557861,0.6411179304122925
12,0.8933911919593811,0.25202441215515137,0.7842003703117371,0.5528193712234497
13,0.9175108671188354,0.20435267686843872,0.7842003703117371,0.5634270906448364
14,0.9343945980072021,0.17641478776931763,0.7976878881454468,0.5429354906082153
15,0.9604437947273254,0.11116735637187958,0.7899807095527649,0.576285719871521
16,0.9705740213394165,0.08844316005706787,0.7861271500587463,0.6273022890090942
17,0.9768451452255249,0.06968794763088226,0.7610790133476257,0.7104389071464539
18,0.9797394871711731,0.05921589583158493,0.7707129120826721,0.6983460187911987
19,0.9840810298919678,0.04900350421667099,0.7880539298057556,0.7452482581138611
