epoch,accuracy,loss,val_accuracy,val_loss
0,0.5040698647499084,0.7650277018547058,0.48174601793289185,0.6938169002532959
1,0.493746280670166,0.6940658688545227,0.48174601793289185,0.6938802599906921
2,0.4987095594406128,0.6937823295593262,0.5182539820671082,0.6924843192100525
3,0.5086361169815063,0.6930432319641113,0.5182539820671082,0.6924806237220764
4,0.4993051290512085,0.6936318874359131,0.48174601793289185,0.6935466527938843
5,0.48262855410575867,0.6936191916465759,0.5182539820671082,0.6931113600730896
6,0.5024816393852234,0.6932604312896729,0.48174601793289185,0.6940306425094604
7,0.4842168092727661,0.6937919855117798,0.48174601793289185,0.6931813955307007
