epoch,accuracy,loss,val_accuracy,val_loss
0,0.3962264060974121,0.7021868228912354,0.29629629850387573,0.7069928050041199
1,0.4150943458080292,0.7014580368995667,0.29629629850387573,0.706584095954895
2,0.4150943458080292,0.7006803750991821,0.29629629850387573,0.7060844898223877
3,0.43396225571632385,0.6998562812805176,0.29629629850387573,0.705701470375061
4,0.4528301954269409,0.699088990688324,0.29629629850387573,0.7052326798439026
5,0.46226415038108826,0.6982691884040833,0.29629629850387573,0.7047106623649597
