epoch,accuracy,loss,val_accuracy,val_loss
0,0.5454545617103577,0.7035714387893677,0.5855855941772461,0.6742740869522095
1,0.5090909004211426,0.7201386094093323,0.5675675868988037,0.6751412153244019
2,0.5454545617103577,0.7260136008262634,0.522522509098053,0.676118791103363
3,0.5590909123420715,0.7026143670082092,0.5315315127372742,0.6765809655189514
4,0.5636363625526428,0.6993551254272461,0.5315315127372742,0.6778596639633179
5,0.5249999761581421,0.7116736173629761,0.5135135054588318,0.6777747273445129
