epoch,accuracy,loss,val_accuracy,val_loss
0,0.6066420674324036,0.6782019138336182,0.6489675641059875,0.6634761691093445
1,0.661992609500885,0.6550956964492798,0.6961652040481567,0.6409243941307068
2,0.7166051864624023,0.6285457611083984,0.737463116645813,0.6126095652580261
3,0.7343173623085022,0.598139762878418,0.74631267786026,0.5811387896537781
4,0.7439114451408386,0.5659745335578918,0.764011800289154,0.5488542318344116
5,0.7468634843826294,0.5367363095283508,0.7728613615036011,0.5210996270179749
6,0.7527675032615662,0.5120459198951721,0.778761088848114,0.49819040298461914
7,0.7549815773963928,0.49278101325035095,0.7758111953735352,0.47810637950897217
8,0.7667896747589111,0.47717875242233276,0.778761088848114,0.46387845277786255
9,0.7734317183494568,0.46438100934028625,0.7846607565879822,0.4512358009815216
10,0.7822878360748291,0.4534529745578766,0.7964601516723633,0.4412551820278168
11,0.7970479726791382,0.44337886571884155,0.7994100451469421,0.43140849471092224
12,0.8073800802230835,0.4339243769645691,0.8053097128868103,0.42339780926704407
13,0.8118081092834473,0.42548203468322754,0.8053097128868103,0.4167882800102234
14,0.8169741630554199,0.41775840520858765,0.8112094402313232,0.41034016013145447
15,0.816236138343811,0.4120132625102997,0.8200590014457703,0.4060109853744507
16,0.8221402168273926,0.4040158987045288,0.8171091675758362,0.40076157450675964
17,0.8206642270088196,0.39816930890083313,0.8171091675758362,0.3959999978542328
18,0.8265682458877563,0.3931858539581299,0.8200590014457703,0.3924511969089508
19,0.8295202851295471,0.38778477907180786,0.8141592741012573,0.3893492519855499
20,0.8295202851295471,0.38273167610168457,0.8141592741012573,0.38797423243522644
