epoch,accuracy,loss,val_accuracy,val_loss
0,0.6575144529342651,0.6308714747428894,0.6994219422340393,0.5869423151016235
1,0.7817919254302979,0.45311182737350464,0.8034682273864746,0.44509559869766235
2,0.8511560559272766,0.33225691318511963,0.8439306616783142,0.34657353162765503
3,0.9060693383216858,0.2298409640789032,0.9017341136932373,0.2345382422208786
4,0.9421965479850769,0.16273483633995056,0.9075144529342651,0.18384532630443573
5,0.9479768872261047,0.12088010460138321,0.9075144529342651,0.23120282590389252
6,0.9682080745697021,0.09202916920185089,0.9421965479850769,0.1540497988462448
7,0.9783236980438232,0.07802894711494446,0.9479768872261047,0.11900019645690918
8,0.9942196607589722,0.035188741981983185,0.9710982441902161,0.09535660594701767
9,0.9855491518974304,0.04186634346842766,0.9710982441902161,0.10739213228225708
10,0.9942196607589722,0.025394737720489502,0.9653179049491882,0.14150193333625793
11,0.9942196607589722,0.022256694734096527,0.9768785834312439,0.06535643339157104
12,0.9985548853874207,0.012080399319529533,0.9884393215179443,0.052366703748703
13,0.9985548853874207,0.00834636390209198,0.9826589822769165,0.06256125867366791
14,1.0,0.004909378942102194,0.9826589822769165,0.06284397095441818
15,1.0,0.004039601422846317,0.9826589822769165,0.057930268347263336
16,1.0,0.0029354270081967115,0.9768785834312439,0.05934524908661842
17,1.0,0.0022916009183973074,0.9768785834312439,0.0820799469947815
