epoch,accuracy,loss,val_accuracy,val_loss
0,0.766968309879303,0.4707052707672119,0.8198198080062866,0.5863825082778931
1,0.9095022678375244,0.18693099915981293,0.8738738894462585,0.5664932131767273
2,0.9728506803512573,0.0969376266002655,0.8738738894462585,0.5523680448532104
3,0.9954751133918762,0.0565975084900856,0.8018018007278442,0.5457006096839905
4,1.0,0.036056168377399445,0.7837837934494019,0.5361192226409912
5,1.0,0.03519647195935249,0.7837837934494019,0.5195755362510681
6,1.0,0.026730062440037727,0.7657657861709595,0.5056918263435364
