epoch,accuracy,loss,val_accuracy,val_loss
0,0.4993855953216553,0.7003118395805359,0.5078585743904114,0.7000905275344849
1,0.5001229047775269,0.6980435252189636,0.5088408589363098,0.6985690593719482
2,0.49987712502479553,0.696552038192749,0.5088408589363098,0.6975558996200562
3,0.49987712502479553,0.6954836249351501,0.5019646286964417,0.6966498494148254
4,0.5008601546287537,0.6946572661399841,0.5,0.6958598494529724
5,0.5011059045791626,0.6939654350280762,0.5009823441505432,0.6951273083686829
