epoch,accuracy,loss,val_accuracy,val_loss
0,0.8401989936828613,0.3782652020454407,0.8495821952819824,0.3644086420536041
1,0.8745273351669312,0.3075132966041565,0.8758456110954285,0.32939445972442627
2,0.8829850554466248,0.28328076004981995,0.8814166188240051,0.305441290140152
3,0.8996019959449768,0.25063610076904297,0.8925586938858032,0.27423980832099915
4,0.9113432765007019,0.22429129481315613,0.8981297016143799,0.2773759961128235
5,0.9284577369689941,0.17777007818222046,0.9172304272651672,0.2356024533510208
6,0.9356219172477722,0.17050980031490326,0.9267807602882385,0.20919004082679749
7,0.9477611780166626,0.1376684159040451,0.9200159311294556,0.23254452645778656
8,0.9492537379264832,0.135036900639534,0.9263827800750732,0.221615269780159
9,0.9507462978363037,0.13575151562690735,0.9243931770324707,0.235122412443161
10,0.9589054584503174,0.10988481342792511,0.9367290139198303,0.21672123670578003
11,0.967562198638916,0.08807210624217987,0.9287704229354858,0.22747671604156494
12,0.9661691784858704,0.09992051124572754,0.9426979422569275,0.2306753695011139
13,0.9687561988830566,0.0890762135386467,0.9419021010398865,0.24431180953979492
14,0.9771144390106201,0.06622959673404694,0.9430959224700928,0.22543147206306458
15,0.9736318588256836,0.09436122328042984,0.9387186765670776,0.2430385947227478
16,0.9758208990097046,0.06523974984884262,0.935535192489624,0.22587323188781738
17,0.9784079790115356,0.06339056044816971,0.9403103590011597,0.2712233364582062
