epoch,accuracy,loss,val_accuracy,val_loss
0,0.48876404762268066,0.8943675756454468,0.6888889074325562,0.6655678153038025
1,0.483146071434021,0.8905236721038818,0.6888889074325562,0.6650498509407043
2,0.483146071434021,0.9009504914283752,0.6888889074325562,0.6645012497901917
3,0.5112359523773193,0.8943575024604797,0.6888889074325562,0.6639557480812073
4,0.49438202381134033,0.8931311368942261,0.6888889074325562,0.6634224057197571
5,0.49438202381134033,0.8906211256980896,0.6888889074325562,0.6629326939582825
