epoch,accuracy,loss,val_accuracy,val_loss
0,0.6904906034469604,0.5794636607170105,0.8014527559280396,0.4428655505180359
1,0.8364627361297607,0.38399675488471985,0.852300226688385,0.3421001732349396
2,0.8758328557014465,0.2899474799633026,0.8765133023262024,0.30969008803367615
3,0.8897637724876404,0.26262855529785156,0.8861985206604004,0.28752538561820984
4,0.903694748878479,0.23615887761116028,0.8934624791145325,0.2728981077671051
5,0.9079346060752869,0.22312436997890472,0.9007263779640198,0.2627626657485962
6,0.9230769276618958,0.2119804322719574,0.9007263779640198,0.26444506645202637
7,0.9333736896514893,0.1921350359916687,0.9104115962982178,0.23421598970890045
8,0.9333736896514893,0.1745726615190506,0.9055690169334412,0.25057944655418396
9,0.9376135468482971,0.16974793374538422,0.9200968742370605,0.21679331362247467
10,0.9473046660423279,0.1621946543455124,0.9176755547523499,0.22621795535087585
11,0.9424591064453125,0.15796352922916412,0.9273607730865479,0.19531595706939697
12,0.9515445232391357,0.1378927081823349,0.9249394536018372,0.20964182913303375
13,0.9460932612419128,0.15733997523784637,0.9443099498748779,0.18105511367321014
14,0.9576014280319214,0.12274599820375443,0.9249394536018372,0.21115721762180328
15,0.9588128328323364,0.12031577527523041,0.9273607730865479,0.17748793959617615
16,0.9618412852287292,0.1202380582690239,0.9370459914207458,0.16177622973918915
17,0.9666868448257446,0.10519228875637054,0.9394673109054565,0.15416951477527618
18,0.9757722616195679,0.08948656171560287,0.9515738487243652,0.1533835530281067
19,0.9733495116233826,0.08845943957567215,0.9491525292396545,0.143422469496727
20,0.9739551544189453,0.09043861925601959,0.9443099498748779,0.1677100509405136
21,0.9733495116233826,0.08669287711381912,0.9443099498748779,0.15728728473186493
22,0.9763779640197754,0.08005968481302261,0.9322034120559692,0.19035570323467255
23,0.9636583924293518,0.0963805690407753,0.9394673109054565,0.14314694702625275
