epoch,accuracy,loss,val_accuracy,val_loss
0,0.8247232437133789,0.42073389887809753,0.8259587287902832,0.3933013677597046
1,0.8594095706939697,0.3276470899581909,0.8879055976867676,0.27977901697158813
2,0.8749077320098877,0.3075074255466461,0.8672566413879395,0.2939324975013733
3,0.8789668083190918,0.2831994295120239,0.8008849620819092,0.5028398633003235
4,0.8907749056816101,0.27024197578430176,0.8864306807518005,0.2522616684436798
5,0.8815498352050781,0.2709411084651947,0.8525073528289795,0.3901997208595276
6,0.8999999761581421,0.2475169450044632,0.8643068075180054,0.3082941770553589
