epoch,accuracy,loss,val_accuracy,val_loss
0,0.48803144693374634,0.6956400275230408,0.48428571224212646,0.6982765197753906
1,0.49196141958236694,0.6949621438980103,0.47428572177886963,0.6976132988929749
2,0.4901750683784485,0.694402277469635,0.48428571224212646,0.697081446647644
3,0.48838871717453003,0.6939384341239929,0.47857141494750977,0.6966618299484253
4,0.49553412199020386,0.6935475468635559,0.46857142448425293,0.6963529586791992
5,0.49910682439804077,0.6931990385055542,0.46142858266830444,0.6961460709571838
