epoch,accuracy,loss,val_accuracy,val_loss
0,0.7494521737098694,0.6405316591262817,0.795918345451355,0.788679301738739
1,0.867786705493927,0.3299601972103119,0.8892128467559814,0.3454863429069519
2,0.9306063055992126,0.18242479860782623,0.9329445958137512,0.1721792221069336
3,0.9503287076950073,0.1250925362110138,0.9504373073577881,0.1284877210855484
4,0.9539809823036194,0.12746521830558777,0.9212828278541565,0.30594104528427124
5,0.9598246812820435,0.10767053067684174,0.9708454608917236,0.10625728964805603
6,0.9795471429824829,0.06417354941368103,0.9591836929321289,0.10043656080961227
7,0.9751643538475037,0.05896924436092377,0.9650145769119263,0.11887738853693008
8,0.9780861735343933,0.06351524591445923,0.9446064233779907,0.11000090837478638
9,0.9634770154953003,0.0930367112159729,0.967930018901825,0.18445135653018951
10,0.9758948087692261,0.06776168197393417,0.9620991349220276,0.18223091959953308
