epoch,accuracy,loss,val_accuracy,val_loss
0,0.5271903276443481,0.8126078844070435,0.5572289228439331,0.6816017627716064
1,0.6125377416610718,0.6520768404006958,0.509036123752594,0.7401703596115112
2,0.6465256810188293,0.6360500454902649,0.4879518151283264,0.7373223900794983
3,0.6691842675209045,0.6082457900047302,0.5572289228439331,0.6928826570510864
4,0.7046827673912048,0.5636733770370483,0.5512048006057739,0.6977921724319458
5,0.7492446899414062,0.5083907246589661,0.5391566157341003,0.6970695853233337
