epoch,accuracy,loss,val_accuracy,val_loss
0,0.5097280144691467,0.7555260062217712,0.5216355919837952,0.705811083316803
1,0.5224339962005615,1.0102869272232056,0.5017864108085632,2.928176164627075
2,0.49702203273773193,1.3999369144439697,0.5013894438743591,0.7836348414421082
3,0.5010918974876404,1.1159216165542603,0.49980151653289795,0.8442320823669434
4,0.4975183606147766,0.9340572357177734,0.49980151653289795,0.8361793160438538
5,0.5022830963134766,0.8576049208641052,0.49980151653289795,0.7390070557594299
