epoch,accuracy,loss,val_accuracy,val_loss
0,0.5180849432945251,0.9505517482757568,0.49868491291999817,0.8098123073577881
1,0.5382086038589478,0.7911891341209412,0.5875855088233948,1.0736839771270752
2,0.6077864170074463,0.7400015592575073,0.6386112570762634,0.7208220362663269
3,0.6398789882659912,0.6986626982688904,0.6501840949058533,0.6268185377120972
4,0.6771011352539062,0.6340820789337158,0.669121503829956,0.6146076917648315
5,0.7013021111488342,0.5916843414306641,0.697001576423645,0.5963748097419739
6,0.724713921546936,0.5572049021720886,0.7217254042625427,0.5438474416732788
7,0.7568065524101257,0.5169616341590881,0.7574960589408875,0.49541568756103516
8,0.7694331407546997,0.4814206659793854,0.7801157236099243,0.49819356203079224
9,0.7927134037017822,0.4470207989215851,0.793792724609375,0.4263754189014435
10,0.8102064728736877,0.40234750509262085,0.8016833066940308,0.4788244664669037
11,0.8336182832717896,0.3720490336418152,0.8079957962036133,0.48341986536979675
12,0.8491384983062744,0.3450900912284851,0.8374539613723755,0.3756466209888458
13,0.8716295957565308,0.3037501573562622,0.8148342967033386,0.4415290057659149
14,0.8904379606246948,0.27239692211151123,0.8705944418907166,0.3049395680427551
15,0.8981980681419373,0.24368827044963837,0.8521830439567566,0.3669428527355194
16,0.9179271459579468,0.2100929319858551,0.8742766976356506,0.3124423325061798
17,0.9167433977127075,0.20062024891376495,0.8511309623718262,0.35319167375564575
18,0.9276601076126099,0.17207548022270203,0.8726986050605774,0.3049875795841217
19,0.9314744472503662,0.16984708607196808,0.7916885614395142,0.5790501236915588
20,0.9380507469177246,0.16342046856880188,0.8800631165504456,0.28485971689224243
21,0.9489675164222717,0.13971970975399017,0.881115198135376,0.36231550574302673
22,0.9438379406929016,0.14814354479312897,0.9058390259742737,0.2592833340167999
23,0.9579113721847534,0.11378427594900131,0.881115198135376,0.3043365776538849
24,0.9517295956611633,0.1262749582529068,0.8890057802200317,0.31919631361961365
25,0.9598842859268188,0.11184998601675034,0.9053130149841309,0.3064516484737396
26,0.9704064130783081,0.08170795440673828,0.8905839323997498,0.3948588967323303
27,0.964224636554718,0.10472288727760315,0.8926880359649658,0.2993122339248657
