epoch,accuracy,loss,val_accuracy,val_loss
0,0.449438214302063,0.794251024723053,0.5652173757553101,0.6705946326255798
1,0.6292135119438171,0.6834295988082886,0.47826087474823,0.6954174637794495
2,0.617977499961853,0.6560775637626648,0.52173912525177,0.6839491724967957
3,0.7528089880943298,0.5427426695823669,0.6086956262588501,0.6336876153945923
4,0.6629213690757751,0.5735268592834473,0.739130437374115,0.6012460589408875
5,0.7865168452262878,0.4572122097015381,0.695652186870575,0.5710610151290894
6,0.8089887499809265,0.42291712760925293,0.739130437374115,0.5646637082099915
7,0.8314606547355652,0.3974730372428894,0.739130437374115,0.5565667152404785
8,0.8089887499809265,0.4197951853275299,0.739130437374115,0.533525288105011
9,0.8089887499809265,0.353493332862854,0.739130437374115,0.5291029214859009
