epoch,accuracy,loss,val_accuracy,val_loss
0,0.7492163181304932,0.5949507355690002,0.8500000238418579,0.45641154050827026
1,0.8965517282485962,0.3443875014781952,0.875,0.26403164863586426
2,0.9028213024139404,0.20948296785354614,0.9125000238418579,0.2137582004070282
3,0.9404388666152954,0.159983292222023,0.925000011920929,0.21237874031066895
4,0.9592476487159729,0.1284170001745224,0.9125000238418579,0.18562152981758118
5,0.9686520099639893,0.09509473294019699,0.8999999761581421,0.20137052237987518
6,0.9717868566513062,0.0794011726975441,0.8999999761581421,0.1846798211336136
7,0.9874607920646667,0.05995631963014603,0.8999999761581421,0.18216732144355774
8,0.9937304258346558,0.047122325748205185,0.9125000238418579,0.17968085408210754
