epoch,accuracy,loss,val_accuracy,val_loss
0,0.6944444179534912,0.9262886047363281,0.6842105388641357,1.1262884140014648
1,0.8194444179534912,1.9667434692382812,0.8421052694320679,0.6265570521354675
2,0.8333333134651184,1.3921786546707153,0.6315789222717285,1.5185739994049072
3,0.875,0.4541429877281189,0.7894737124443054,1.6958796977996826
4,0.9722222089767456,0.10629204660654068,0.8421052694320679,2.2338063716888428
5,0.9166666865348816,0.3872436583042145,0.7894737124443054,2.5698652267456055
6,0.9305555820465088,0.3837871849536896,0.8421052694320679,2.6714611053466797
