epoch,accuracy,loss,val_accuracy,val_loss
0,0.5007050037384033,0.8545011281967163,0.5206766724586487,0.6927246451377869
1,0.5287482142448425,0.7133691310882568,0.5695488452911377,0.6807600259780884
2,0.5652514696121216,0.6845848560333252,0.6121553778648376,0.6629504561424255
3,0.5960363745689392,0.6658356189727783,0.6149749159812927,0.6501920819282532
4,0.622121274471283,0.6484804749488831,0.646616518497467,0.6235111951828003
5,0.6546294689178467,0.6232827305793762,0.6766917109489441,0.5958572626113892
6,0.6759361028671265,0.604748547077179,0.670426070690155,0.59412682056427
7,0.7030393481254578,0.581083357334137,0.7271303534507751,0.5466375350952148
8,0.7184709310531616,0.5568123459815979,0.7509398460388184,0.5187849402427673
9,0.738680899143219,0.5325759053230286,0.7528195381164551,0.49888867139816284
10,0.756149172782898,0.5085107088088989,0.7694235444068909,0.48895201086997986
11,0.7646090984344482,0.4959445893764496,0.7578321099281311,0.49361470341682434
12,0.7766724228858948,0.47397854924201965,0.7662907242774963,0.47061145305633545
13,0.7878740429878235,0.4544878304004669,0.7803884744644165,0.45801079273223877
14,0.7972739934921265,0.4354194402694702,0.7926065325737,0.43781787157058716
15,0.7975873351097107,0.4321672022342682,0.7935463786125183,0.4359331727027893
16,0.8119223117828369,0.4094645380973816,0.7791353464126587,0.46436697244644165
17,0.8188939094543457,0.3968517482280731,0.7810150384902954,0.4492512047290802
18,0.8236722350120544,0.39169901609420776,0.7929198145866394,0.4428337812423706
19,0.831113874912262,0.3791852295398712,0.7976190447807312,0.42583706974983215
20,0.8331505656242371,0.3648609220981598,0.8101503849029541,0.4130532741546631
21,0.8427855372428894,0.35355302691459656,0.8041979670524597,0.4180428981781006
22,0.8488954901695251,0.34664687514305115,0.8182957172393799,0.41227465867996216
23,0.8530471324920654,0.335964173078537,0.8092105388641357,0.41518592834472656
24,0.8560237884521484,0.3333949148654938,0.817669153213501,0.40760868787765503
25,0.8596271276473999,0.3213786482810974,0.8104636669158936,0.4197003245353699
26,0.8662071228027344,0.31305304169654846,0.8085839748382568,0.4191098213195801
27,0.8693404197692871,0.30794280767440796,0.8132832050323486,0.4201543927192688
