epoch,accuracy,loss,val_accuracy,val_loss
0,0.5113683342933655,0.975885272026062,0.5041322112083435,0.7007787227630615
1,0.516535758972168,0.9060425758361816,0.5322313904762268,0.6930884718894958
2,0.5035138726234436,0.8824345469474792,0.5380165576934814,0.6929434537887573
3,0.502066969871521,0.8248610496520996,0.5429751873016357,0.6901354193687439
4,0.5004134178161621,0.8003820180892944,0.5347107648849487,0.6933186054229736
5,0.5217031836509705,0.7688255310058594,0.5388429760932922,0.6922762989997864
6,0.5101281404495239,0.7539746165275574,0.531404972076416,0.693199098110199
7,0.5111616253852844,0.7395870089530945,0.5231404900550842,0.6926140189170837
8,0.5055808424949646,0.7286233901977539,0.5206611752510071,0.6927228569984436
