epoch,accuracy,loss,val_accuracy,val_loss
0,0.5322129130363464,0.73140949010849,0.6333333253860474,0.6296196579933167
1,0.6246498823165894,0.6414153575897217,0.7777777910232544,0.4958564043045044
2,0.7871148586273193,0.5176902413368225,0.7888888716697693,0.42344316840171814
3,0.756302535533905,0.4643988609313965,0.800000011920929,0.399994820356369
4,0.8263305425643921,0.46255138516426086,0.8222222328186035,0.3803201913833618
5,0.848739504814148,0.3809475898742676,0.8999999761581421,0.30488497018814087
6,0.83753502368927,0.3873058557510376,0.8777777552604675,0.23833170533180237
7,0.8963585495948792,0.24831543862819672,0.8777777552604675,0.26767978072166443
8,0.9019607901573181,0.2578147351741791,0.9333333373069763,0.13752906024456024
9,0.918767511844635,0.19749335944652557,0.8666666746139526,0.37874189019203186
10,0.9271708726882935,0.1827319711446762,0.9111111164093018,0.18076953291893005
11,0.9579831957817078,0.1230919361114502,0.8222222328186035,0.5394368767738342
12,0.9551820755004883,0.1034097969532013,0.9333333373069763,0.14874768257141113
13,0.9551820755004883,0.1144261434674263,0.9444444179534912,0.14773741364479065
14,0.9691876769065857,0.09440048784017563,0.9333333373069763,0.25225818157196045
15,0.9915966391563416,0.06286218017339706,0.9555555582046509,0.10714086890220642
16,0.994397759437561,0.024812351912260056,0.9666666388511658,0.10233799368143082
17,0.9803921580314636,0.0557112917304039,0.9111111164093018,0.2814790904521942
18,0.8935574293136597,0.2633480727672577,0.8222222328186035,0.3381384015083313
19,0.9411764740943909,0.18690580129623413,0.9222221970558167,0.19062167406082153
20,1.0,0.03016921691596508,0.8999999761581421,0.3039853870868683
21,0.994397759437561,0.011780817992985249,0.8777777552604675,0.6500929594039917
