epoch,accuracy,loss,val_accuracy,val_loss
0,0.5848126411437988,0.6712157130241394,0.6297548413276672,0.6370248198509216
1,0.660679042339325,0.6093834042549133,0.6610313057899475,0.5949617624282837
2,0.7166807651519775,0.5442948341369629,0.7371090650558472,0.5148622989654541
3,0.7695125341415405,0.4688606858253479,0.7827557325363159,0.4494944214820862
4,0.8233305215835571,0.383175790309906,0.8298112154006958,0.37108954787254333
5,0.8657368421554565,0.3061980903148651,0.8633418083190918,0.3206516206264496
6,0.8952521681785583,0.24703724682331085,0.8771485090255737,0.29518258571624756
7,0.918639063835144,0.20312485098838806,0.8870104551315308,0.25608599185943604
8,0.9439983367919922,0.14722071588039398,0.8946182131767273,0.257556676864624
9,0.9540011286735535,0.12577664852142334,0.9072978496551514,0.2568526864051819
10,0.9632290601730347,0.0996566116809845,0.9295576214790344,0.18012259900569916
11,0.9690757989883423,0.09087073057889938,0.9326570630073547,0.17187388241291046
12,0.9778106212615967,0.06431639194488525,0.9509720802307129,0.1339598149061203
13,0.9768244624137878,0.06657938659191132,0.9070160388946533,0.3066558539867401
14,0.9753451943397522,0.07150319963693619,0.9585798978805542,0.11321748048067093
15,0.9845026731491089,0.044536691159009933,0.9419555068016052,0.22087690234184265
16,0.9821780920028687,0.0547073557972908,0.9416736960411072,0.17419111728668213
17,0.9873908162117004,0.03867713361978531,0.9436460733413696,0.1790073662996292
18,0.9844322204589844,0.04947388544678688,0.9453366994857788,0.187637060880661
19,0.9853479862213135,0.048258405178785324,0.9588616490364075,0.11751667410135269
