epoch,accuracy,loss,val_accuracy,val_loss
0,0.5077552795410156,0.7006241083145142,0.48234280943870544,0.6935873627662659
1,0.5047393441200256,0.6951433420181274,0.5452196598052979,0.6875335574150085
2,0.49439895153045654,0.6975044012069702,0.5193798542022705,0.6926465630531311
3,0.4941835403442383,0.6945470571517944,0.5193798542022705,0.6924942135810852
4,0.5008617043495178,0.693785548210144,0.5193798542022705,0.6926621198654175
5,0.4881516695022583,0.693629801273346,0.5193798542022705,0.6924895644187927
6,0.5049547553062439,0.6934465765953064,0.5185185074806213,0.692723274230957
