epoch,accuracy,loss,val_accuracy,val_loss
0,0.5193289518356323,0.6925193071365356,0.6880466341972351,0.6581087112426758
1,0.6177972555160522,0.6481407284736633,0.8046647310256958,0.583400547504425
2,0.7184537053108215,0.5892574191093445,0.8309037685394287,0.49817943572998047
3,0.787016749382019,0.5039845705032349,0.8396501541137695,0.4012020230293274
4,0.8125455975532532,0.4378255605697632,0.8338192701339722,0.34852245450019836
5,0.830051064491272,0.40246570110321045,0.8425655961036682,0.33087804913520813
6,0.8417213559150696,0.37319862842559814,0.8425655961036682,0.3258894681930542
7,0.8497447371482849,0.3626694083213806,0.8688046932220459,0.32738324999809265
8,0.8526622653007507,0.3588162064552307,0.8629737496376038,0.3223109841346741
9,0.8650619983673096,0.34300267696380615,0.8629737496376038,0.3206808269023895
10,0.8708971738815308,0.3474091589450836,0.8746355772018433,0.31302979588508606
11,0.8774617314338684,0.3364832401275635,0.8688046932220459,0.3144882619380951
12,0.8752735257148743,0.33458849787712097,0.8717201352119446,0.3049449324607849
13,0.8818380832672119,0.31223031878471375,0.8775510191917419,0.30849701166152954
14,0.8789204955101013,0.3162633776664734,0.8717201352119446,0.31655818223953247
15,0.8723559379577637,0.3035276234149933,0.8775510191917419,0.31029680371284485
16,0.8789204955101013,0.3011627495288849,0.8804664611816406,0.3203476071357727
17,0.8949671983718872,0.28239595890045166,0.8892128467559814,0.30554327368736267
18,0.8964259624481201,0.302683025598526,0.8775510191917419,0.31295204162597656
19,0.8927789926528931,0.2958012521266937,0.8833819031715393,0.30573251843452454
20,0.8986141681671143,0.2797596752643585,0.8775510191917419,0.31972673535346985
21,0.8956965804100037,0.2771948575973511,0.8775510191917419,0.3250521719455719
22,0.8949671983718872,0.2838001251220703,0.8862974047660828,0.31607717275619507
