epoch,accuracy,loss,val_accuracy,val_loss
0,0.5714285969734192,0.659969687461853,0.7222222089767456,0.5875545740127563
1,0.761904776096344,0.48895639181137085,0.7666666507720947,0.4766322374343872
2,0.83753502368927,0.38363373279571533,0.7777777910232544,0.48628684878349304
3,0.8515406250953674,0.33252543210983276,0.800000011920929,0.4980142414569855
4,0.8655462265014648,0.2848929166793823,0.800000011920929,0.47265905141830444
5,0.8795518279075623,0.26778414845466614,0.8111110925674438,0.457993745803833
6,0.913165271282196,0.19364674389362335,0.855555534362793,0.386327862739563
7,0.9579831957817078,0.13156768679618835,0.8888888955116272,0.41498175263404846
8,0.9775910377502441,0.08716591447591782,0.8888888955116272,0.4344606101512909
9,0.9775910377502441,0.06178075447678566,0.8777777552604675,0.4955683946609497
10,0.9691876769065857,0.06443179398775101,0.8999999761581421,0.5139738917350769
11,0.9971988797187805,0.03940507024526596,0.8999999761581421,0.4622531533241272
12,1.0,0.01511119119822979,0.8999999761581421,0.5086392760276794
13,1.0,0.012753836810588837,0.8999999761581421,0.5300813317298889
14,1.0,0.009527353569865227,0.9111111164093018,0.5665314197540283
15,1.0,0.012105483561754227,0.8777777552604675,0.5903939008712769
16,0.9971988797187805,0.008294112980365753,0.8999999761581421,0.5668524503707886
17,0.9971988797187805,0.011388646438717842,0.8888888955116272,0.6292703747749329
18,1.0,0.007072177715599537,0.8888888955116272,0.6019778847694397
19,1.0,0.006949208211153746,0.9222221970558167,0.6020008325576782
20,1.0,0.0020680490415543318,0.8999999761581421,0.6288200616836548
21,1.0,0.0022941383067518473,0.9222221970558167,0.5930805802345276
22,1.0,0.0013631563633680344,0.9111111164093018,0.5981321334838867
23,1.0,0.004285004921257496,0.9111111164093018,0.6336171627044678
24,1.0,0.003361212555319071,0.9111111164093018,0.604598879814148
