epoch,accuracy,loss,val_accuracy,val_loss
0,0.5200908780097961,0.7914637327194214,0.5350877046585083,0.7416476607322693
1,0.5858071446418762,0.7177459001541138,0.5952380895614624,0.6710437536239624
2,0.6267721652984619,0.6694431304931641,0.6256265640258789,0.6870338916778564
3,0.662254273891449,0.6179293990135193,0.6942355632781982,0.5842002034187317
4,0.7042374610900879,0.5713942646980286,0.7052004933357239,0.5548701882362366
5,0.7330617904663086,0.5320713520050049,0.7637844681739807,0.4989764392375946
6,0.7507637143135071,0.49404481053352356,0.743107795715332,0.5310533046722412
7,0.7805279493331909,0.4618946611881256,0.7863408327102661,0.4483647048473358
8,0.7968199253082275,0.4294479787349701,0.7854009866714478,0.44301459193229675
9,0.8211796283721924,0.3927965760231018,0.8189222812652588,0.39196309447288513
10,0.8391947746276855,0.36408260464668274,0.8311403393745422,0.37267085909843445
11,0.8465575575828552,0.3432143032550812,0.8101503849029541,0.42511460185050964
12,0.862301230430603,0.31451520323753357,0.8464912176132202,0.3519951105117798
13,0.8702122569084167,0.30325284600257874,0.8508771657943726,0.3462948799133301
14,0.8772616982460022,0.28038668632507324,0.8129699230194092,0.49143505096435547
15,0.894885241985321,0.25158601999282837,0.8201754093170166,0.40172404050827026
16,0.9039711952209473,0.23468533158302307,0.8333333134651184,0.37991073727607727
17,0.9047544598579407,0.2273779958486557,0.8721804618835449,0.3070076107978821
18,0.9151719212532043,0.20928816497325897,0.841478705406189,0.44247785210609436
19,0.9132137298583984,0.21019038558006287,0.8690476417541504,0.30992770195007324
20,0.9253544211387634,0.18487681448459625,0.8524436354637146,0.36145636439323425
21,0.9264510273933411,0.18587006628513336,0.835839569568634,0.44622212648391724
22,0.9297407269477844,0.1750294715166092,0.8013784289360046,0.5788620710372925
