epoch,accuracy,loss,val_accuracy,val_loss
0,0.6734104156494141,0.7674588561058044,0.6705202460289001,0.5866211652755737
1,0.8410404920578003,0.3763049244880676,0.7052023410797119,0.5076210498809814
2,0.9060693383216858,0.2410559207201004,0.8034682273864746,0.41669178009033203
3,0.9248554706573486,0.18599875271320343,0.7341040372848511,0.5192684531211853
4,0.9523121118545532,0.12447267025709152,0.884393036365509,0.2915506660938263
5,0.9537572264671326,0.12944120168685913,0.7456647157669067,0.6522636413574219
6,0.9566473960876465,0.10661502182483673,0.8381502628326416,0.4107566773891449
7,0.9812138676643372,0.057580649852752686,0.8323699235916138,0.33946213126182556
8,0.9812138676643372,0.05470927432179451,0.8612716794013977,0.30492162704467773
9,0.9855491518974304,0.04146767035126686,0.8901734352111816,0.2890501618385315
10,0.9855491518974304,0.04240747168660164,0.8959537744522095,0.28882747888565063
11,0.9797688126564026,0.058348026126623154,0.913294792175293,0.26716163754463196
12,0.9884393215179443,0.036309439688920975,0.9306358098983765,0.2687425911426544
13,0.9841040372848511,0.05354534462094307,0.913294792175293,0.2987644076347351
14,0.9812138676643372,0.039786819368600845,0.8786126971244812,0.32932740449905396
15,0.9898843765258789,0.03309357911348343,0.8959537744522095,0.36969414353370667
16,0.9942196607589722,0.03354799747467041,0.9190751314163208,0.24433545768260956
17,0.9971098303794861,0.015481747686862946,0.9537572264671326,0.14886125922203064
18,0.9985548853874207,0.009267955087125301,0.9479768872261047,0.14498725533485413
19,1.0,0.005662838462740183,0.9653179049491882,0.0979057252407074
20,1.0,0.0042571923695504665,0.9421965479850769,0.13468153774738312
21,0.9985548853874207,0.005230695009231567,0.9653179049491882,0.0949164479970932
22,1.0,0.007837311364710331,0.9364162087440491,0.2041051983833313
23,0.9985548853874207,0.008452925831079483,0.913294792175293,0.3157573938369751
24,0.9913294911384583,0.025915121659636497,0.9364162087440491,0.11796999722719193
