epoch,accuracy,loss,val_accuracy,val_loss
0,0.8185931444168091,0.4966709613800049,0.8980262875556946,0.2354266196489334
1,0.8630193471908569,0.37088674306869507,0.8930920958518982,0.24712973833084106
2,0.8807075023651123,0.3157717287540436,0.9095394611358643,0.2155439406633377
3,0.8856437802314758,0.3021830916404724,0.9029605388641357,0.22512662410736084
4,0.8909913897514343,0.2875294089317322,0.9111841917037964,0.21185782551765442
5,0.8885232210159302,0.27166420221328735,0.9210526347160339,0.19478163123130798
6,0.896338939666748,0.2743802070617676,0.9144737124443054,0.1934795379638672
7,0.9012752175331116,0.23697014153003693,0.9177631735801697,0.18718469142913818
8,0.9058001041412354,0.2359960377216339,0.9111841917037964,0.2028377801179886
9,0.9119703769683838,0.2153366059064865,0.9177631735801697,0.20097219944000244
10,0.9132044315338135,0.21460045874118805,0.9259868264198303,0.17344212532043457
11,0.9197860956192017,0.22486662864685059,0.9292762875556946,0.17297019064426422
12,0.9280131459236145,0.18505337834358215,0.9342105388641357,0.16074900329113007
13,0.918140709400177,0.19831274449825287,0.9342105388641357,0.16272665560245514
14,0.9313039779663086,0.17706286907196045,0.9226973652839661,0.1558408886194229
15,0.933772087097168,0.1671639233827591,0.9309210777282715,0.154946431517601
16,0.9358288645744324,0.16427059471607208,0.9210526347160339,0.1738244891166687
17,0.9473467469215393,0.13448870182037354,0.9194079041481018,0.17161507904529572
