epoch,accuracy,loss,val_accuracy,val_loss
0,0.5016077160835266,0.6942342519760132,0.49892932176589966,0.6936297416687012
1,0.5107181072235107,0.6934490203857422,0.5032119750976562,0.693196177482605
2,0.515005350112915,0.6928807497024536,0.5128479599952698,0.6928819417953491
3,0.5166130661964417,0.6924358606338501,0.5010706782341003,0.6926575899124146
4,0.5163451433181763,0.6921042203903198,0.5042826533317566,0.6924732327461243
5,0.5171489715576172,0.6918099522590637,0.49892932176589966,0.6923136115074158
6,0.519024670124054,0.691530704498291,0.5053533315658569,0.6921602487564087
7,0.5184887647628784,0.6912672519683838,0.5,0.6920209527015686
