epoch,accuracy,loss,val_accuracy,val_loss
0,0.8247761130332947,0.4050099849700928,0.8209311366081238,0.3746251165866852
1,0.8491542339324951,0.3544188439846039,0.8654993772506714,0.30898046493530273
2,0.8641790747642517,0.33536678552627563,0.8643056154251099,0.3688366413116455
3,0.8678606748580933,0.3206651210784912,0.8766414523124695,0.306988000869751
4,0.881492555141449,0.28381219506263733,0.8698766231536865,0.3025488555431366
5,0.8817910552024841,0.30937090516090393,0.8555511236190796,0.36067256331443787
6,0.8920397758483887,0.271219938993454,0.8714683651924133,0.31428706645965576
7,0.8984079360961914,0.25894492864608765,0.8511738777160645,0.3809482157230377
8,0.9084576964378357,0.25387585163116455,0.8746517896652222,0.32306012511253357
