epoch,accuracy,loss,val_accuracy,val_loss
0,0.5403422713279724,0.855159342288971,0.6019417643547058,0.6758239269256592
1,0.6259168982505798,0.6213847994804382,0.582524299621582,0.853007435798645
2,0.7212713956832886,0.5748195052146912,0.6699029207229614,0.5835585594177246
3,0.8019559979438782,0.46499207615852356,0.6796116232872009,0.6076703667640686
4,0.8606356978416443,0.3462383449077606,0.6699029207229614,0.6630215048789978
5,0.8924205303192139,0.2683348059654236,0.737864077091217,0.8982905149459839
6,0.9046455025672913,0.21931830048561096,0.7184466123580933,0.8296428918838501
7,0.9584352374076843,0.09219411015510559,0.7961165308952332,0.9537874460220337
8,0.9413203001022339,0.13918735086917877,0.737864077091217,1.0190465450286865
9,0.9242053627967834,0.2384677678346634,0.7184466123580933,1.2647950649261475
10,0.9608802199363708,0.11709921061992645,0.7572815418243408,1.0732076168060303
11,0.9682151675224304,0.08780811727046967,0.737864077091217,1.285811185836792
12,0.9657701849937439,0.12766142189502716,0.737864077091217,0.8474811315536499
