epoch,accuracy,loss,val_accuracy,val_loss
0,0.7773386240005493,0.4211697578430176,0.800000011920929,0.3868879973888397
1,0.8748353123664856,0.25682130455970764,0.8631578683853149,0.31536465883255005
2,0.9249011874198914,0.1724110245704651,0.9473684430122375,0.15972016751766205
3,0.9525691866874695,0.10985645651817322,0.9315789341926575,0.1338023990392685
4,0.9841897487640381,0.0616249181330204,0.9473684430122375,0.12162179499864578
5,0.9881423115730286,0.052125394344329834,0.942105233669281,0.288621187210083
6,0.9776021242141724,0.05479235202074051,0.8736842274665833,0.42513832449913025
7,0.9749670624732971,0.0681084394454956,0.9315789341926575,0.13929951190948486
