epoch,accuracy,loss,val_accuracy,val_loss
0,0.7918552160263062,0.6338497996330261,0.8253012299537659,0.32050013542175293
1,0.8914027214050293,0.3380359411239624,0.8855421543121338,0.27183786034584045
2,0.8793363571166992,0.3404902219772339,0.9096385836601257,0.2526300847530365
3,0.8823529481887817,0.343677282333374,0.8975903391838074,0.26144886016845703
4,0.8959276080131531,0.26106831431388855,0.8554216623306274,0.3111138343811035
5,0.930618405342102,0.19748200476169586,0.8975903391838074,0.25607314705848694
6,0.9321267008781433,0.19765132665634155,0.891566276550293,0.24348780512809753
7,0.9366515874862671,0.17571201920509338,0.8734939694404602,0.2676200866699219
