epoch,accuracy,loss,val_accuracy,val_loss
0,0.5567010045051575,1.0870224237442017,0.47999998927116394,0.7822281718254089
1,0.7628865838050842,0.8020076751708984,0.800000011920929,0.42816996574401855
2,0.8247422575950623,0.4463666081428528,0.800000011920929,0.7281209826469421
3,0.8144329786300659,0.3954072594642639,0.7200000286102295,0.9891819953918457
4,0.8247422575950623,0.4590928852558136,0.6800000071525574,0.940708339214325
5,0.7938144207000732,0.4511440694332123,0.6800000071525574,0.9776486158370972
6,0.8659793734550476,0.3521270751953125,0.6000000238418579,1.153603196144104
