epoch,accuracy,loss,val_accuracy,val_loss
0,0.5353240966796875,0.7044466137886047,0.7587209343910217,0.543972909450531
1,0.7764020562171936,0.48185616731643677,0.8139534592628479,0.35941895842552185
2,0.8361252546310425,0.3577512800693512,0.8604651093482971,0.28008559346199036
3,0.8397669196128845,0.3148571252822876,0.8459302186965942,0.2813350558280945
4,0.8572468757629395,0.30834415555000305,0.8081395626068115,0.32934167981147766
5,0.856518566608429,0.2873649299144745,0.8313953280448914,0.3236006498336792
6,0.8776401877403259,0.2710052728652954,0.8255813717842102,0.36370620131492615
7,0.8841952085494995,0.26312893629074097,0.8604651093482971,0.29876819252967834
