epoch,accuracy,loss,val_accuracy,val_loss
0,0.8242835402488708,0.6539984941482544,0.8554216623306274,0.35379689931869507
1,0.8763197660446167,0.2929307520389557,0.8524096608161926,0.35001254081726074
2,0.9019607901573181,0.2515335977077484,0.8975903391838074,0.27458375692367554
3,0.9170437455177307,0.2253413200378418,0.9277108311653137,0.2361992597579956
4,0.9343891143798828,0.18756815791130066,0.9277108311653137,0.264644056558609
5,0.924585223197937,0.20031370222568512,0.9126505851745605,0.2804705500602722
6,0.9396681785583496,0.1560981571674347,0.9186747074127197,0.29845041036605835
7,0.9434388875961304,0.15885518491268158,0.9036144614219666,0.36954033374786377
8,0.9328808188438416,0.1622919887304306,0.900602400302887,0.3181542158126831
