epoch,accuracy,loss,val_accuracy,val_loss
0,0.5056667327880859,0.7536431550979614,0.5053037405014038,0.7044619917869568
1,0.5030142068862915,0.7532639503479004,0.5120540261268616,0.7026148438453674
2,0.511212944984436,0.7418181896209717,0.5168756246566772,0.7012434601783752
3,0.4962623715400696,0.7439514994621277,0.5178399085998535,0.7002042531967163
4,0.5083192586898804,0.7445700168609619,0.5110896825790405,0.6992470622062683
5,0.507354736328125,0.734637975692749,0.5120540261268616,0.6985924243927002
6,0.501085102558136,0.732332170009613,0.5110896825790405,0.6980326771736145
7,0.5136243104934692,0.724514901638031,0.5120540261268616,0.6974891424179077
