epoch,accuracy,loss,val_accuracy,val_loss
0,0.5369340777397156,0.6937535405158997,0.5801587104797363,0.6842725276947021
1,0.5756552815437317,0.6745861768722534,0.5714285969734192,0.6884438991546631
2,0.5887609124183655,0.6712924838066101,0.5920634865760803,0.6677911281585693
3,0.6020651459693909,0.6640605330467224,0.5658730268478394,0.6794649958610535
4,0.6000794172286987,0.6570829749107361,0.5857142806053162,0.6709514856338501
5,0.609213650226593,0.6547853946685791,0.5952380895614624,0.6593891382217407
6,0.6227164268493652,0.6464055776596069,0.6079365015029907,0.6547722220420837
7,0.6298649907112122,0.6402274966239929,0.5841270089149475,0.6751387715339661
8,0.6409848928451538,0.6365558505058289,0.5896825194358826,0.6569452881813049
9,0.6413820385932922,0.6315703988075256,0.6158730387687683,0.6607668995857239
10,0.6477363109588623,0.6244384050369263,0.6198412775993347,0.6447091698646545
11,0.6501191258430481,0.6137633323669434,0.6285714507102966,0.6523827910423279
12,0.6560762524604797,0.6144342422485352,0.6095238327980042,0.6757356524467468
13,0.6644161939620972,0.6008857488632202,0.6238095164299011,0.6389189958572388
14,0.6743447184562683,0.5931813716888428,0.6436507701873779,0.6355541348457336
15,0.6749404072761536,0.5893658995628357,0.629365086555481,0.6504685878753662
16,0.6834789514541626,0.5826221108436584,0.6317460536956787,0.6303004026412964
17,0.696783185005188,0.5725372433662415,0.6388888955116272,0.6273983716964722
18,0.6934074759483337,0.5650780200958252,0.6388888955116272,0.6345428228378296
19,0.7031373977661133,0.5601718425750732,0.6333333253860474,0.6484218239784241
