epoch,accuracy,loss,val_accuracy,val_loss
0,0.5261735320091248,0.7026354074478149,0.531434178352356,0.6870061159133911
1,0.5512410998344421,0.6866609454154968,0.5471512675285339,0.6835459470748901
2,0.5684443116188049,0.6747230887413025,0.6090373396873474,0.6587167382240295
3,0.6210371255874634,0.6459744572639465,0.5785854458808899,0.6999174356460571
4,0.6399607062339783,0.6255478858947754,0.6375245451927185,0.6340864896774292
5,0.6782993078231812,0.5776463747024536,0.6542239785194397,0.6421114802360535
6,0.7242565751075745,0.522956132888794,0.6601178646087646,0.72114497423172
7,0.7586630582809448,0.4724734425544739,0.7043222188949585,0.577966570854187
8,0.7962644100189209,0.41888755559921265,0.7082514762878418,0.5809101462364197
9,0.8343573212623596,0.36620980501174927,0.7072691321372986,0.6008408665657043
10,0.8618825078010559,0.30564582347869873,0.7544204592704773,0.5306371450424194
11,0.8830179572105408,0.25479304790496826,0.7632613182067871,0.5454015135765076
12,0.9053821563720703,0.21959330141544342,0.7387033104896545,0.6457291841506958
13,0.8992381691932678,0.23421460390090942,0.7917485237121582,0.5677893757820129
14,0.91988205909729,0.18719445168972015,0.7996070981025696,0.5577456951141357
15,0.9481444954872131,0.14143739640712738,0.8202357292175293,0.5548713803291321
16,0.9466699361801147,0.12843860685825348,0.8251473307609558,0.5450536608695984
17,0.9668223261833191,0.10058664530515671,0.8045186400413513,0.6540693640708923
18,0.9513394236564636,0.12661796808242798,0.8123772144317627,0.5586994886398315
19,0.9668223261833191,0.09463433921337128,0.8457760214805603,0.5190190076828003
20,0.9491275548934937,0.12734003365039825,0.8123772144317627,0.5749054551124573
21,0.9722290635108948,0.07715384662151337,0.8379175066947937,0.554214358329773
22,0.9754239320755005,0.07335218042135239,0.8349705338478088,0.6093338131904602
23,0.9687883853912354,0.07380100339651108,0.8153241872787476,0.7990543246269226
24,0.9665765762329102,0.07868991047143936,0.8300589323043823,0.7090898752212524
