epoch,accuracy,loss,val_accuracy,val_loss
0,0.5050651431083679,0.6989612579345703,0.5028901696205139,0.6906367540359497
1,0.48046308755874634,0.7046581506729126,0.5028901696205139,0.690605103969574
2,0.48046308755874634,0.7000812292098999,0.5028901696205139,0.6905727982521057
3,0.47322720289230347,0.7056439518928528,0.5028901696205139,0.69054114818573
4,0.4905933439731598,0.7027000784873962,0.5028901696205139,0.6905052065849304
5,0.5094066858291626,0.6999921798706055,0.5028901696205139,0.6904746890068054
