epoch,accuracy,loss,val_accuracy,val_loss
0,0.5014451146125793,0.7107980847358704,0.4797687828540802,0.7196542620658875
1,0.49855491518974304,0.7147798538208008,0.4797687828540802,0.7195183038711548
2,0.5202311873435974,0.7111334204673767,0.4797687828540802,0.7193834781646729
3,0.5274566411972046,0.7054624557495117,0.4797687828540802,0.7192558646202087
4,0.5144508481025696,0.7049131989479065,0.4797687828540802,0.7191320061683655
5,0.5245664715766907,0.7045736312866211,0.4797687828540802,0.7189946174621582
