epoch,accuracy,loss,val_accuracy,val_loss
0,0.4950980246067047,0.717530369758606,0.38461539149284363,0.7003108263015747
1,0.4852941036224365,0.7091894149780273,0.48076921701431274,0.704164445400238
2,0.5392156839370728,0.6916969418525696,0.4615384638309479,0.7042713761329651
3,0.5490196347236633,0.6811037063598633,0.42307692766189575,0.7018711566925049
4,0.5441176295280457,0.6788488626480103,0.42307692766189575,0.6977481842041016
5,0.5490196347236633,0.677607536315918,0.4615384638309479,0.692021906375885
6,0.5833333134651184,0.6700102090835571,0.48076921701431274,0.686992347240448
