epoch,accuracy,loss,val_accuracy,val_loss
0,0.532757580280304,0.776334822177887,0.5494243502616882,0.6915955543518066
1,0.5721659660339355,0.6855790019035339,0.5553790926933289,0.6816568970680237
2,0.5733571648597717,0.6762181520462036,0.5907105803489685,0.6770933270454407
3,0.58378005027771,0.6710960865020752,0.5827709436416626,0.6736242771148682
4,0.6001588106155396,0.6630828380584717,0.6022230982780457,0.6631277203559875
5,0.6128647923469543,0.6552001237869263,0.6248511075973511,0.6522499322891235
6,0.6184236407279968,0.6502923965454102,0.6212782859802246,0.6647768020629883
7,0.6285487413406372,0.6401025056838989,0.6208813190460205,0.6500435471534729
8,0.6396664977073669,0.6315379738807678,0.6173084378242493,0.654246985912323
9,0.653662919998169,0.6232262849807739,0.6248511075973511,0.6552848815917969
10,0.6585268974304199,0.6100600957870483,0.6443033218383789,0.6269586682319641
11,0.675600528717041,0.5957033038139343,0.6415244340896606,0.6267468929290771
12,0.6756998300552368,0.5899969339370728,0.6589916348457336,0.6216745376586914
13,0.6964462995529175,0.570009171962738,0.6657403707504272,0.6153092980384827
14,0.711236834526062,0.5529369711875916,0.6693131923675537,0.6276800036430359
15,0.7179868817329407,0.5335114598274231,0.6641524434089661,0.6408562660217285
16,0.745284914970398,0.5118890404701233,0.6697102189064026,0.626772403717041
17,0.7524319887161255,0.495940238237381,0.6871774792671204,0.6186258792877197
18,0.7614651322364807,0.4737176299095154,0.664946436882019,0.6390037536621094
19,0.774766743183136,0.45800936222076416,0.6705041527748108,0.6482290625572205
20,0.7867778539657593,0.43848222494125366,0.6840015649795532,0.6308574676513672
21,0.7929322719573975,0.4226558804512024,0.7006748914718628,0.645653247833252
22,0.7993845343589783,0.4049314856529236,0.6998808979988098,0.6721320152282715
23,0.8139765858650208,0.3961537778377533,0.6927351951599121,0.6747317314147949
24,0.8203295469284058,0.3753703534603119,0.7062326073646545,0.6926495432853699
25,0.8249950408935547,0.36375728249549866,0.7030567526817322,0.6625120043754578
26,0.8329362869262695,0.3526948392391205,0.7030567526817322,0.6823409199714661
27,0.8372046947479248,0.34646400809288025,0.6899563074111938,0.7249516248703003
28,0.8429620862007141,0.3294195234775543,0.7054386734962463,0.6859031319618225
29,0.852491557598114,0.32094070315361023,0.6895593404769897,0.7972078919410706
