epoch,accuracy,loss,val_accuracy,val_loss
0,0.8208534717559814,0.37363138794898987,0.8771459460258484,0.3068001866340637
1,0.8813741207122803,0.2834538221359253,0.8851931095123291,0.28621116280555725
2,0.8903650045394897,0.26570725440979004,0.883583664894104,0.2850273549556732
3,0.8947933316230774,0.2547166645526886,0.8975321650505066,0.27040207386016846
4,0.9011003971099854,0.2416604459285736,0.8937768340110779,0.2684038579463959
5,0.9060654640197754,0.23322005569934845,0.8889485001564026,0.258451908826828
6,0.9070048332214355,0.22185663878917694,0.8884119987487793,0.2608833312988281
7,0.9161298871040344,0.21047337353229523,0.8932403326034546,0.25816354155540466
8,0.9165324568748474,0.20594003796577454,0.8969957232475281,0.25277048349380493
