epoch,accuracy,loss,val_accuracy,val_loss
0,0.6490610241889954,0.6486005187034607,0.7276995182037354,0.518574595451355
1,0.8086854219436646,0.42361220717430115,0.7887324094772339,0.4214639663696289
2,0.8521126508712769,0.34805068373680115,0.8356807231903076,0.37531599402427673
3,0.8732394576072693,0.30595749616622925,0.8497652411460876,0.3327220380306244
4,0.8931924700737,0.2761964499950409,0.8591549396514893,0.3152100741863251
5,0.90727698802948,0.24751120805740356,0.8544601202011108,0.3011332154273987
6,0.9096243977546692,0.2274278700351715,0.8403756022453308,0.31175923347473145
7,0.9190140962600708,0.21480323374271393,0.8638497591018677,0.2877828776836395
8,0.9319248795509338,0.1943305879831314,0.8873239159584045,0.2544034421443939
9,0.9307511448860168,0.18048909306526184,0.8920187950134277,0.25275567173957825
10,0.9366196990013123,0.16864296793937683,0.9014084339141846,0.23668575286865234
11,0.9389671087265015,0.15770870447158813,0.9061033129692078,0.22030125558376312
12,0.9495305418968201,0.1327737271785736,0.9061033129692078,0.21669012308120728
13,0.9577465057373047,0.12363462150096893,0.9061033129692078,0.2143511027097702
14,0.9612675905227661,0.10886668413877487,0.9154929518699646,0.20966161787509918
15,0.9706572890281677,0.09605757892131805,0.9107981324195862,0.20774711668491364
16,0.9788732528686523,0.08220938593149185,0.9248826503753662,0.22565151751041412
17,0.9671361446380615,0.08776894956827164,0.9154929518699646,0.19366455078125
18,0.9800469279289246,0.07093678414821625,0.9154929518699646,0.2114347666501999
19,0.9800469279289246,0.07056128233671188,0.9154929518699646,0.19106248021125793
20,0.9800469279289246,0.05626533925533295,0.920187771320343,0.21373119950294495
21,0.9823943376541138,0.05316780135035515,0.920187771320343,0.20072725415229797
