epoch,accuracy,loss,val_accuracy,val_loss
0,0.4828841984272003,1.1813515424728394,0.5058139562606812,0.7062919735908508
1,0.4850691854953766,1.1170365810394287,0.5261628031730652,0.695086658000946
2,0.51347416639328,1.0796159505844116,0.5610465407371521,0.692114531993866
3,0.49453750252723694,1.0582388639450073,0.5784883499145508,0.6935603022575378
4,0.5018208026885986,1.0617023706436157,0.5465116500854492,0.6980212926864624
5,0.5025491714477539,1.09083092212677,0.5406976938247681,0.6987760663032532
6,0.5273124575614929,1.0218422412872314,0.555232584476471,0.6984938979148865
7,0.509832501411438,1.0183603763580322,0.5668604373931885,0.69962477684021
8,0.5243991017341614,0.9988055229187012,0.5668604373931885,0.6985909938812256
