epoch,accuracy,loss,val_accuracy,val_loss
0,0.8008184432983398,0.4259144067764282,0.8388826251029968,0.3629325032234192
1,0.8365201354026794,0.36106356978416443,0.8422686457633972,0.3430836796760559
2,0.849855363368988,0.3364711105823517,0.8614559769630432,0.3187921643257141
3,0.8629788756370544,0.3087901175022125,0.859762966632843,0.3141140341758728
4,0.8788541555404663,0.2795364558696747,0.8679458498954773,0.312203049659729
5,0.8926832675933838,0.25369992852211,0.875,0.2958800792694092
6,0.9075707197189331,0.22399654984474182,0.8820541501045227,0.2749759256839752
7,0.9247159957885742,0.19051958620548248,0.8893905282020569,0.26272934675216675
8,0.9384040236473083,0.1624210923910141,0.8961625099182129,0.24292035400867462
9,0.9519509077072144,0.13106262683868408,0.8981376886367798,0.24740217626094818
10,0.9574543237686157,0.11502590030431747,0.8936230540275574,0.29075780510902405
11,0.9702956080436707,0.08698350191116333,0.8876975178718567,0.3122911751270294
12,0.9733295440673828,0.07413507252931595,0.8924943804740906,0.3553726077079773
13,0.981725811958313,0.05589291825890541,0.9043453931808472,0.30044108629226685
14,0.9789741039276123,0.06121870130300522,0.8910835385322571,0.354221910238266
15,0.9826430678367615,0.05044173821806908,0.9116817116737366,0.2902839481830597
16,0.9844069480895996,0.042279358953237534,0.909424364566803,0.32022610306739807
17,0.9870175719261169,0.038067907094955444,0.9063205122947693,0.3668486177921295
18,0.9863119721412659,0.04236762970685959,0.9006772041320801,0.38391488790512085
19,0.9884287118911743,0.03161607310175896,0.9176072478294373,0.33476701378822327
20,0.9925915598869324,0.022851064801216125,0.9173250794410706,0.3345096707344055
21,0.991180419921875,0.024206774309277534,0.9020880460739136,0.4843166172504425
22,0.9885697960853577,0.03536839783191681,0.9215575456619263,0.3546680808067322
23,0.9901925921440125,0.026775676757097244,0.9161964058876038,0.3484369218349457
24,0.9913920760154724,0.0236363485455513,0.9128103852272034,0.384652704000473
25,0.9904043078422546,0.026865513995289803,0.9193001985549927,0.32104530930519104
26,0.9939321279525757,0.020672490820288658,0.9105530381202698,0.36130666732788086
27,0.9924504160881042,0.02149953879415989,0.9077313542366028,0.40142911672592163
