epoch,accuracy,loss,val_accuracy,val_loss
0,0.4931506812572479,0.695993959903717,0.6842105388641357,0.6344354748725891
1,0.6164383292198181,0.615017294883728,0.6842105388641357,0.5827578902244568
2,0.7260273694992065,0.5509340763092041,0.6842105388641357,0.5373567342758179
3,0.7534246444702148,0.5322768092155457,0.7368420958518982,0.49838748574256897
4,0.7945205569267273,0.46766504645347595,0.7368420958518982,0.4639199376106262
5,0.8219178318977356,0.39915210008621216,0.7368420958518982,0.4361792206764221
6,0.9041095972061157,0.36336788535118103,0.7368420958518982,0.41364550590515137
7,0.8493150472640991,0.327792227268219,0.7368420958518982,0.4051215648651123
8,0.8219178318977356,0.3181253969669342,0.7368420958518982,0.4130907654762268
