epoch,accuracy,loss,val_accuracy,val_loss
0,0.49508196115493774,0.6974884271621704,0.528384268283844,0.6979284882545471
1,0.49508196115493774,0.6973649263381958,0.528384268283844,0.6977949738502502
2,0.49180328845977783,0.697238028049469,0.5327510833740234,0.6976624727249146
3,0.492896169424057,0.6971167325973511,0.5327510833740234,0.6975265741348267
4,0.49071037769317627,0.6969909071922302,0.5327510833740234,0.6974000334739685
5,0.492896169424057,0.6968737840652466,0.5327510833740234,0.6972767114639282
6,0.492896169424057,0.6967548727989197,0.5327510833740234,0.6971548795700073
7,0.49071037769317627,0.696638286113739,0.528384268283844,0.697032630443573
