epoch,accuracy,loss,val_accuracy,val_loss
0,0.8470209240913391,0.3750063478946686,0.8787553906440735,0.28789135813713074
1,0.8823134899139404,0.2860483229160309,0.8894850015640259,0.24239769577980042
2,0.8911701440811157,0.265248566865921,0.9012875556945801,0.24662569165229797
3,0.9040526151657104,0.23386120796203613,0.903969943523407,0.24608157575130463
4,0.9117015600204468,0.21090944111347198,0.9211373329162598,0.17500010132789612
5,0.9178743958473206,0.199168860912323,0.9275751113891602,0.19725415110588074
6,0.9291465282440186,0.17151440680027008,0.8809012770652771,0.3464266359806061
7,0.9292807579040527,0.16949871182441711,0.9361587762832642,0.1649351716041565
8,0.9342458248138428,0.15626630187034607,0.9356223344802856,0.15063364803791046
9,0.9468598961830139,0.13096989691257477,0.9447425007820129,0.137441948056221
10,0.9518250226974487,0.11956893652677536,0.9356223344802856,0.16056445240974426
11,0.9590713977813721,0.10258964449167252,0.9425965547561646,0.15244229137897491
12,0.961084246635437,0.10353783518075943,0.9356223344802856,0.1650353968143463
13,0.966183602809906,0.0829172432422638,0.9501072764396667,0.13807104527950287
14,0.9746376872062683,0.07802698016166687,0.9495708346366882,0.13103525340557098
15,0.971551239490509,0.07364768534898758,0.9425965547561646,0.1622602343559265
16,0.9680622816085815,0.08353500813245773,0.9608368873596191,0.10547802597284317
17,0.9687332510948181,0.07669995725154877,0.9324034452438354,0.2294502854347229
18,0.9800053834915161,0.057828743010759354,0.95064377784729,0.11775308847427368
19,0.977053165435791,0.06395142525434494,0.9484978318214417,0.15318851172924042
20,0.9801395535469055,0.05646245554089546,0.9527897238731384,0.13650421798229218
21,0.9834943413734436,0.04741353914141655,0.9570815563201904,0.1395118236541748
