epoch,accuracy,loss,val_accuracy,val_loss
0,0.526043713092804,0.9375216364860535,0.601190447807312,0.9356648325920105
1,0.5930915474891663,0.8270184993743896,0.6149749159812927,0.6844279170036316
2,0.6393827795982361,0.7749403715133667,0.6390977501869202,1.364301085472107
3,0.6946032643318176,0.743877112865448,0.7174185514450073,0.5864402651786804
4,0.7502154111862183,0.6467653512954712,0.7440476417541504,0.653488278388977
5,0.7841309905052185,0.5853738784790039,0.7832080125808716,0.46365928649902344
6,0.812171995639801,0.46286439895629883,0.8248746991157532,0.40751907229423523
7,0.8529019951820374,0.3450254201889038,0.8148496150970459,0.41655030846595764
8,0.8969217538833618,0.2432757019996643,0.8164160251617432,0.5320050716400146
9,0.9116472005844116,0.21175652742385864,0.8803257942199707,0.3022306561470032
10,0.9295840859413147,0.1760387122631073,0.896616518497467,0.27174970507621765
11,0.950340747833252,0.1308428794145584,0.878446102142334,0.33423131704330444
12,0.952768862247467,0.12590327858924866,0.9038220643997192,0.26253101229667664
13,0.9577034711837769,0.11320726573467255,0.9047619104385376,0.2416040301322937
14,0.9645962119102478,0.09346258640289307,0.8897243142127991,0.3935866951942444
15,0.9606015682220459,0.10360923409461975,0.9270049929618835,0.19178621470928192
16,0.9739171266555786,0.06909138709306717,0.9354636669158936,0.19722986221313477
17,0.973682165145874,0.06661362200975418,0.927318274974823,0.2360219955444336
18,0.9715673327445984,0.07940371334552765,0.9276315569877625,0.21070387959480286
19,0.9749353528022766,0.06997358798980713,0.9370300769805908,0.20633359253406525
20,0.9732121825218201,0.0750894844532013,0.9003759622573853,0.3314213454723358
21,0.9793217182159424,0.06331958621740341,0.905075192451477,0.29693278670310974
22,0.9742304086685181,0.07466813921928406,0.9251253008842468,0.2586963474750519
23,0.9810448884963989,0.049378957599401474,0.9313910007476807,0.23335163295269012
24,0.9826897382736206,0.04922712594270706,0.9097744226455688,0.3959253132343292
