epoch,accuracy,loss,val_accuracy,val_loss
0,0.7230320572853088,0.5752809643745422,0.7492711544036865,0.5771399140357971
1,0.8221574425697327,0.39343756437301636,0.795918345451355,0.5187976360321045
2,0.8330903649330139,0.3703509569168091,0.8075801730155945,0.4764210283756256
3,0.8440233469009399,0.3503999710083008,0.8075801730155945,0.44568511843681335
4,0.8440233469009399,0.3460831344127655,0.8163265585899353,0.4226992726325989
5,0.8542274236679077,0.32428792119026184,0.8250728845596313,0.4006724953651428
6,0.8593294620513916,0.3287927508354187,0.82798832654953,0.39078283309936523
7,0.8666180968284607,0.3048540949821472,0.8309037685394287,0.3809070587158203
8,0.8695335388183594,0.29692795872688293,0.8396501541137695,0.37669768929481506
9,0.8593294620513916,0.31199607253074646,0.8367347121238708,0.37252581119537354
10,0.8768221735954285,0.2745923697948456,0.8542274236679077,0.3712034821510315
11,0.8855684995651245,0.2833457887172699,0.8571428656578064,0.3680809736251831
12,0.8819242119789124,0.28177985548973083,0.8483964800834656,0.367210328578949
13,0.8797376155853271,0.28224530816078186,0.8483964800834656,0.3634653687477112
14,0.8804664611816406,0.27241092920303345,0.8338192701339722,0.3680136799812317
15,0.8797376155853271,0.27239200472831726,0.8367347121238708,0.36257854104042053
16,0.897230327129364,0.25869062542915344,0.8338192701339722,0.36221811175346375
