epoch,accuracy,loss,val_accuracy,val_loss
0,0.49253731966018677,0.7561163902282715,0.29411765933036804,1.7464596033096313
1,0.5373134613037109,1.118830680847168,0.5882353186607361,0.640236496925354
2,0.8059701323509216,0.40711647272109985,0.8235294222831726,0.5517266392707825
3,0.9701492786407471,0.31175607442855835,0.8823529481887817,0.5288257002830505
4,0.9850746393203735,0.2207663506269455,0.7647058963775635,0.5400576591491699
5,0.9850746393203735,0.147530198097229,0.8823529481887817,0.49909883737564087
6,0.9850746393203735,0.0832676887512207,0.8823529481887817,0.5872251391410828
7,1.0,0.04656171053647995,0.8823529481887817,0.6637305617332458
8,1.0,0.025577520951628685,0.8823529481887817,0.746658980846405
