epoch,accuracy,loss,val_accuracy,val_loss
0,0.44117647409439087,0.7200179100036621,0.6730769276618958,0.6498333811759949
1,0.7009803652763367,0.6151608228683472,0.6346153616905212,0.6191776990890503
2,0.7892156839370728,0.5050085783004761,0.6538461446762085,0.6063687801361084
3,0.8088235259056091,0.46055108308792114,0.6538461446762085,0.5983247756958008
4,0.8186274766921997,0.4200812578201294,0.6346153616905212,0.6032369136810303
5,0.8725489974021912,0.37135612964630127,0.6346153616905212,0.6217868328094482
