epoch,accuracy,loss,val_accuracy,val_loss
0,0.6122449040412903,0.6627185344696045,0.7692307829856873,0.5476226210594177
1,0.7551020383834839,0.5684053301811218,1.0,0.3943091928958893
2,0.8571428656578064,0.4386315643787384,1.0,0.263814777135849
3,0.7551020383834839,0.417348712682724,1.0,0.17226339876651764
4,0.7755101919174194,0.3830217123031616,1.0,0.12376055121421814
5,0.8979591727256775,0.2964440882205963,1.0,0.09389857947826385
6,0.8979591727256775,0.298328161239624,1.0,0.0704970434308052
