epoch,accuracy,loss,val_accuracy,val_loss
0,0.48121386766433716,0.7063560485839844,0.4450867176055908,0.7033467888832092
1,0.45809248089790344,0.7097697854042053,0.43352600932121277,0.7030470371246338
2,0.48121386766433716,0.7055919766426086,0.4450867176055908,0.7027849555015564
3,0.4754335284233093,0.7067546248435974,0.4450867176055908,0.70250004529953
4,0.4797687828540802,0.7040448784828186,0.42774567008018494,0.7022669315338135
5,0.4768786132335663,0.7059639096260071,0.42774567008018494,0.7020111083984375
