epoch,accuracy,loss,val_accuracy,val_loss
0,0.6917808055877686,0.6640257239341736,0.7567567825317383,0.4191255271434784
1,0.8767123222351074,0.4127996265888214,0.8918918967247009,0.3114311695098877
2,0.931506872177124,0.13490013778209686,0.8918918967247009,0.26964130997657776
3,0.9452054500579834,0.09023307263851166,0.8108108043670654,0.3400999903678894
4,0.9794520735740662,0.06092451512813568,0.8108108043670654,0.3997420072555542
5,0.9863013625144958,0.06387908011674881,0.8648648858070374,0.3083555996417999
6,0.965753436088562,0.08946003764867783,0.8918918967247009,0.2953189015388489
