epoch,accuracy,loss,val_accuracy,val_loss
0,0.5163430571556091,0.6938905715942383,0.5127701163291931,0.6920568346977234
1,0.560825765132904,0.6817129850387573,0.541257381439209,0.6894355416297913
2,0.5799950957298279,0.6757106781005859,0.5618860721588135,0.6875044703483582
3,0.5925288796424866,0.668968915939331,0.5756385326385498,0.6827542781829834
4,0.6126812696456909,0.6624615788459778,0.5844793915748596,0.6754273176193237
5,0.6222659349441528,0.6558324098587036,0.5834970474243164,0.6745057702064514
6,0.6325878500938416,0.6502447724342346,0.5893909335136414,0.6715684533119202
7,0.6421725153923035,0.6431520581245422,0.6001964807510376,0.6694005727767944
8,0.6414352655410767,0.6367207169532776,0.5962671637535095,0.6657367944717407
9,0.6483165621757507,0.6322661638259888,0.6031433939933777,0.6683779358863831
10,0.6522486805915833,0.6272070407867432,0.6001964807510376,0.6680732369422913
11,0.6606045961380005,0.6203433275222778,0.5962671637535095,0.672960638999939
12,0.6625706553459167,0.6157050728797913,0.6198428273200989,0.6607462167739868
13,0.6696977019309998,0.610665500164032,0.598231852054596,0.663705050945282
14,0.6692062020301819,0.606278121471405,0.5972495079040527,0.6673438549041748
15,0.6780535578727722,0.601091742515564,0.6208251714706421,0.6550351977348328
16,0.6849348545074463,0.5943378806114197,0.6139489412307739,0.6560378670692444
17,0.6859179139137268,0.5915611386299133,0.6129665970802307,0.656721830368042
