epoch,accuracy,loss,val_accuracy,val_loss
0,0.6581632494926453,1.0970340967178345,0.795918345451355,1.051572322845459
1,0.7448979616165161,0.6761205196380615,0.6734693646430969,2.4026176929473877
2,0.7602040767669678,0.4961305260658264,0.8367347121238708,1.6403743028640747
3,0.7551020383834839,0.5840117335319519,0.8367347121238708,1.4408859014511108
4,0.7704081535339355,0.5384158492088318,0.8163265585899353,1.550540804862976
5,0.8163265585899353,0.40664368867874146,0.795918345451355,1.622786521911621
6,0.8112244606018066,0.4546121060848236,0.7755101919174194,1.1858913898468018
7,0.7857142686843872,0.44689637422561646,0.795918345451355,0.8157447576522827
