epoch,accuracy,loss,val_accuracy,val_loss
0,0.5088323950767517,0.7064676284790039,0.5215146541595459,0.6916916966438293
1,0.521327018737793,0.7017480134963989,0.5197934508323669,0.6916988492012024
2,0.5002154111862183,0.7091102600097656,0.5197934508323669,0.6917014718055725
3,0.5196036100387573,0.7024806141853333,0.5215146541595459,0.6917032599449158
4,0.5006462931632996,0.7057191729545593,0.5215146541595459,0.6917080283164978
5,0.5109866261482239,0.7047767043113708,0.5215146541595459,0.6917091012001038
