epoch,accuracy,loss,val_accuracy,val_loss
0,0.8085339069366455,0.4394456744194031,0.7947598099708557,0.5067927241325378
1,0.9037199020385742,0.22343571484088898,0.847161591053009,0.46711045503616333
2,0.9398249387741089,0.15898412466049194,0.847161591053009,0.4150933623313904
3,0.9606127142906189,0.11994967609643936,0.864628791809082,0.3911050260066986
4,0.9803063273429871,0.08746391534805298,0.8602620363235474,0.35962730646133423
5,0.9901531934738159,0.06506673246622086,0.864628791809082,0.3223074972629547
6,0.9868708848953247,0.06938188523054123,0.8558952212333679,0.3424890637397766
7,0.9912472367286682,0.05268809199333191,0.8558952212333679,0.2976875901222229
8,0.9934354424476624,0.04208148643374443,0.8602620363235474,0.2803061008453369
