epoch,accuracy,loss,val_accuracy,val_loss
0,0.7614879608154297,0.4823230803012848,0.7860261797904968,0.5324750542640686
1,0.9015317559242249,0.23855745792388916,0.8777292370796204,0.5013291239738464
2,0.9376367330551147,0.16974739730358124,0.8864628672599792,0.4673479199409485
3,0.9584245085716248,0.13237760961055756,0.8777292370796204,0.4349434971809387
4,0.9737417697906494,0.10099700838327408,0.8820960521697998,0.4018858075141907
5,0.9912472367286682,0.0700358897447586,0.8777292370796204,0.3763616681098938
6,0.9879649877548218,0.0647260993719101,0.8689956068992615,0.35965028405189514
7,0.9923413395881653,0.053238097578287125,0.8777292370796204,0.3269602656364441
