epoch,accuracy,loss,val_accuracy,val_loss
0,0.5110184550285339,1.0502674579620361,0.5420634746551514,0.6853510141372681
1,0.5374230742454529,0.8957820534706116,0.5801587104797363,0.6759222745895386
2,0.5368275046348572,0.843692421913147,0.541269838809967,0.7092902064323425
3,0.5451657772064209,0.810555100440979,0.60317462682724,0.6616402268409729
4,0.5570776462554932,0.7559829950332642,0.5952380895614624,0.6598591804504395
5,0.5634306073188782,0.7375675439834595,0.5952380895614624,0.6543228030204773
6,0.5743498206138611,0.7204514741897583,0.5904762148857117,0.6607133746147156
7,0.5745483636856079,0.697020411491394,0.591269850730896,0.6536365747451782
8,0.5969823598861694,0.6897870898246765,0.6015872955322266,0.6474826335906982
