epoch,accuracy,loss,val_accuracy,val_loss
0,0.4545454680919647,1.2112674713134766,0.47058823704719543,0.6821388602256775
1,0.6212121248245239,0.8709537982940674,0.7647058963775635,0.6755045652389526
2,0.6212121248245239,0.9267027974128723,0.6470588445663452,0.6710545420646667
3,0.5909090638160706,0.8371759057044983,0.5882353186607361,0.6695636510848999
4,0.560606062412262,0.8717021942138672,0.5882353186607361,0.6659943461418152
5,0.6212121248245239,0.8687348961830139,0.5882353186607361,0.6622638702392578
6,0.8030303120613098,0.5013132095336914,0.5882353186607361,0.6572976112365723
