epoch,accuracy,loss,val_accuracy,val_loss
0,0.8500646948814392,0.37695732712745667,0.870274543762207,0.3065173327922821
1,0.8686698079109192,0.31011930108070374,0.8710704445838928,0.29738566279411316
2,0.8888667821884155,0.27133458852767944,0.9048945307731628,0.23974382877349854
3,0.900507390499115,0.2451089471578598,0.908475935459137,0.21630917489528656
4,0.9162272214889526,0.22106461226940155,0.9021090269088745,0.24090437591075897
5,0.9248830676078796,0.1886267066001892,0.9052924513816833,0.2457970231771469
6,0.9380161166191101,0.16199010610580444,0.9212096929550171,0.19858700037002563
7,0.9429907202720642,0.1419084668159485,0.9251890182495117,0.1964503526687622
8,0.9528405070304871,0.12589989602565765,0.9196180105209351,0.24393650889396667
9,0.9573176503181458,0.10993731766939163,0.9295662641525269,0.18512645363807678
10,0.9604019522666931,0.10520739108324051,0.9180262684822083,0.23261314630508423
11,0.9675654172897339,0.08355175703763962,0.9267807602882385,0.22181878983974457
12,0.9721421003341675,0.07483098655939102,0.9359331727027893,0.19230422377586365
13,0.9770172238349915,0.061062708497047424,0.9359331727027893,0.1980120688676834
14,0.9743309020996094,0.07146509736776352,0.9383207559585571,0.21164435148239136
15,0.9756243228912354,0.07096043229103088,0.940708339214325,0.18058672547340393
16,0.9793055653572083,0.059030402451753616,0.9327496886253357,0.23629002273082733
17,0.986270010471344,0.035973068326711655,0.9458814263343811,0.18692892789840698
18,0.9843796491622925,0.04696930572390556,0.9208117723464966,0.3160623013973236
19,0.9772161841392517,0.06768994778394699,0.9383207559585571,0.27246835827827454
20,0.9834842085838318,0.054760102182626724,0.9462793469429016,0.231993168592453
21,0.9918416142463684,0.02993069402873516,0.9486669301986694,0.18683290481567383
22,0.9931350350379944,0.021616950631141663,0.9534420967102051,0.19681191444396973
23,0.9745299220085144,0.07907821983098984,0.9208117723464966,0.31249651312828064
24,0.9773156642913818,0.06670434027910233,0.9359331727027893,0.25929898023605347
25,0.9931350350379944,0.02067865990102291,0.9526462554931641,0.22080668807029724
26,0.9964182376861572,0.012105166912078857,0.9442896842956543,0.25492215156555176
27,0.988856852054596,0.03510455787181854,0.9446876049041748,0.2704794108867645
