epoch,accuracy,loss,val_accuracy,val_loss
0,0.5195289850234985,0.9483538269996643,0.5640436410903931,0.7713083028793335
1,0.5598793625831604,0.858359158039093,0.5864445567131042,0.7034845352172852
2,0.5799827575683594,0.7938956022262573,0.6008041501045227,0.7140569090843201
3,0.6140149235725403,0.7832528948783875,0.549109697341919,1.4785218238830566
4,0.6316772103309631,0.7829165458679199,0.658242404460907,0.6299222707748413
5,0.6667145490646362,0.73459392786026,0.6766226291656494,1.0427701473236084
6,0.6994543075561523,0.7049793601036072,0.7128087282180786,0.552943229675293
7,0.727311909198761,0.6835834383964539,0.7329121232032776,0.6743824481964111
8,0.7617748379707336,0.6482588648796082,0.7076392769813538,0.6415271759033203
9,0.7863296866416931,0.5885304808616638,0.7185525298118591,0.6266189813613892
10,0.8173463344573975,0.515501856803894,0.8156232237815857,0.46776044368743896
11,0.8486502170562744,0.42336714267730713,0.7673750519752502,0.623938262462616
12,0.8701895475387573,0.3336508274078369,0.8150488138198853,0.47814318537712097
13,0.9059448838233948,0.23651795089244843,0.8340034484863281,0.4505061209201813
14,0.9300689101219177,0.17305850982666016,0.8541068434715271,0.38310837745666504
15,0.9504594802856445,0.13292817771434784,0.8305571675300598,0.4582657516002655
16,0.9569213390350342,0.11022781580686569,0.8828259706497192,0.350751668214798
17,0.9618035554885864,0.10209837555885315,0.8638713359832764,0.4443325102329254
18,0.9671165943145752,0.08809708803892136,0.8374497294425964,0.6079453825950623
19,0.9735783934593201,0.06890258193016052,0.8742102384567261,0.4569529891014099
20,0.9757323265075684,0.06885097920894623,0.8443423509597778,0.6468254923820496
21,0.9675473570823669,0.08677998185157776,0.8575531244277954,0.463265597820282
