epoch,accuracy,loss,val_accuracy,val_loss
0,0.518126904964447,1.0110236406326294,0.5722891688346863,0.6785381436347961
1,0.555891215801239,0.898075520992279,0.4879518151283264,0.6939926147460938
2,0.5060423016548157,0.953519880771637,0.5,0.6943433284759521
3,0.5317220687866211,0.9202027320861816,0.5,0.6971774101257324
4,0.5211480259895325,0.9403523206710815,0.4819277226924896,0.6978798508644104
5,0.5634441375732422,0.8306888341903687,0.4939759075641632,0.7010166645050049
