epoch,accuracy,loss,val_accuracy,val_loss
0,0.550561785697937,1.0806684494018555,0.5111111402511597,0.8616618514060974
1,0.5561797618865967,1.1209355592727661,0.4888888895511627,0.8499701619148254
2,0.43820226192474365,1.447500467300415,0.4444444477558136,0.8458776473999023
3,0.47752809524536133,1.3929524421691895,0.42222222685813904,0.8479989171028137
4,0.49438202381134033,1.4324672222137451,0.42222222685813904,0.8513894081115723
5,0.4438202381134033,1.4336429834365845,0.4000000059604645,0.8565468788146973
