epoch,accuracy,loss,val_accuracy,val_loss
0,0.447761207818985,2.15572190284729,0.6470588445663452,1.8949612379074097
1,0.5074626803398132,2.053957939147949,0.7647058963775635,0.6512359976768494
2,0.611940324306488,0.7059544324874878,0.3529411852359772,0.7152818441390991
3,0.5223880410194397,0.6862733960151672,0.3529411852359772,0.7264395952224731
4,0.5074626803398132,0.6878848075866699,0.3529411852359772,0.740938663482666
5,0.5074626803398132,0.6700520515441895,0.3529411852359772,0.8245787620544434
6,0.5074626803398132,0.657239556312561,0.3529411852359772,1.0201947689056396
