epoch,accuracy,loss,val_accuracy,val_loss
0,0.8521870374679565,0.36953482031822205,0.8765060305595398,0.33591440320014954
1,0.8876319527626038,0.2570842206478119,0.9066265225410461,0.28288644552230835
2,0.9170437455177307,0.23101678490638733,0.8945783376693726,0.27605339884757996
3,0.918552041053772,0.2055559754371643,0.8704819083213806,0.35520774126052856
4,0.9343891143798828,0.19428543746471405,0.8855421543121338,0.282627671957016
5,0.9087480902671814,0.26074492931365967,0.891566276550293,0.25868722796440125
6,0.9351432919502258,0.16895078122615814,0.900602400302887,0.3105233907699585
