epoch,accuracy,loss,val_accuracy,val_loss
0,0.8137540817260742,0.4451565444469452,0.8643326163291931,0.32600122690200806
1,0.8515140414237976,0.34384024143218994,0.8672502040863037,0.29069268703460693
2,0.866472065448761,0.3238755464553833,0.8913202285766602,0.2546345293521881
3,0.8774170279502869,0.2957132160663605,0.9102844595909119,0.24606870114803314
4,0.880153238773346,0.28332066535949707,0.8832968473434448,0.2626400291919708
5,0.8956584930419922,0.2620009779930115,0.8730853199958801,0.2913486063480377
6,0.9040496349334717,0.22824737429618835,0.8905907869338989,0.25118958950042725
7,0.9146296977996826,0.21718637645244598,0.8920496106147766,0.26240450143814087
8,0.925392210483551,0.18423579633235931,0.889132022857666,0.2593090534210205
