epoch,accuracy,loss,val_accuracy,val_loss
0,0.7836281657218933,0.44864359498023987,0.8898026347160339,0.2641039788722992
1,0.9016865491867065,0.23570109903812408,0.9226973652839661,0.2182425707578659
2,0.9127930998802185,0.22639910876750946,0.9210526347160339,0.22264206409454346
3,0.9243109822273254,0.20137207210063934,0.9226973652839661,0.1973605901002884
4,0.933360755443573,0.1717725396156311,0.9259868264198303,0.19955050945281982
5,0.9403537511825562,0.1634899526834488,0.9358552694320679,0.18753957748413086
6,0.9489921927452087,0.1484784483909607,0.9342105388641357,0.17312189936637878
7,0.9448786377906799,0.14981283247470856,0.9424341917037964,0.17857077717781067
8,0.9559851884841919,0.13528232276439667,0.9407894611358643,0.16125307977199554
9,0.9613327980041504,0.10923109948635101,0.9358552694320679,0.16014917194843292
10,0.9646236300468445,0.10371726006269455,0.9375,0.1615132838487625
11,0.9621555209159851,0.10764343291521072,0.9457237124443054,0.16389694809913635
12,0.9732620120048523,0.08545799553394318,0.9572368264198303,0.12486731261014938
13,0.9777868986129761,0.0761902779340744,0.9473684430122375,0.12986862659454346
14,0.9839572310447693,0.06085068732500076,0.9555920958518982,0.12884271144866943
15,0.9798436760902405,0.07358910143375397,0.9523026347160339,0.13923339545726776
16,0.984779953956604,0.057707447558641434,0.96875,0.09971914440393448
17,0.9917729496955872,0.040131017565727234,0.9621710777282715,0.13715669512748718
18,0.985191285610199,0.053148187696933746,0.9654605388641357,0.10955826938152313
19,0.9876593947410583,0.03844344988465309,0.9605262875556946,0.1314212828874588
20,0.9934183359146118,0.026247616857290268,0.9703947305679321,0.10529598593711853
21,0.9975318908691406,0.01815423183143139,0.9720394611358643,0.09462826699018478
22,0.9958864450454712,0.017639590427279472,0.9654605388641357,0.10773374885320663
23,0.9777868986129761,0.06058119609951973,0.9588815569877625,0.1647760570049286
24,0.9901275038719177,0.03020002692937851,0.9671052694320679,0.1034926101565361
25,0.9958864450454712,0.013601473532617092,0.9539473652839661,0.15872006118297577
26,0.9975318908691406,0.011353626847267151,0.9703947305679321,0.08457539230585098
