epoch,accuracy,loss,val_accuracy,val_loss
0,0.5149708390235901,0.7168618440628052,0.5384409427642822,0.6988199353218079
1,0.5376783609390259,0.6971209049224854,0.5574604868888855,0.6857930421829224
2,0.564069926738739,0.6856239438056946,0.5920171737670898,0.671721875667572
3,0.5824904441833496,0.6745738387107849,0.595499575138092,0.6819778084754944
4,0.5993033647537231,0.6628457307815552,0.6190731525421143,0.6592864394187927
5,0.6216759085655212,0.6455331444740295,0.6372890472412109,0.6345555782318115
6,0.6427088379859924,0.6286365985870361,0.6439860463142395,0.6245564818382263
7,0.6581150889396667,0.6116407513618469,0.6697026491165161,0.5999058485031128
8,0.677406370639801,0.5938197374343872,0.6721135973930359,0.5979525446891785
9,0.6879228353500366,0.5790647268295288,0.6868470311164856,0.5922473073005676
10,0.7064103484153748,0.5614113211631775,0.6817572712898254,0.5713638663291931
11,0.7166588306427002,0.5408614873886108,0.6788105964660645,0.6168878078460693
12,0.7348114252090454,0.5246109366416931,0.7034556865692139,0.5546980500221252
13,0.7490789890289307,0.5016982555389404,0.7165818214416504,0.5636933445930481
14,0.7606671452522278,0.4840984046459198,0.707473874092102,0.5744045376777649
15,0.7746667265892029,0.46182647347450256,0.720332145690918,0.5634713768959045
16,0.783307671546936,0.44424957036972046,0.7168497443199158,0.5581797361373901
17,0.7992497682571411,0.4265439212322235,0.7259576916694641,0.5423390865325928
18,0.8111729025840759,0.40494999289512634,0.7339941263198853,0.547581136226654
19,0.8128474950790405,0.3941391706466675,0.738280177116394,0.5543811917304993
20,0.8325406908988953,0.36719009280204773,0.7460487484931946,0.5632202625274658
21,0.8376984596252441,0.3559064269065857,0.7409589886665344,0.5673826336860657
22,0.8510951995849609,0.33682143688201904,0.749263346195221,0.5607872009277344
23,0.8544443845748901,0.3297555446624756,0.7409589886665344,0.6075975298881531
24,0.859133243560791,0.3194488286972046,0.7436378002166748,0.5962028503417969
25,0.8666353821754456,0.30046480894088745,0.749263346195221,0.5971701741218567
26,0.8768839240074158,0.2874464988708496,0.7484596967697144,0.6189901828765869
27,0.8819077014923096,0.2745220363140106,0.7414947748184204,0.6262099146842957
