epoch,accuracy,loss,val_accuracy,val_loss
0,0.5320512652397156,0.6903173327445984,0.482051283121109,0.6964291930198669
1,0.5166666507720947,0.6961565017700195,0.4871794879436493,0.6965163946151733
2,0.5269230604171753,0.6933974027633667,0.482051283121109,0.6964356303215027
3,0.5461538434028625,0.6881476640701294,0.4769230782985687,0.6966946125030518
4,0.5294871926307678,0.6983941197395325,0.4769230782985687,0.6969006657600403
5,0.5346153974533081,0.6953803300857544,0.4769230782985687,0.6972052454948425
6,0.5269230604171753,0.6949753761291504,0.4769230782985687,0.6971085667610168
