epoch,accuracy,loss,val_accuracy,val_loss
0,0.4791666567325592,0.7034463882446289,0.5384615659713745,0.6783548593521118
1,0.625,0.6670172810554504,0.6153846383094788,0.668244481086731
2,0.75,0.637246310710907,0.6153846383094788,0.658824622631073
3,0.7916666865348816,0.6001734137535095,0.692307710647583,0.6493756771087646
4,0.8125,0.5887208580970764,0.692307710647583,0.6364220976829529
5,0.8333333134651184,0.5433890223503113,0.692307710647583,0.6201045513153076
6,0.8333333134651184,0.5149535536766052,0.6153846383094788,0.600922703742981
7,0.875,0.49579057097435,0.6153846383094788,0.5770755410194397
8,0.8125,0.46546316146850586,0.6153846383094788,0.5519713163375854
