epoch,accuracy,loss,val_accuracy,val_loss
0,0.5399454236030579,0.6909381747245789,0.5633187890052795,0.6835812330245972
1,0.569608747959137,0.676742434501648,0.5836972594261169,0.6751163601875305
2,0.5888990163803101,0.6686602234840393,0.5538573265075684,0.6771765947341919
3,0.5956323742866516,0.6647264361381531,0.5953420400619507,0.6662269234657288
4,0.6043676137924194,0.6596145629882812,0.5866084694862366,0.6671525835990906
5,0.6038216352462769,0.6583690047264099,0.5931586623191833,0.6643093228340149
6,0.615104615688324,0.6550904512405396,0.5873362421989441,0.6662823557853699
7,0.6147406697273254,0.6537700891494751,0.5880640745162964,0.6635748147964478
8,0.6211100816726685,0.6513482332229614,0.5902474522590637,0.6633687615394592
