epoch,accuracy,loss,val_accuracy,val_loss
0,0.508963942527771,0.9692063331604004,0.5177358388900757,0.794045090675354
1,0.5025476217269897,0.9520511031150818,0.5184905529022217,0.781921923160553
2,0.504623532295227,0.9679722189903259,0.5199999809265137,0.7701879143714905
3,0.508963942527771,0.9359310269355774,0.5215094089508057,0.7602227926254272
4,0.5053783655166626,0.9230932593345642,0.5199999809265137,0.7518072128295898
5,0.5044348239898682,0.9169661998748779,0.5169811248779297,0.7441838979721069
6,0.5048122406005859,0.9067152738571167,0.5177358388900757,0.7369943261146545
7,0.5142479538917542,0.8867145776748657,0.5184905529022217,0.7312787175178528
8,0.5048122406005859,0.8775362968444824,0.5222641229629517,0.7267613410949707
