epoch,accuracy,loss,val_accuracy,val_loss
0,0.5754716992378235,0.6150436997413635,0.8148148059844971,0.4632224440574646
1,0.9245283007621765,0.3153178095817566,0.9259259104728699,0.26232972741127014
2,0.9528301954269409,0.1441749781370163,0.8888888955116272,0.3043786585330963
3,0.9528301954269409,0.09787768125534058,0.8888888955116272,0.36260131001472473
4,0.9811320900917053,0.051067035645246506,0.9259259104728699,0.38348445296287537
5,0.9905660152435303,0.04783785715699196,0.8518518805503845,0.3883730471134186
6,0.9811320900917053,0.029792863875627518,0.8518518805503845,0.4697006344795227
