epoch,accuracy,loss,val_accuracy,val_loss
0,0.50368732213974,1.295362114906311,0.5110456347465515,0.7044227123260498
1,0.5033186078071594,1.2681373357772827,0.5110456347465515,0.7183107733726501
2,0.49225664138793945,1.2623498439788818,0.5066273808479309,0.7390657067298889
3,0.4907817244529724,1.2600524425506592,0.5051546096801758,0.7679395079612732
4,0.49262535572052,1.250510811805725,0.508100152015686,0.7913638353347778
5,0.5018436312675476,1.229803204536438,0.508100152015686,0.8096365332603455
