epoch,accuracy,loss,val_accuracy,val_loss
0,0.49872124195098877,0.6987095475196838,0.7448979616165161,0.6447145342826843
1,0.7135549783706665,0.5874142646789551,0.795918345451355,0.5202454924583435
2,0.7570332288742065,0.48830386996269226,0.7653061151504517,0.44734373688697815
3,0.790281355381012,0.4513050317764282,0.7755101919174194,0.424340158700943
4,0.782608687877655,0.40783557295799255,0.7857142686843872,0.4053479731082916
5,0.7928388714790344,0.4020056128501892,0.7857142686843872,0.3938184976577759
6,0.8286445140838623,0.37023070454597473,0.7857142686843872,0.38005906343460083
