epoch,accuracy,loss,val_accuracy,val_loss
0,0.8438805937767029,0.3823973536491394,0.8730601072311401,0.30480143427848816
1,0.8638805747032166,0.3288991451263428,0.8794269561767578,0.32373619079589844
2,0.8828855752944946,0.29169392585754395,0.8774373531341553,0.33619168400764465
3,0.8870646953582764,0.2738989293575287,0.8861917853355408,0.31399068236351013
4,0.8959203958511353,0.27344757318496704,0.8933545351028442,0.2914234399795532
5,0.9011940360069275,0.2439114898443222,0.8945483565330505,0.26392045617103577
6,0.906865656375885,0.23282824456691742,0.9044966101646423,0.2948474884033203
7,0.9136318564414978,0.22904203832149506,0.9001193642616272,0.31482431292533875
8,0.9195024967193604,0.21019189059734344,0.9040986895561218,0.26614493131637573
9,0.923283576965332,0.2103595733642578,0.9021090269088745,0.28150758147239685
10,0.9192039966583252,0.20858332514762878,0.9172304272651672,0.2816970646381378
11,0.9335323572158813,0.1720854938030243,0.8917628526687622,0.3215370774269104
12,0.9267661571502686,0.20915056765079498,0.9160366058349609,0.25319960713386536
13,0.9356219172477722,0.1702810376882553,0.9208117723464966,0.2503305971622467
14,0.9380099773406982,0.15468361973762512,0.9088738560676575,0.28983357548713684
15,0.9426865577697754,0.15216310322284698,0.9259848594665527,0.25036436319351196
16,0.9495522379875183,0.14017705619335175,0.9060883522033691,0.2786393463611603
17,0.9365174174308777,0.18333984911441803,0.8889772891998291,0.31968429684638977
18,0.9360198974609375,0.18263044953346252,0.9080780148506165,0.26661866903305054
19,0.9417910575866699,0.16271138191223145,0.9104655981063843,0.35008442401885986
20,0.9604974985122681,0.10876955837011337,0.9367290139198303,0.2727697193622589
21,0.9612935185432434,0.1016361266374588,0.9359331727027893,0.28458088636398315
22,0.9665671586990356,0.08671732246875763,0.9323517680168152,0.25748440623283386
23,0.9548258781433105,0.13110657036304474,0.9287704229354858,0.28473392128944397
24,0.9571143984794617,0.11527161300182343,0.9140469431877136,0.38551968336105347
25,0.9501492381095886,0.16376462578773499,0.9176283478736877,0.33183351159095764
