epoch,accuracy,loss,val_accuracy,val_loss
0,0.7805429697036743,0.5629180073738098,0.8288288116455078,0.4334014356136322
1,0.8846153616905212,0.28528815507888794,0.8648648858070374,0.37897610664367676
2,0.9027149081230164,0.21169249713420868,0.8738738894462585,0.383693665266037
3,0.9208144545555115,0.1749182790517807,0.9009009003639221,0.3675243854522705
4,0.9343891143798828,0.14593346416950226,0.9009009003639221,0.36946868896484375
5,0.9411764740943909,0.12764137983322144,0.9009009003639221,0.3797450661659241
6,0.9547511339187622,0.11043471843004227,0.9009009003639221,0.3833223581314087
7,0.9615384340286255,0.09141500294208527,0.8828828930854797,0.4424554407596588
8,0.9683257937431335,0.08315081894397736,0.9009009003639221,0.42076873779296875
