epoch,accuracy,loss,val_accuracy,val_loss
0,0.5045503973960876,1.0700112581253052,0.528384268283844,0.9004674553871155
1,0.5431379675865173,0.7928786277770996,0.5429403185844421,0.7138515710830688
2,0.5839096903800964,0.7021097540855408,0.5720524191856384,0.7144655585289001
3,0.6221332550048828,0.6674665808677673,0.5997088551521301,0.6612861752510071
4,0.6428831219673157,0.6333135366439819,0.6128093004226685,0.6839649081230164
5,0.6592646241188049,0.6200514435768127,0.6404657959938049,0.6379145979881287
6,0.668365478515625,0.6029243469238281,0.6346433758735657,0.6460288763046265
7,0.7004004120826721,0.5548821091651917,0.6404657959938049,0.6694679856300354
8,0.7262468338012695,0.5386370420455933,0.6506550312042236,0.6555232405662537
9,0.7331634759902954,0.5147717595100403,0.6288209557533264,0.6665160059928894
10,0.7579177021980286,0.4824548065662384,0.6797671318054199,0.6951112151145935
11,0.7739351987838745,0.4517083764076233,0.6652110815048218,0.6922398805618286
12,0.8012377023696899,0.41702449321746826,0.6346433758735657,0.8720688223838806
13,0.8198034167289734,0.3789183497428894,0.6622998714447021,0.7218124866485596
14,0.8248999118804932,0.35361188650131226,0.6608442664146423,0.7362450361251831
15,0.8613032102584839,0.32139500975608826,0.7059679627418518,0.7914012670516968
16,0.8634874224662781,0.29470083117485046,0.6783115267753601,0.801997184753418
17,0.8660356998443604,0.2920922338962555,0.6754003167152405,0.8882836103439331
18,0.888241708278656,0.2576611638069153,0.6928675174713135,0.8885078430175781
19,0.8951583504676819,0.23304244875907898,0.6841338872909546,0.9090241193771362
20,0.9068074226379395,0.23353897035121918,0.6826782822608948,0.9799851179122925
