epoch,accuracy,loss,val_accuracy,val_loss
0,0.6058751344680786,0.7643947601318359,0.6585366129875183,0.6583405137062073
1,0.7148102521896362,0.5178878903388977,0.49268293380737305,0.6846430897712708
2,0.8115054965019226,0.43185722827911377,0.502439022064209,0.6774850487709045
3,0.8604651093482971,0.35296258330345154,0.46341463923454285,0.6971653699874878
4,0.8702570199966431,0.3316512107849121,0.46341463923454285,0.7050626277923584
5,0.8824969530105591,0.29585739970207214,0.47804877161979675,0.7166876196861267
