epoch,accuracy,loss,val_accuracy,val_loss
0,0.5528219938278198,0.8346580862998962,0.5838150382041931,0.7481358647346497
1,0.6418234705924988,0.6583095788955688,0.6589595079421997,0.6097650527954102
2,0.7163531184196472,0.58250892162323,0.7052023410797119,0.5766908526420593
3,0.715629518032074,0.5879464745521545,0.6994219422340393,0.6061839461326599
4,0.7329956293106079,0.5389559268951416,0.6849710941314697,0.6616239547729492
5,0.7858176827430725,0.4614095687866211,0.6820809245109558,0.657014012336731
6,0.8075253367424011,0.4305879771709442,0.6705202460289001,0.6495963931083679
7,0.8277857899665833,0.39630183577537537,0.6965317726135254,0.6789316534996033
