epoch,accuracy,loss,val_accuracy,val_loss
0,0.47058823704719543,0.7206211686134338,0.36666667461395264,0.7607853412628174
1,0.48179271817207336,0.7144111394882202,0.35555556416511536,0.7552695274353027
2,0.4901960790157318,0.7089025378227234,0.3888888955116272,0.7507084608078003
3,0.5014005899429321,0.7035309672355652,0.3777777850627899,0.7461203932762146
4,0.518207311630249,0.6987178325653076,0.36666667461395264,0.7411318421363831
5,0.5434173941612244,0.6939957141876221,0.3777777850627899,0.7371287941932678
6,0.5546218752861023,0.6899304389953613,0.3777777850627899,0.7328172326087952
7,0.5574229955673218,0.6859906911849976,0.36666667461395264,0.729387640953064
