epoch,accuracy,loss,val_accuracy,val_loss
0,0.5188164114952087,0.8310348987579346,0.5074626803398132,0.9265004396438599
1,0.5670784115791321,0.7104079127311707,0.6073479056358337,0.6458609700202942
2,0.6259695291519165,0.6539700031280518,0.6245694756507874,0.6528578996658325
3,0.6581442356109619,0.6271301507949829,0.6073479056358337,0.7219419479370117
4,0.6799769997596741,0.6125024557113647,0.6050516366958618,0.7234947681427002
5,0.7061189413070679,0.5630186796188354,0.5981630086898804,0.7049184441566467
6,0.7426027059555054,0.5198062658309937,0.6624569296836853,0.6405961513519287
7,0.7572536468505859,0.48744726181030273,0.6796785593032837,0.6866256594657898
8,0.7948865294456482,0.43018782138824463,0.649827778339386,0.7223087549209595
9,0.8353921175003052,0.36488261818885803,0.6716417670249939,0.7650071382522583
10,0.8730250000953674,0.306576132774353,0.6888633966445923,0.8336803317070007
11,0.8957196474075317,0.23794732987880707,0.692307710647583,0.7769826054573059
12,0.9221488237380981,0.19443747401237488,0.6750860810279846,1.0516334772109985
13,0.9333524703979492,0.16568352282047272,0.6716417670249939,1.035096526145935
14,0.9528871178627014,0.12163146585226059,0.6957520246505737,1.0448671579360962
15,0.9569089412689209,0.11163709312677383,0.6957520246505737,1.2772562503814697
16,0.9620798826217651,0.09294910728931427,0.692307710647583,1.2613483667373657
17,0.9732835292816162,0.06923507899045944,0.6854190826416016,1.1251212358474731
18,0.9821889996528625,0.05922037363052368,0.7037887573242188,1.3518259525299072
19,0.9727090001106262,0.07414854317903519,0.7152698040008545,1.1777305603027344
20,0.9847744703292847,0.04395077005028725,0.700344443321228,1.2593646049499512
21,0.9821889996528625,0.049402203410863876,0.7244546413421631,1.2285250425338745
22,0.9853490591049194,0.04585358127951622,0.6865671873092651,1.3415616750717163
23,0.9821889996528625,0.052839167416095734,0.6957520246505737,1.4140172004699707
24,0.9764435291290283,0.06292282044887543,0.6831228733062744,1.3613802194595337
25,0.9827635884284973,0.048093076795339584,0.7072330713272095,1.4382637739181519
26,0.9873599410057068,0.03707457333803177,0.7037887573242188,1.3758586645126343
