epoch,accuracy,loss,val_accuracy,val_loss
0,0.6122449040412903,0.8609710335731506,0.7142857313156128,0.5623398423194885
1,0.7704081535339355,0.5280993580818176,0.6938775777816772,0.6408641934394836
2,0.7346938848495483,0.49887025356292725,0.6326530575752258,0.9556834697723389
3,0.7857142686843872,0.43137508630752563,0.6734693646430969,1.0511938333511353
4,0.8010203838348389,0.36585530638694763,0.6734693646430969,0.9320214986801147
5,0.8163265585899353,0.38781243562698364,0.7142857313156128,0.7955169677734375
