epoch,accuracy,loss,val_accuracy,val_loss
0,0.4979591965675354,0.7084794044494629,0.5483871102333069,0.691540002822876
1,0.4897959232330322,0.7107091546058655,0.5483871102333069,0.6913958191871643
2,0.47755101323127747,0.7132481336593628,0.5645161271095276,0.6912717223167419
3,0.5020408034324646,0.704643964767456,0.5645161271095276,0.6911495923995972
4,0.40408164262771606,0.7339959144592285,0.5645161271095276,0.6910275816917419
5,0.4979591965675354,0.71697598695755,0.5645161271095276,0.690904438495636
6,0.5061224699020386,0.697652280330658,0.5645161271095276,0.6908035278320312
7,0.4285714328289032,0.723710298538208,0.5645161271095276,0.6906829476356506
