epoch,accuracy,loss,val_accuracy,val_loss
0,0.6632652878761292,0.6587267518043518,0.6938775777816772,0.5724448561668396
1,0.8163265585899353,0.43568500876426697,0.8367347121238708,0.4852913022041321
2,0.7704081535339355,0.45357629656791687,0.7551020383834839,0.4600120484828949
3,0.8775510191917419,0.2959410846233368,0.7755101919174194,0.50374436378479
4,0.8673469424247742,0.2665831446647644,0.7755101919174194,0.5692591667175293
5,0.8826530575752258,0.24930958449840546,0.7755101919174194,0.4801218807697296
6,0.9285714030265808,0.16719511151313782,0.8163265585899353,0.5772853493690491
