epoch,accuracy,loss,val_accuracy,val_loss
0,0.8152634501457214,0.49647021293640137,0.8983050584793091,0.5298374891281128
1,0.8582677245140076,0.35565444827079773,0.9104115962982178,0.27759137749671936
2,0.8927922248840332,0.269209623336792,0.8571428656578064,0.3515018820762634
3,0.902483344078064,0.23453399538993835,0.8958837985992432,0.22927913069725037
4,0.9055117964744568,0.20726417005062103,0.9370459914207458,0.2019447386264801
5,0.9364022016525269,0.1606990247964859,0.9467312097549438,0.13425153493881226
6,0.9473046660423279,0.12716792523860931,0.9394673109054565,0.12642545998096466
7,0.9424591064453125,0.14397969841957092,0.9079903364181519,0.4183046519756317
8,0.94306480884552,0.15189461410045624,0.9152542352676392,0.26893582940101624
9,0.9267110824584961,0.19818028807640076,0.9612590670585632,0.1180359423160553
10,0.9600242376327515,0.1065889447927475,0.9661017060279846,0.0865749716758728
11,0.9666868448257446,0.09681805223226547,0.9661017060279846,0.1033134013414383
12,0.9618412852287292,0.09762696921825409,0.9539951682090759,0.11228939145803452
13,0.9545729756355286,0.13166937232017517,0.9394673109054565,0.15189367532730103
14,0.9345850944519043,0.186702698469162,0.9709442853927612,0.09358015656471252
15,0.9757722616195679,0.06794057786464691,0.9394673109054565,0.15552543103694916
16,0.9781950116157532,0.05594811215996742,0.9757869243621826,0.07084992527961731
17,0.9721381068229675,0.0770009458065033,0.9757869243621826,0.0765223503112793
18,0.970320999622345,0.0916377604007721,0.9636803865432739,0.12180837988853455
19,0.9618412852287292,0.09319411963224411,0.9612590670585632,0.11189490556716919
20,0.972743809223175,0.0808974876999855,0.9661017060279846,0.1122572273015976
21,0.9769836664199829,0.06678754091262817,0.9733656048774719,0.06786451488733292
