epoch,accuracy,loss,val_accuracy,val_loss
0,0.5227836966514587,0.8387660980224609,0.5438666343688965,0.6814557313919067
1,0.5462126731872559,0.714004635810852,0.5784041285514832,0.6756533980369568
2,0.572719156742096,0.6810511350631714,0.6010321378707886,0.6647238731384277
3,0.5913829207420349,0.6676501035690308,0.6109567284584045,0.6537453532218933
4,0.615903913974762,0.6577057242393494,0.6073839068412781,0.6527882218360901
5,0.6150104403495789,0.6531447768211365,0.6371576189994812,0.6420724987983704
6,0.6349647641181946,0.6371802091598511,0.6419214010238647,0.6344233751296997
7,0.6478705406188965,0.6285852789878845,0.6327908039093018,0.6332326531410217
8,0.6557133197784424,0.6150871515274048,0.64390629529953,0.6399341821670532
9,0.6768589019775391,0.6017034649848938,0.6304088830947876,0.6621431708335876
10,0.6884741187095642,0.5793941617012024,0.6641524434089661,0.629416823387146
11,0.7056487798690796,0.5616099238395691,0.6585946679115295,0.6340388655662537
12,0.7175617814064026,0.5372268557548523,0.6661373376846313,0.6363195180892944
13,0.740593671798706,0.50862717628479,0.6828106641769409,0.6325768232345581
14,0.759356677532196,0.47839730978012085,0.653036892414093,0.7099975943565369
15,0.7733545303344727,0.45628833770751953,0.6847955584526062,0.6283499002456665
16,0.7964856624603271,0.4221419394016266,0.6867804527282715,0.6447363495826721
17,0.8107813000679016,0.4001625180244446,0.692338228225708,0.6551120281219482
18,0.8201131820678711,0.368304580450058,0.6840015649795532,0.6933436989784241
19,0.8372877836227417,0.3504265546798706,0.7145692706108093,0.6241944432258606
20,0.8501935601234436,0.3197670876979828,0.7002778649330139,0.6996316313743591
21,0.8607167601585388,0.31046825647354126,0.7086145281791687,0.6845964193344116
22,0.8665739893913269,0.2881891429424286,0.7177451252937317,0.6968565583229065
23,0.8735232949256897,0.27983489632606506,0.7268757224082947,0.6937556862831116
24,0.8866276144981384,0.2580049932003021,0.7141723036766052,0.707129180431366
25,0.8840464353561401,0.25654181838035583,0.7098054885864258,0.7113015055656433
26,0.8914921283721924,0.24118299782276154,0.7248908281326294,0.73548424243927
27,0.8990370035171509,0.23539948463439941,0.7094085216522217,0.7902082204818726
28,0.9034051299095154,0.22301697731018066,0.7145692706108093,0.8532320261001587
