epoch,accuracy,loss,val_accuracy,val_loss
0,0.5567010045051575,1.274449348449707,0.6399999856948853,0.6383442282676697
1,0.8350515365600586,0.4658917784690857,0.7200000286102295,0.6718295216560364
2,0.7835051417350769,0.5984416604042053,0.7200000286102295,0.8726112246513367
3,0.8144329786300659,0.5705543160438538,0.800000011920929,0.9559007287025452
4,0.8453608155250549,0.4572922885417938,0.800000011920929,1.049312710762024
5,0.876288652420044,0.3371064066886902,0.6800000071525574,1.4953423738479614
6,0.7938144207000732,0.564925491809845,0.6800000071525574,1.9352377653121948
7,0.7731958627700806,0.6857563853263855,0.6000000238418579,2.0044546127319336
8,0.8041236996650696,0.563302755355835,0.6000000238418579,1.8757504224777222
