epoch,accuracy,loss,val_accuracy,val_loss
0,0.5102000832557678,0.6958842277526855,0.506058931350708,0.6948227286338806
1,0.5125069618225098,0.6929845213890076,0.506058931350708,0.6935132741928101
2,0.5128960609436035,0.6930938363075256,0.506058931350708,0.6930938959121704
3,0.5162312388420105,0.6928064227104187,0.506058931350708,0.6935954093933105
4,0.5125069618225098,0.6929395198822021,0.506058931350708,0.6941970586776733
5,0.5140633583068848,0.6927781105041504,0.493941068649292,0.6932376623153687
