epoch,accuracy,loss,val_accuracy,val_loss
0,0.5131462216377258,0.6964147686958313,0.5158421397209167,0.6930926442146301
1,0.5098665952682495,0.6932460069656372,0.5158421397209167,0.6926500797271729
2,0.5095330476760864,0.6933217644691467,0.5158421397209167,0.6927149891853333
3,0.5088104605674744,0.6932293772697449,0.48415786027908325,0.6933116912841797
4,0.5098109841346741,0.6932411789894104,0.5158421397209167,0.692649781703949
5,0.5112562775611877,0.6931082010269165,0.5158421397209167,0.6926795840263367
