epoch,accuracy,loss,val_accuracy,val_loss
0,0.8276450634002686,0.39191094040870667,0.9115646481513977,0.27968814969062805
1,0.9590443968772888,0.10698403418064117,0.9523809552192688,0.18717309832572937
2,0.9778156876564026,0.062388695776462555,0.9455782175064087,0.13732342422008514
3,0.9692832827568054,0.0735648050904274,0.9523809552192688,0.09711170196533203
4,0.9863481521606445,0.04818311706185341,0.9591836929321289,0.07802201062440872
5,0.979522168636322,0.050008807331323624,0.9795918464660645,0.08011066168546677
6,0.9658703207969666,0.08465451747179031,0.9591836929321289,0.1573564112186432
7,0.9863481521606445,0.04369852691888809,0.9795918464660645,0.0509871207177639
8,0.988054633140564,0.027500631287693977,0.9931972622871399,0.02575775980949402
9,1.0,0.013880200684070587,0.9863945841789246,0.05314375460147858
10,0.979522168636322,0.060539402067661285,0.9863945841789246,0.0924428403377533
11,0.9778156876564026,0.07191706448793411,0.9931972622871399,0.03301588073372841
12,0.9607508778572083,0.10881346464157104,0.9115646481513977,0.2302781641483307
13,0.9846416115760803,0.0682990625500679,0.9387755393981934,0.13570840656757355
