epoch,accuracy,loss,val_accuracy,val_loss
0,0.7840375304222107,0.4949060082435608,0.8333333134651184,0.32774049043655396
1,0.934272289276123,0.15987670421600342,0.8703703880310059,0.4158949553966522
2,0.9436619877815247,0.13850845396518707,0.9074074029922485,0.368130624294281
3,0.9577465057373047,0.14762549102306366,0.9074074029922485,0.31964123249053955
4,0.9765258431434631,0.058260608464479446,0.8703703880310059,0.2574840188026428
5,0.98591548204422,0.04570095241069794,0.8518518805503845,0.31251367926597595
6,0.98591548204422,0.03317701816558838,0.8888888955116272,0.2779821455478668
7,0.9906103014945984,0.019682150334119797,0.8888888955116272,0.2920336425304413
