epoch,accuracy,loss,val_accuracy,val_loss
0,0.6499999761581421,0.5890089869499207,0.8500000238418579,0.3526683449745178
1,0.8812500238418579,0.2591533064842224,0.824999988079071,0.3864526152610779
2,0.918749988079071,0.21248681843280792,0.925000011920929,0.13826437294483185
3,0.9375,0.13842226564884186,0.875,0.3041859567165375
4,0.9624999761581421,0.08296150714159012,0.8999999761581421,0.16325755417346954
5,0.987500011920929,0.0625666156411171,0.875,0.205166295170784
6,0.9937499761581421,0.046827904880046844,0.925000011920929,0.21490736305713654
7,0.9937499761581421,0.03310307115316391,0.949999988079071,0.15261559188365936
8,0.9937499761581421,0.01969793066382408,0.824999988079071,0.42832595109939575
9,1.0,0.012149669229984283,0.9750000238418579,0.17832857370376587
10,1.0,0.008656227961182594,0.8999999761581421,0.27617648243904114
11,1.0,0.004938499070703983,0.925000011920929,0.33950275182724
12,1.0,0.0016097489278763533,0.9750000238418579,0.1954774111509323
13,1.0,0.004390179179608822,0.8999999761581421,0.3393327295780182
14,1.0,0.001998444553464651,0.8999999761581421,0.416961669921875
