epoch,accuracy,loss,val_accuracy,val_loss
0,0.848081111907959,0.5055473446846008,0.81955486536026,0.4047089219093323
1,0.8816862106323242,0.28637444972991943,0.8998410105705261,0.23107948899269104
2,0.9019685983657837,0.24336181581020355,0.9069952368736267,0.23402048647403717
3,0.9025651216506958,0.24069568514823914,0.9220985770225525,0.21605201065540314
4,0.9047524333000183,0.2438666820526123,0.9062002897262573,0.22304204106330872
5,0.9216544032096863,0.195780947804451,0.9038155674934387,0.2311631292104721
6,0.9190694093704224,0.19265857338905334,0.9069952368736267,0.21202214062213898
7,0.9282163381576538,0.1807224303483963,0.9165341854095459,0.20132942497730255
8,0.931795597076416,0.1594429612159729,0.9173290729522705,0.210519939661026
