epoch,accuracy,loss,val_accuracy,val_loss
0,0.5876288414001465,0.6665968894958496,0.7200000286102295,0.5511265397071838
1,0.7628865838050842,0.5167815685272217,0.7599999904632568,0.4557127356529236
2,0.7938144207000732,0.40373772382736206,0.7599999904632568,0.43963730335235596
3,0.8350515365600586,0.3222462832927704,0.800000011920929,0.48889583349227905
4,0.8556700944900513,0.2811530530452728,0.800000011920929,0.48532482981681824
5,0.8350515365600586,0.27751845121383667,0.800000011920929,0.45617252588272095
6,0.8556700944900513,0.2662368714809418,0.800000011920929,0.5638467073440552
7,0.876288652420044,0.2303614318370819,0.7599999904632568,0.7443605065345764
8,0.907216489315033,0.21585913002490997,0.7599999904632568,0.7649021744728088
