epoch,accuracy,loss,val_accuracy,val_loss
0,0.6607142686843872,0.6361478567123413,0.7551020383834839,0.5545123219490051
1,0.7653061151504517,0.4718766212463379,0.795918345451355,0.44025760889053345
2,0.8035714030265808,0.39798808097839355,0.795918345451355,0.3990325927734375
3,0.8494898080825806,0.33236634731292725,0.795918345451355,0.37874236702919006
4,0.8622449040412903,0.2787310481071472,0.7755101919174194,0.3719991147518158
5,0.8801020383834839,0.2517006993293762,0.8061224222183228,0.36088743805885315
6,0.9260203838348389,0.2032812237739563,0.8469387888908386,0.3196714222431183
7,0.9285714030265808,0.17000675201416016,0.8469387888908386,0.31059300899505615
8,0.9515306353569031,0.13926789164543152,0.8469387888908386,0.3596203327178955
9,0.9668367505073547,0.12567810714244843,0.795918345451355,0.33259546756744385
10,0.9642857313156128,0.09932336211204529,0.8469387888908386,0.29412704706192017
11,0.9744898080825806,0.08072079718112946,0.8775510191917419,0.30220672488212585
12,0.9744898080825806,0.07032651454210281,0.8673469424247742,0.3041645288467407
13,0.9846938848495483,0.04905962944030762,0.8979591727256775,0.244567409157753
14,0.9872449040412903,0.05459326133131981,0.918367326259613,0.3220284581184387
15,0.9770408272743225,0.05310972034931183,0.8877550959587097,0.338880330324173
16,0.9770408272743225,0.13039715588092804,0.8469387888908386,0.6697153449058533
17,0.9693877696990967,0.12509919703006744,0.8571428656578064,0.4020802676677704
18,0.9821428656578064,0.055400699377059937,0.918367326259613,0.2922489643096924
19,0.9897959232330322,0.039690785109996796,0.8877550959587097,0.30487048625946045
