epoch,accuracy,loss,val_accuracy,val_loss
0,0.8181818127632141,0.37077251076698303,0.925000011920929,0.17743860185146332
1,0.9404388666152954,0.14755873382091522,0.887499988079071,0.21051280200481415
2,0.9686520099639893,0.08140002936124802,0.987500011920929,0.08334193378686905
3,0.9905956387519836,0.03505299985408783,0.9750000238418579,0.13719841837882996
4,0.9749216437339783,0.055361680686473846,0.9624999761581421,0.14773692190647125
5,0.9937304258346558,0.026464369148015976,0.9750000238418579,0.13442090153694153
6,0.9937304258346558,0.020868858322501183,0.987500011920929,0.0711677148938179
7,0.9968652129173279,0.012100515887141228,0.987500011920929,0.038879748433828354
