epoch,accuracy,loss,val_accuracy,val_loss
0,0.5206807255744934,1.1511965990066528,0.5633074641227722,0.701900064945221
1,0.5402843356132507,1.011987566947937,0.5693367719650269,0.7358183860778809
2,0.5495476126670837,0.956028401851654,0.5822566747665405,0.7269372344017029
3,0.5534252524375916,0.949560821056366,0.5822566747665405,0.6910749077796936
4,0.5637656450271606,0.9079815745353699,0.5908699631690979,0.6727139949798584
5,0.5598880052566528,0.8648478984832764,0.6089577674865723,0.6646604537963867
6,0.558810830116272,0.8408305644989014,0.5934539437294006,0.664006233215332
7,0.5616113543510437,0.8445815443992615,0.5822566747665405,0.7180452346801758
8,0.5807841420173645,0.7973621487617493,0.6012058854103088,0.6593437194824219
9,0.5801378488540649,0.7815727591514587,0.5977605581283569,0.6749367713928223
10,0.5937095880508423,0.7614022493362427,0.6089577674865723,0.6496559977531433
