epoch,accuracy,loss,val_accuracy,val_loss
0,0.49189814925193787,0.6936236619949341,0.5023148059844971,0.6969882845878601
1,0.49421295523643494,0.6934912204742432,0.5046296119689941,0.6969648003578186
2,0.49594905972480774,0.6933662295341492,0.5057870149612427,0.6969430446624756
3,0.5028935074806213,0.6932477355003357,0.5046296119689941,0.6969218850135803
4,0.5052083134651184,0.6931336522102356,0.5023148059844971,0.6969014406204224
5,0.5075231194496155,0.6930268406867981,0.5011574029922485,0.6968823671340942
6,0.5086805820465088,0.6929232478141785,0.5057870149612427,0.696865439414978
7,0.5101273059844971,0.6928278803825378,0.5046296119689941,0.6968467831611633
