epoch,accuracy,loss,val_accuracy,val_loss
0,0.5141112208366394,0.7099274396896362,0.5172704458236694,0.6914083361625671
1,0.5248525738716125,0.7070063352584839,0.5374894738197327,0.6913501620292664
2,0.5273799300193787,0.7015128135681152,0.5273799300193787,0.692562460899353
3,0.5379106998443604,0.6981602907180786,0.5231676697731018,0.6920797228813171
4,0.5461246967315674,0.6929106712341309,0.5315922498703003,0.690940797328949
5,0.5406486988067627,0.6938673853874207,0.5349621176719666,0.6898515820503235
6,0.5395956039428711,0.6930633783340454,0.5265374779701233,0.6902706027030945
