epoch,accuracy,loss,val_accuracy,val_loss
0,0.6836734414100647,0.5928184986114502,0.7448979616165161,0.48246482014656067
1,0.7908163070678711,0.42359259724617004,0.7448979616165161,0.42110833525657654
2,0.829081654548645,0.3549201488494873,0.7755101919174194,0.36521732807159424
3,0.8494898080825806,0.31765514612197876,0.8163265585899353,0.324249804019928
4,0.8801020383834839,0.28040197491645813,0.8367347121238708,0.288810133934021
5,0.918367326259613,0.22260162234306335,0.8979591727256775,0.2559853196144104
6,0.9081632494926453,0.21673282980918884,0.9081632494926453,0.2190895676612854
7,0.9336734414100647,0.18068522214889526,0.918367326259613,0.21111750602722168
8,0.9489796161651611,0.15155336260795593,0.9387755393981934,0.15920674800872803
9,0.9591836929321289,0.12475508451461792,0.9489796161651611,0.14979428052902222
10,0.9515306353569031,0.1361413598060608,0.9285714030265808,0.2164711207151413
11,0.9617347121238708,0.11029726266860962,0.918367326259613,0.19890955090522766
12,0.9821428656578064,0.07707378268241882,0.9081632494926453,0.18188171088695526
13,0.9770408272743225,0.0711713507771492,0.9591836929321289,0.1357208639383316
14,0.9948979616165161,0.041109371930360794,0.9489796161651611,0.09232603758573532
15,0.9897959232330322,0.042576126754283905,0.9489796161651611,0.1852278858423233
16,0.9846938848495483,0.034834399819374084,0.9693877696990967,0.1278000921010971
17,0.9795918464660645,0.07089482992887497,0.9489796161651611,0.14600390195846558
18,0.9923469424247742,0.049047283828258514,0.918367326259613,0.22730959951877594
19,0.9923469424247742,0.03595453128218651,0.9693877696990967,0.07889626175165176
20,0.9923469424247742,0.018209286034107208,0.9795918464660645,0.11566785722970963
21,0.9923469424247742,0.02111925557255745,0.9897959232330322,0.07557854056358337
22,0.9719387888908386,0.06903417408466339,0.918367326259613,0.3842167854309082
23,0.9668367505073547,0.07619498670101166,0.9693877696990967,0.11041860282421112
24,0.9744898080825806,0.06710583716630936,0.9387755393981934,0.1828136295080185
25,0.9897959232330322,0.030522329732775688,0.9285714030265808,0.26516422629356384
26,0.9770408272743225,0.07006008923053741,0.9591836929321289,0.1421794891357422
