epoch,accuracy,loss,val_accuracy,val_loss
0,0.5491364002227783,0.7097320556640625,0.541269838809967,0.6866296529769897
1,0.604129433631897,0.6656426191329956,0.6015872955322266,0.6709640622138977
2,0.6331149339675903,0.6367491483688354,0.5960317254066467,0.6701520681381226
3,0.6547548174858093,0.617436945438385,0.617460310459137,0.6460572481155396
4,0.667857825756073,0.600508987903595,0.6285714507102966,0.6452640891075134
5,0.6819535493850708,0.5885778069496155,0.6373015642166138,0.6373855471611023
6,0.6853285431861877,0.5825082063674927,0.6452381014823914,0.6459138989448547
7,0.7012110352516174,0.5699159502983093,0.6563491821289062,0.6367996335029602
8,0.7103434801101685,0.5593715310096741,0.6603174805641174,0.6354547142982483
9,0.7224538326263428,0.5496751070022583,0.6404761672019958,0.6362506151199341
10,0.7182846665382385,0.5404075980186462,0.6634920835494995,0.6199324131011963
11,0.7296009659767151,0.5347005724906921,0.6547619104385376,0.609563410282135
12,0.7375422120094299,0.5258008241653442,0.6499999761581421,0.633135974407196
13,0.739130437374115,0.5191437602043152,0.6769841313362122,0.6055565476417542
14,0.7597776651382446,0.5007901787757874,0.6801587343215942,0.5973848700523376
15,0.7534246444702148,0.49906283617019653,0.6539682745933533,0.6194244623184204
16,0.7597776651382446,0.49402379989624023,0.6873015761375427,0.5941305756568909
17,0.7770498394966125,0.471436083316803,0.6801587343215942,0.5979077816009521
18,0.7786380648612976,0.466298371553421,0.6666666865348816,0.6165502667427063
19,0.78102046251297,0.46279141306877136,0.6690475940704346,0.5969631671905518
20,0.7881675362586975,0.45646482706069946,0.6611111164093018,0.6079162359237671
21,0.7857851982116699,0.44929397106170654,0.6833333373069763,0.5921639800071716
