epoch,accuracy,loss,val_accuracy,val_loss
0,0.811965823173523,0.5611678957939148,0.8775510191917419,0.4203498661518097
1,0.8957265019416809,0.2899607717990875,0.9115646481513977,0.24506279826164246
2,0.9264957308769226,0.17863528430461884,0.9251700639724731,0.19365476071834564
3,0.9470085501670837,0.1335635483264923,0.9319728016853333,0.16085633635520935
4,0.9555555582046509,0.10819419473409653,0.9455782175064087,0.1414441615343094
5,0.9675213694572449,0.08707567304372787,0.9387755393981934,0.11869145184755325
6,0.9709401726722717,0.07660700380802155,0.9251700639724731,0.11351905763149261
7,0.9846153855323792,0.0637221708893776,0.9591836929321289,0.09503164142370224
8,0.9829059839248657,0.05286536365747452,0.9659863710403442,0.08821608871221542
9,0.9897435903549194,0.043904587626457214,0.9659863710403442,0.07226921617984772
10,0.9914529919624329,0.03424311429262161,0.9795918464660645,0.06483753025531769
11,0.9948717951774597,0.02778738923370838,0.9795918464660645,0.055021338164806366
12,0.9948717951774597,0.02380162663757801,0.9863945841789246,0.056372396647930145
13,0.9982905983924866,0.01985723152756691,0.9863945841789246,0.04403072968125343
14,0.9982905983924866,0.01616945117712021,0.9863945841789246,0.043464649468660355
15,0.9982905983924866,0.014004761353135109,0.9931972622871399,0.03698704019188881
16,0.9982905983924866,0.011282243765890598,0.9863945841789246,0.04334529861807823
17,1.0,0.010795872658491135,0.9863945841789246,0.03467389941215515
18,0.9982905983924866,0.00885426439344883,0.9863945841789246,0.042127445340156555
19,1.0,0.006343836896121502,0.9931972622871399,0.031041625887155533
20,1.0,0.006126684136688709,0.9863945841789246,0.044091131538152695
