epoch,accuracy,loss,val_accuracy,val_loss
0,0.5391414165496826,0.6939367651939392,0.5617128610610962,0.6871179342269897
1,0.5454545617103577,0.6899019479751587,0.5516372919082642,0.6867024898529053
2,0.5366161465644836,0.6901246905326843,0.5541561841964722,0.6862789988517761
3,0.5227272510528564,0.6915932893753052,0.5566750764846802,0.6858860850334167
4,0.5719696879386902,0.6841973066329956,0.5541561841964722,0.6854721307754517
5,0.5170454382896423,0.6882752180099487,0.5566750764846802,0.6850805878639221
