epoch,accuracy,loss,val_accuracy,val_loss
0,0.5353646278381348,0.8704203963279724,0.5805137753486633,0.717907190322876
1,0.6027258038520813,0.750328779220581,0.6513158082962036,0.652136504650116
2,0.6519933938980103,0.6926219463348389,0.6701127886772156,0.6136660575866699
3,0.7080755233764648,0.6195182800292969,0.7155388593673706,0.5436673760414124
4,0.7632176876068115,0.5392001271247864,0.682330846786499,0.7620927095413208
5,0.806767463684082,0.45725885033607483,0.7753759622573853,0.5230017900466919
6,0.8528236746788025,0.3427872955799103,0.8452380895614624,0.36364609003067017
7,0.8889324069023132,0.26442426443099976,0.8580827116966248,0.3574785590171814
8,0.9160335063934326,0.20988306403160095,0.8728070259094238,0.2997419834136963
9,0.9371817708015442,0.1528538316488266,0.8703007698059082,0.4430031478404999
10,0.940628170967102,0.14707715809345245,0.7872806787490845,0.7084667086601257
11,0.959661602973938,0.10948459059000015,0.8931704163551331,0.2931695580482483
12,0.9690608382225037,0.08133304119110107,0.9031955003738403,0.3169376254081726
13,0.9653794765472412,0.09252119809389114,0.8101503849029541,0.7231236696243286
14,0.9741520881652832,0.06928253918886185,0.916979968547821,0.24726808071136475
15,0.9781467914581299,0.05920032039284706,0.8831453919410706,0.39273449778556824
16,0.9768152236938477,0.066432885825634,0.9194862246513367,0.27020788192749023
17,0.9773635268211365,0.06332679092884064,0.9210526347160339,0.2267516851425171
18,0.9772852063179016,0.06273915618658066,0.9122806787490845,0.30337050557136536
19,0.9787734150886536,0.059693384915590286,0.8897243142127991,0.42435842752456665
20,0.9791650176048279,0.055932652205228806,0.9282581210136414,0.25333505868911743
21,0.9826114177703857,0.04539778456091881,0.9310777187347412,0.241245836019516
22,0.9817498326301575,0.050735704600811005,0.9313910007476807,0.21848076581954956
23,0.9848045706748962,0.04300197213888168,0.9016290903091431,0.3599012494087219
24,0.9877809882164001,0.03241392970085144,0.9172932505607605,0.33649447560310364
25,0.982454776763916,0.04917926341295242,0.9185463786125183,0.3139958679676056
26,0.9772068858146667,0.06539064645767212,0.9317042827606201,0.2307043969631195
