epoch,accuracy,loss,val_accuracy,val_loss
0,0.7749077677726746,0.4406599998474121,0.8672566413879395,0.35745832324028015
1,0.8782287836074829,0.2820484936237335,0.8702064752578735,0.33684787154197693
2,0.877490758895874,0.28688669204711914,0.8731563687324524,0.3159897029399872
3,0.8848708271980286,0.27315202355384827,0.8849557638168335,0.3006961941719055
4,0.90848708152771,0.21891769766807556,0.8790560364723206,0.3094607889652252
5,0.9166051745414734,0.21745403110980988,0.8820058703422546,0.30798763036727905
6,0.9254612326622009,0.18205614387989044,0.8761062026023865,0.3302367329597473
7,0.9424354434013367,0.15505661070346832,0.8820058703422546,0.2947419285774231
8,0.9549815654754639,0.1187933012843132,0.8495575189590454,0.4666406810283661
