epoch,accuracy,loss,val_accuracy,val_loss
0,0.7459853887557983,0.5545595288276672,0.8673469424247742,0.32400935888290405
1,0.814598560333252,0.4376063942909241,0.8760932683944702,0.3108334243297577
2,0.8313868641853333,0.4122355580329895,0.8790087699890137,0.3018229305744171
3,0.8394160866737366,0.3953692615032196,0.8615160584449768,0.3106645941734314
4,0.8467153310775757,0.39193931221961975,0.8790087699890137,0.30143293738365173
5,0.8554744720458984,0.36094334721565247,0.8760932683944702,0.29884663224220276
6,0.8510949015617371,0.35825616121292114,0.8717201352119446,0.31914839148521423
7,0.8631386756896973,0.34836462140083313,0.8790087699890137,0.30531027913093567
