epoch,accuracy,loss,val_accuracy,val_loss
0,0.5,0.7331389784812927,0.4693877696990967,0.723060131072998
1,0.5051020383834839,0.7292770147323608,0.4897959232330322,0.7195624709129333
2,0.5051020383834839,0.7301676869392395,0.4897959232330322,0.7166147828102112
3,0.5408163070678711,0.7049559950828552,0.5102040767669678,0.7139706015586853
4,0.5153061151504517,0.7425093650817871,0.5102040767669678,0.710993766784668
5,0.4897959232330322,0.7327147722244263,0.5102040767669678,0.7081626057624817
6,0.5408163070678711,0.7136548757553101,0.5102040767669678,0.7042920589447021
7,0.6071428656578064,0.6997107863426208,0.5102040767669678,0.7019882798194885
8,0.5408163070678711,0.7084011435508728,0.5102040767669678,0.6995829343795776
