epoch,accuracy,loss,val_accuracy,val_loss
0,0.49748238921165466,0.6961198449134827,0.49799197912216187,0.6887649893760681
1,0.5790534019470215,0.6818599104881287,0.5903614163398743,0.6745714545249939
2,0.6012084484100342,0.6707733273506165,0.6024096608161926,0.6726883053779602
3,0.5921450257301331,0.6722314953804016,0.5662650465965271,0.6719790101051331
4,0.6596173048019409,0.6523074507713318,0.5903614163398743,0.6646222472190857
5,0.6656596064567566,0.637316882610321,0.5783132314682007,0.6636602282524109
6,0.6565961837768555,0.6288203001022339,0.5823293328285217,0.6631954312324524
7,0.7059416174888611,0.606356680393219,0.5823293328285217,0.651765763759613
