epoch,accuracy,loss,val_accuracy,val_loss
0,0.5376774668693542,0.730077862739563,0.5371178984642029,0.7001823782920837
1,0.5919184684753418,0.6796200275421143,0.5589519739151001,0.6901640892028809
2,0.6195849776268005,0.6496647596359253,0.631732165813446,0.6515174508094788
3,0.650527834892273,0.6246081590652466,0.5953420400619507,0.6665990352630615
4,0.6869311928749084,0.5899835228919983,0.6055312752723694,0.6802438497543335
5,0.7389879822731018,0.5274450182914734,0.5851528644561768,0.7165706753730774
6,0.7823079824447632,0.4593181014060974,0.5749636292457581,0.8005023002624512
7,0.8147069811820984,0.391984224319458,0.5880640745162964,0.8502048254013062
