epoch,accuracy,loss,val_accuracy,val_loss
0,0.46179038286209106,0.7005873322486877,0.5240174531936646,0.6931619644165039
1,0.5043668150901794,0.689384400844574,0.5021833777427673,0.6943867802619934
2,0.5163755416870117,0.6892792582511902,0.5065501928329468,0.6939467191696167
3,0.5218340754508972,0.6880969405174255,0.5021833777427673,0.6969529390335083
4,0.5513100624084473,0.6844505667686462,0.49344977736473083,0.6967424154281616
5,0.5513100624084473,0.6841813325881958,0.5240174531936646,0.6965975761413574
