epoch,accuracy,loss,val_accuracy,val_loss
0,0.5081907510757446,1.1974201202392578,0.4818049371242523,0.8305702209472656
1,0.5143793225288391,1.1710411310195923,0.48617175221443176,0.9627715945243835
2,0.5111030340194702,1.1736255884170532,0.4818049371242523,1.0577993392944336
3,0.5092828273773193,1.1707141399383545,0.4818049371242523,1.133294701576233
4,0.5143793225288391,1.1576560735702515,0.48471614718437195,1.1719746589660645
5,0.5081907510757446,1.1552016735076904,0.48471614718437195,1.1951688528060913
6,0.512559175491333,1.152213454246521,0.48471614718437195,1.1994104385375977
