epoch,accuracy,loss,val_accuracy,val_loss
0,0.6977611780166626,0.4437333345413208,0.8235294222831726,0.40459561347961426
1,0.8843283653259277,0.2872627377510071,0.9558823704719543,0.1937268078327179
2,0.9365671873092651,0.16420380771160126,0.9264705777168274,0.13635174930095673
3,0.9738805890083313,0.04646831378340721,0.9558823704719543,0.09331228584051132
4,0.9850746393203735,0.04048435762524605,0.9411764740943909,0.13642524182796478
5,0.9776119589805603,0.08579312264919281,0.9264705777168274,0.3078189790248871
6,0.9850746393203735,0.04979849234223366,0.8823529481887817,0.6028523445129395
