epoch,accuracy,loss,val_accuracy,val_loss
0,0.7763590216636658,0.47608330845832825,0.8148688077926636,0.43243008852005005
1,0.8489602208137512,0.3668646216392517,0.8338192701339722,0.39987921714782715
2,0.8646479249000549,0.3369194269180298,0.8483964800834656,0.37611064314842224
3,0.8723093867301941,0.3079224228858948,0.8440233469009399,0.38811084628105164
4,0.881065309047699,0.294123113155365,0.82798832654953,0.4087480902671814
5,0.8931047320365906,0.26238226890563965,0.8294460773468018,0.42484351992607117
6,0.9029551148414612,0.24486228823661804,0.8396501541137695,0.38879644870758057
7,0.9051440954208374,0.23027968406677246,0.8381924033164978,0.394171804189682
