epoch,accuracy,loss,val_accuracy,val_loss
0,0.6715686321258545,0.70219486951828,0.7450980544090271,0.6846343874931335
1,0.8284313678741455,0.5339202284812927,0.7647058963775635,0.5225005149841309
2,0.8578431606292725,0.4275779724121094,0.686274528503418,0.9494147896766663
3,0.8774510025978088,0.3241504728794098,0.7254902124404907,0.8399041891098022
4,0.9166666865348816,0.22969920933246613,0.7254902124404907,0.8266851902008057
5,0.9411764740943909,0.17362631857395172,0.686274528503418,1.145068883895874
6,0.9656862616539001,0.10709109902381897,0.7058823704719543,1.1479679346084595
