epoch,accuracy,loss,val_accuracy,val_loss
0,0.5160356760025024,0.7995748519897461,0.543876588344574,0.7393365502357483
1,0.513383150100708,0.727283775806427,0.4773384630680084,0.7560421824455261
2,0.5305039882659912,0.7052510976791382,0.5737704634666443,0.6823668479919434
3,0.5664335489273071,0.6960615515708923,0.5593056678771973,0.6880866885185242
4,0.5883771181106567,0.6738471984863281,0.6335583329200745,0.6446673274040222
5,0.6168314218521118,0.6518583297729492,0.6239151358604431,0.6496649384498596
6,0.6279237866401672,0.6429054141044617,0.688524603843689,0.596068263053894
7,0.6684350371360779,0.6069203019142151,0.6509160995483398,0.6697728037834167
8,0.6997829675674438,0.572273850440979,0.7155255675315857,0.5421355962753296
9,0.748251736164093,0.5190494060516357,0.7367405891418457,0.5211814045906067
10,0.7865927219390869,0.4569825828075409,0.7309547066688538,0.5201756358146667
11,0.8152881860733032,0.4041145145893097,0.7801349759101868,0.6087904572486877
12,0.8394019603729248,0.3561594486236572,0.8457087874412537,0.3409039080142975
13,0.8758138418197632,0.296339213848114,0.8360655903816223,0.3679918050765991
14,0.8953460454940796,0.2500063478946686,0.8514946699142456,0.3311413526535034
15,0.9129491448402405,0.21984359622001648,0.840887188911438,0.36179786920547485
16,0.9305521845817566,0.17952385544776917,0.8775313496589661,0.3362661302089691
17,0.9401977062225342,0.16801442205905914,0.8389585614204407,0.3833944797515869
18,0.9508078098297119,0.13697999715805054,0.884281575679779,0.358953058719635
19,0.9551482796669006,0.12379183620214462,0.884281575679779,0.3603934049606323
20,0.9652761220932007,0.0980234146118164,0.8466730713844299,0.492386132478714
21,0.9599710702896118,0.10936387628316879,0.8891031742095947,0.3424731492996216
22,0.9667229056358337,0.09260696917772293,0.8109932541847229,0.7261576652526855
23,0.9686520099639893,0.08474428206682205,0.8987463712692261,0.3341343402862549
24,0.9734748005867004,0.0736166462302208,0.8919961452484131,0.350200355052948
25,0.9720279574394226,0.08561529964208603,0.8640308380126953,0.4997386634349823
26,0.9816734790802002,0.05487140268087387,0.8900675177574158,0.3988725244998932
27,0.9749216437339783,0.07378692924976349,0.8784956336021423,0.43111810088157654
28,0.974680483341217,0.07551049441099167,0.8891031742095947,0.36506977677345276
