epoch,accuracy,loss,val_accuracy,val_loss
0,0.8203740119934082,0.4006735682487488,0.8762279152870178,0.28804275393486023
1,0.8735235929489136,0.31826552748680115,0.8762279152870178,0.2751302421092987
2,0.8873031735420227,0.2979295253753662,0.8998035192489624,0.25415974855422974
3,0.8951771855354309,0.24372589588165283,0.9076620936393738,0.23617474734783173
4,0.9084645509719849,0.21942336857318878,0.8742632865905762,0.3080034554004669
5,0.9251968264579773,0.2031068205833435,0.8919450044631958,0.2564125955104828
6,0.936515748500824,0.1797524243593216,0.8958742618560791,0.2487822026014328
7,0.9409449100494385,0.14966431260108948,0.8781925439834595,0.3125000596046448
8,0.9512795209884644,0.1280018538236618,0.8899803757667542,0.30811113119125366
