epoch,accuracy,loss,val_accuracy,val_loss
0,0.4375,1.4124921560287476,0.7692307829856873,0.6648609638214111
1,0.6041666865348816,0.8342228531837463,0.7692307829856873,0.6593137979507446
2,0.6458333134651184,0.6946596503257751,0.7692307829856873,0.656333327293396
3,0.6458333134651184,0.6211933493614197,0.692307710647583,0.651188313961029
4,0.7291666865348816,0.6147180199623108,0.7692307829856873,0.644400954246521
5,0.7916666865348816,0.493831068277359,0.692307710647583,0.6403807401657104
