epoch,accuracy,loss,val_accuracy,val_loss
0,0.47641509771347046,0.6962094306945801,0.5,0.6971039772033691
1,0.4858490526676178,0.6947908997535706,0.5185185074806213,0.6963229775428772
2,0.49528300762176514,0.6933072209358215,0.5,0.6955918073654175
3,0.5047169923782349,0.6918976306915283,0.46296295523643494,0.6948463916778564
4,0.5188679099082947,0.6905502676963806,0.48148149251937866,0.69410640001297
5,0.5330188870429993,0.6891524791717529,0.48148149251937866,0.6933205723762512
6,0.5377358198165894,0.6878246665000916,0.48148149251937866,0.6926003098487854
