epoch,accuracy,loss,val_accuracy,val_loss
0,0.8020581007003784,0.46462932229042053,0.8087167143821716,0.5148875713348389
1,0.8559321761131287,0.32207193970680237,0.8886198401451111,0.304521381855011
2,0.8952784538269043,0.281535804271698,0.9055690169334412,0.24921558797359467
3,0.8964890837669373,0.2473774254322052,0.9152542352676392,0.2313581258058548
4,0.9067796468734741,0.22063608467578888,0.9200968742370605,0.20819887518882751
5,0.9225181341171265,0.20082661509513855,0.9104115962982178,0.2168940305709839
6,0.9188861846923828,0.1911788433790207,0.9370459914207458,0.17167720198631287
7,0.9322034120559692,0.1801268458366394,0.9225181341171265,0.18190783262252808
8,0.9467312097549438,0.1474524438381195,0.9322034120559692,0.1705692708492279
9,0.9412832856178284,0.15268871188163757,0.9564164876937866,0.12604519724845886
10,0.9576271176338196,0.11048185080289841,0.9249394536018372,0.17006154358386993
11,0.9485472440719604,0.13076741993427277,0.9491525292396545,0.1390347182750702
12,0.9618644118309021,0.10779909789562225,0.9443099498748779,0.12158743292093277
13,0.9673123359680176,0.09945658594369888,0.9588377475738525,0.11405959725379944
14,0.9648910164833069,0.10126984119415283,0.9709442853927612,0.10908763110637665
15,0.972154974937439,0.07547198235988617,0.9539951682090759,0.1410413682460785
16,0.9727603197097778,0.06958048045635223,0.9661017060279846,0.09684120118618011
17,0.9685230255126953,0.08912768959999084,0.9661017060279846,0.12836924195289612
18,0.9794188737869263,0.06515717506408691,0.9733656048774719,0.09592137485742569
19,0.9830508232116699,0.05469798669219017,0.9636803865432739,0.09115029871463776
20,0.9751815795898438,0.06483962386846542,0.9564164876937866,0.11997717618942261
21,0.9872881174087524,0.04294367879629135,0.9782082438468933,0.08971482515335083
22,0.9866828322410583,0.03732714802026749,0.9661017060279846,0.09037993103265762
23,0.9872881174087524,0.04113534092903137,0.9757869243621826,0.09298825263977051
24,0.9854721426963806,0.04315459728240967,0.9709442853927612,0.12003321945667267
25,0.9824455380439758,0.048586875200271606,0.9636803865432739,0.10993976891040802
26,0.9891040921211243,0.03386722505092621,0.9539951682090759,0.13602954149246216
