epoch,accuracy,loss,val_accuracy,val_loss
0,0.4204545319080353,1.7425235509872437,0.6521739363670349,3.594454526901245
1,0.7045454382896423,1.0167087316513062,0.739130437374115,4.9601030349731445
2,0.8636363744735718,0.48489025235176086,0.739130437374115,22.9112606048584
3,0.8522727489471436,0.4093289375305176,0.739130437374115,18.289796829223633
4,0.9318181872367859,0.21398429572582245,0.8260869383811951,1.7137411832809448
5,0.9659090638160706,0.08574917912483215,0.8260869383811951,1.1383140087127686
6,0.9545454382896423,0.09075223654508591,0.8695651888847351,1.8984935283660889
7,1.0,0.018661431968212128,0.782608687877655,6.349050998687744
8,0.9886363744735718,0.031575534492731094,0.782608687877655,8.210282325744629
9,1.0,0.02459285780787468,0.782608687877655,8.8231201171875
10,1.0,0.009440668858587742,0.739130437374115,9.107573509216309
11,1.0,0.005106170196086168,0.739130437374115,8.53543472290039
