epoch,accuracy,loss,val_accuracy,val_loss
0,0.7649999856948853,0.49338898062705994,0.742821455001831,0.5073855519294739
1,0.7878124713897705,0.45585593581199646,0.7802746295928955,0.44868043065071106
2,0.8106250166893005,0.421919047832489,0.7690386772155762,0.46900615096092224
3,0.8203125,0.40714383125305176,0.8039950132369995,0.4156450033187866
4,0.846875011920929,0.37246173620224,0.7927590608596802,0.42864343523979187
5,0.8540624976158142,0.3554050326347351,0.7890137434005737,0.4334082007408142
6,0.8681250214576721,0.32466891407966614,0.7715355753898621,0.47443506121635437
7,0.8821874856948853,0.29026639461517334,0.7752808928489685,0.5290236473083496
8,0.8956249952316284,0.2686226963996887,0.7715355753898621,0.5195745825767517
