epoch,accuracy,loss,val_accuracy,val_loss
0,0.504875123500824,0.7020742893218994,0.5006657838821411,0.700106680393219
1,0.5092984437942505,0.6967299580574036,0.5038995742797852,0.6976544260978699
2,0.5122473239898682,0.6949781179428101,0.5004755854606628,0.6967407464981079
3,0.5146254301071167,0.6940634846687317,0.5021875500679016,0.69615638256073
4,0.51700359582901,0.6933642029762268,0.5010462403297424,0.6956976652145386
5,0.5193817019462585,0.6927772164344788,0.5035191178321838,0.6952815651893616
6,0.5229488611221313,0.6922404766082764,0.504660427570343,0.6949055194854736
