epoch,accuracy,loss,val_accuracy,val_loss
0,0.5681818127632141,0.8206424713134766,0.52173912525177,0.6476791501045227
1,0.9204545617103577,0.1932738870382309,0.6086956262588501,0.617904007434845
2,0.9772727489471436,0.1128062754869461,0.695652186870575,0.5982861518859863
3,0.9886363744735718,0.07230239361524582,0.695652186870575,0.5948190093040466
4,1.0,0.038519278168678284,0.695652186870575,0.5941322445869446
5,1.0,0.02277413196861744,0.6521739363670349,0.6023542284965515
6,1.0,0.01803697645664215,0.695652186870575,0.6224226951599121
7,1.0,0.012025085277855396,0.6086956262588501,0.6530619263648987
