epoch,accuracy,loss,val_accuracy,val_loss
0,0.6530612111091614,0.6511950492858887,0.7551020383834839,0.5969695448875427
1,0.7831632494926453,0.5348954200744629,0.7653061151504517,0.4975762665271759
2,0.8137755393981934,0.4310160279273987,0.7857142686843872,0.4455919563770294
3,0.8112244606018066,0.38285326957702637,0.7653061151504517,0.40709471702575684
4,0.8443877696990967,0.3291240632534027,0.795918345451355,0.3956141173839569
5,0.8622449040412903,0.30120256543159485,0.7857142686843872,0.377948522567749
6,0.8775510191917419,0.2638876438140869,0.8163265585899353,0.3577878177165985
7,0.8903061151504517,0.2403198927640915,0.8163265585899353,0.33979183435440063
8,0.9260203838348389,0.20277276635169983,0.8469387888908386,0.3322286307811737
9,0.9260203838348389,0.19065788388252258,0.8163265585899353,0.35731083154678345
10,0.9362244606018066,0.1747683435678482,0.8571428656578064,0.3154737949371338
11,0.9362244606018066,0.16260050237178802,0.8469387888908386,0.33407309651374817
12,0.9387755393981934,0.15694701671600342,0.8571428656578064,0.3034560978412628
13,0.956632673740387,0.1302482634782791,0.918367326259613,0.278432160615921
14,0.9668367505073547,0.10163430869579315,0.8469387888908386,0.2920170724391937
15,0.9821428656578064,0.09665798395872116,0.9081632494926453,0.27524733543395996
16,0.9795918464660645,0.07754696160554886,0.9081632494926453,0.24484467506408691
17,0.9846938848495483,0.06703972816467285,0.9081632494926453,0.24564042687416077
18,0.9770408272743225,0.0679551512002945,0.918367326259613,0.2453121393918991
