epoch,accuracy,loss,val_accuracy,val_loss
0,0.5424528121948242,0.6779648661613464,0.5,0.6960955858230591
1,0.5424528121948242,0.6760146021842957,0.5,0.6944019198417664
2,0.5424528121948242,0.6741400957107544,0.5,0.6926644444465637
3,0.5424528121948242,0.6723195314407349,0.5,0.6909518241882324
4,0.5424528121948242,0.6704000234603882,0.5,0.6892120838165283
5,0.5424528121948242,0.6685363054275513,0.5,0.6875013709068298
