epoch,accuracy,loss,val_accuracy,val_loss
0,0.5076923370361328,1.2069867849349976,0.5102040767669678,0.6915153861045837
1,0.5153846144676208,1.1002576351165771,0.5102040767669678,0.6945093870162964
2,0.5256410241127014,1.1015698909759521,0.5,0.69342041015625
3,0.535897433757782,0.9753583669662476,0.5,0.6933080554008484
4,0.5102564096450806,1.102887749671936,0.4897959232330322,0.6943503618240356
5,0.49743589758872986,1.0714502334594727,0.4693877696990967,0.6958862543106079
