epoch,accuracy,loss,val_accuracy,val_loss
0,0.4375,0.7076961994171143,0.8461538553237915,0.6077118515968323
1,0.6666666865348816,0.6187119483947754,0.7692307829856873,0.5601924657821655
2,0.8333333134651184,0.5523450374603271,0.8461538553237915,0.503657877445221
3,0.8333333134651184,0.4840707778930664,0.8461538553237915,0.44394391775131226
4,0.8541666865348816,0.41066479682922363,0.8461538553237915,0.38905736804008484
5,0.8541666865348816,0.33879193663597107,0.8461538553237915,0.33971506357192993
