epoch,accuracy,loss,val_accuracy,val_loss
0,0.7077874541282654,0.5651118755340576,0.800582230091095,0.43379124999046326
1,0.8093158602714539,0.4122888445854187,0.8311499357223511,0.37032440304756165
2,0.8318777084350586,0.3768101632595062,0.8486171960830688,0.33791935443878174
3,0.8467976450920105,0.3552720844745636,0.8529840111732483,0.3231174647808075
4,0.86935955286026,0.30921614170074463,0.8602620363235474,0.3064648509025574
5,0.8791848421096802,0.2871813476085663,0.8573508262634277,0.3066743314266205
6,0.8864628672599792,0.2712602913379669,0.863173246383667,0.30418482422828674
7,0.8951964974403381,0.2474452257156372,0.8820960521697998,0.26003244519233704
8,0.9079330563545227,0.23133860528469086,0.8762736320495605,0.26700031757354736
9,0.9159388542175293,0.20534376800060272,0.8893740773200989,0.26280269026756287
10,0.9264919757843018,0.17520025372505188,0.8951964974403381,0.24515604972839355
11,0.938500702381134,0.15935060381889343,0.8864628672599792,0.27083107829093933
12,0.9457787275314331,0.13183337450027466,0.8922852873802185,0.2730625569820404
13,0.9548762440681458,0.1208764985203743,0.8951964974403381,0.3079155385494232
14,0.949417769908905,0.1262364238500595,0.8893740773200989,0.2789037525653839
15,0.9512372612953186,0.12650446593761444,0.896652102470398,0.2951466143131256
16,0.9690684080123901,0.07984621077775955,0.9024745225906372,0.26843854784965515
17,0.9799854159355164,0.059267256408929825,0.9068413376808167,0.31753841042518616
18,0.9745269417762756,0.07059795409440994,0.8981077075004578,0.2894878387451172
19,0.9712518453598022,0.07132472842931747,0.9010189175605774,0.30515438318252563
20,0.9832605719566345,0.05110827460885048,0.896652102470398,0.34257274866104126
21,0.9821688532829285,0.0513882078230381,0.9024745225906372,0.36480510234832764
22,0.9861717820167542,0.040314994752407074,0.8850072622299194,0.4819824695587158
