epoch,accuracy,loss,val_accuracy,val_loss
0,0.4776119291782379,1.221719741821289,0.529411792755127,0.6926068663597107
1,0.641791045665741,0.870780885219574,0.529411792755127,0.6961781978607178
2,0.7014925479888916,0.568538248538971,0.529411792755127,0.6897881031036377
3,0.7313432693481445,0.5260012745857239,0.6470588445663452,0.6818023920059204
4,0.7910447716712952,0.4647127687931061,0.5882353186607361,0.6844468116760254
5,0.8059701323509216,0.38674843311309814,0.5882353186607361,0.6861202120780945
6,0.8358209133148193,0.31264424324035645,0.5882353186607361,0.6885128617286682
7,0.9253731369972229,0.2173430174589157,0.5882353186607361,0.6892700791358948
8,0.8805969953536987,0.24497485160827637,0.529411792755127,0.674051821231842
