epoch,accuracy,loss,val_accuracy,val_loss
0,0.5058695077896118,0.6970166563987732,0.5185589790344238,0.6944438815116882
1,0.5064154863357544,0.6968768239021301,0.5196506381034851,0.6943594217300415
2,0.5069615244865417,0.6967408061027527,0.5207423567771912,0.6942777633666992
3,0.5069615244865417,0.696605920791626,0.5174672603607178,0.69419926404953
4,0.507234513759613,0.6964766383171082,0.5174672603607178,0.6941227316856384
5,0.5069615244865417,0.6963486671447754,0.5174672603607178,0.6940494179725647
6,0.5077804923057556,0.6962249279022217,0.5207423567771912,0.6939777731895447
7,0.5077804923057556,0.6961038112640381,0.5196506381034851,0.6939085721969604
