epoch,accuracy,loss,val_accuracy,val_loss
0,0.5184603929519653,0.7045936584472656,0.5480349063873291,0.6880046725273132
1,0.5338156223297119,0.6920866370201111,0.5403929948806763,0.6888771057128906
2,0.534634530544281,0.6928765773773193,0.5496724843978882,0.6873605847358704
3,0.5426192879676819,0.6919098496437073,0.5466703176498413,0.6842978000640869
4,0.5412543416023254,0.6938637495040894,0.5343886613845825,0.6889743804931641
5,0.5340886116027832,0.6949970722198486,0.5414847135543823,0.6886817812919617
6,0.5413225889205933,0.6942474842071533,0.5439410209655762,0.6872642636299133
7,0.5387974977493286,0.6960622668266296,0.5210152864456177,0.6928921341896057
