epoch,accuracy,loss,val_accuracy,val_loss
0,0.8498088717460632,0.36412808299064636,0.9257642030715942,0.18964290618896484
1,0.9328235983848572,0.1733362227678299,0.9519650936126709,0.1362953931093216
2,0.9655925631523132,0.107265405356884,0.9672489166259766,0.0977405309677124
3,0.9759694337844849,0.07154128700494766,0.960698664188385,0.09553521871566772
4,0.9787001609802246,0.06001630797982216,0.9454148411750793,0.13838976621627808
5,0.9868924021720886,0.05338100343942642,0.9650654792785645,0.11067192256450653
6,0.991807758808136,0.018562333658337593,0.9628821015357971,0.14891889691352844
7,0.9950846433639526,0.018218107521533966,0.9628821015357971,0.17412437498569489
