epoch,accuracy,loss,val_accuracy,val_loss
0,0.49940812587738037,0.7193479537963867,0.5118358731269836,0.6929762363433838
1,0.4899381697177887,0.6933636665344238,0.5118358731269836,0.6929560303688049
2,0.4928317666053772,0.6947540044784546,0.5118358731269836,0.6931113600730896
3,0.4873076379299164,0.6936697363853455,0.5118358731269836,0.6930123567581177
4,0.5005918741226196,0.6933184862136841,0.5118358731269836,0.6928670406341553
5,0.49993422627449036,0.6937342286109924,0.48816412687301636,0.6954849362373352
