epoch,accuracy,loss,val_accuracy,val_loss
0,0.5580987334251404,0.6832565665245056,0.5788858532905579,0.6739804744720459
1,0.6030973196029663,0.657133936882019,0.6225165724754333,0.6391525268554688
2,0.6499464511871338,0.6137301325798035,0.670042872428894,0.5983100533485413
3,0.694750189781189,0.5628074407577515,0.692247748374939,0.5633530020713806
4,0.7482224702835083,0.504296064376831,0.7448383569717407,0.5099870562553406
5,0.7895198464393616,0.4406188130378723,0.7724970579147339,0.4714299440383911
6,0.8253628015518188,0.38385382294654846,0.805999219417572,0.4176992177963257
7,0.8562384247779846,0.32766419649124146,0.8285936713218689,0.3675771951675415
8,0.8858478665351868,0.27956104278564453,0.8437865376472473,0.3521673381328583
9,0.9052303433418274,0.23818673193454742,0.8702765703201294,0.29237374663352966
10,0.924612820148468,0.20207735896110535,0.8850798606872559,0.26275017857551575
11,0.9372747540473938,0.17290641367435455,0.9037787318229675,0.22379672527313232
12,0.9505211114883423,0.13906708359718323,0.9084534645080566,0.23922093212604523
13,0.9548066854476929,0.1282777041196823,0.9037787318229675,0.22999922931194305
14,0.9579234719276428,0.12024123966693878,0.9104012250900269,0.23813383281230927
15,0.9699035882949829,0.09015931189060211,0.9045578241348267,0.24556702375411987
16,0.9754553437232971,0.07802259922027588,0.920140266418457,0.20714645087718964
17,0.9619168043136597,0.11695174127817154,0.945461630821228,0.15222322940826416
18,0.9844160676002502,0.056426599621772766,0.9361121654510498,0.17261295020580292
19,0.981883704662323,0.06442240625619888,0.9014413952827454,0.3168759047985077
20,0.9807149171829224,0.06173603981733322,0.8870276808738708,0.3182147145271301
21,0.9905522465705872,0.035909004509449005,0.9505258798599243,0.14414429664611816
22,0.9909418821334839,0.03171558678150177,0.9555901885032654,0.14735406637191772
23,0.9781825542449951,0.06575579196214676,0.9407868981361389,0.17116016149520874
24,0.9866562485694885,0.042904991656541824,0.945461630821228,0.16688483953475952
25,0.9962013959884644,0.017808426171541214,0.943903386592865,0.17980459332466125
26,0.9797409176826477,0.06400179117918015,0.9532528519630432,0.13300210237503052
27,0.9884094595909119,0.04848713427782059,0.9415660500526428,0.16122551262378693
