epoch,accuracy,loss,val_accuracy,val_loss
0,0.447761207818985,0.7045764923095703,0.3529411852359772,0.7016267776489258
1,0.46268656849861145,0.7138482332229614,0.3529411852359772,0.7021743059158325
2,0.5298507213592529,0.6965276598930359,0.3235294222831726,0.7024969458580017
3,0.5373134613037109,0.7013620138168335,0.38235294818878174,0.7027571201324463
4,0.5298507213592529,0.6945085525512695,0.38235294818878174,0.7027924060821533
5,0.44029849767684937,0.7120347023010254,0.38235294818878174,0.7029138803482056
6,0.3955223858356476,0.71839839220047,0.38235294818878174,0.7030312418937683
7,0.5373134613037109,0.694634199142456,0.38235294818878174,0.7029864192008972
8,0.5149253606796265,0.686158299446106,0.38235294818878174,0.7032951712608337
