epoch,accuracy,loss,val_accuracy,val_loss
0,0.7986871004104614,0.43027645349502563,0.8733624219894409,0.4649735391139984
1,0.9004376530647278,0.2330510914325714,0.8995633125305176,0.442037433385849
2,0.9288840293884277,0.16979283094406128,0.8602620363235474,0.4005114734172821
3,0.9518599510192871,0.13824909925460815,0.8864628672599792,0.36810633540153503
4,0.9737417697906494,0.10005443543195724,0.8864628672599792,0.3365608751773834
5,0.9846827387809753,0.08409294486045837,0.8820960521697998,0.30590951442718506
6,0.9814004302024841,0.0745243951678276,0.8777292370796204,0.2915431261062622
