epoch,accuracy,loss,val_accuracy,val_loss
0,0.5043763518333435,0.6994041204452515,0.5021833777427673,0.6918895840644836
1,0.5,0.6961343884468079,0.5021833777427673,0.6918526291847229
2,0.5164113640785217,0.6960188150405884,0.4978165924549103,0.6918184161186218
3,0.5076586604118347,0.6985170245170593,0.4978165924549103,0.6917811036109924
4,0.49781182408332825,0.7000171542167664,0.4978165924549103,0.6917448043823242
5,0.5153172612190247,0.6955930590629578,0.4978165924549103,0.6917093992233276
