epoch,accuracy,loss,val_accuracy,val_loss
0,0.5021882057189941,0.7069250345230103,0.4890829622745514,0.7038821578025818
1,0.4945295453071594,0.7092882990837097,0.4890829622745514,0.7038253545761108
2,0.5,0.7075116634368896,0.4890829622745514,0.7037754058837891
3,0.5229759216308594,0.7030729651451111,0.4890829622745514,0.7037251591682434
4,0.49781182408332825,0.7076489925384521,0.4890829622745514,0.7036776542663574
5,0.5021882057189941,0.7058622241020203,0.4890829622745514,0.7036247849464417
