epoch,accuracy,loss,val_accuracy,val_loss
0,0.8226392269134521,0.3996666371822357,0.8886198401451111,0.26903361082077026
1,0.8958837985992432,0.2547726333141327,0.9104115962982178,0.23593856394290924
2,0.9225181341171265,0.19295471906661987,0.9418886303901672,0.1759907752275467
3,0.9418886303901672,0.1616305559873581,0.9443099498748779,0.14633870124816895
4,0.9515738487243652,0.11665738373994827,0.9612590670585632,0.1248171254992485
5,0.9491525292396545,0.14012452960014343,0.9346246719360352,0.14489157497882843
6,0.9673123359680176,0.08941319584846497,0.9443099498748779,0.16409195959568024
7,0.9769975543022156,0.08040722459554672,0.9685230255126953,0.08967258781194687
8,0.981840193271637,0.054230231791734695,0.9661017060279846,0.09251148998737335
9,0.9709442853927612,0.07257930189371109,0.9709442853927612,0.0723462700843811
10,0.9654963612556458,0.10391548275947571,0.9491525292396545,0.11575095355510712
11,0.9842615127563477,0.05335187166929245,0.9782082438468933,0.0776454284787178
12,0.9854721426963806,0.04334555193781853,0.9539951682090759,0.15751607716083527
13,0.9860774874687195,0.05360139161348343,0.9733656048774719,0.08610384166240692
14,0.9951573610305786,0.020947106182575226,0.9854721426963806,0.0582536906003952
15,1.0,0.0037100629415363073,0.9854721426963806,0.07561436295509338
16,0.998789370059967,0.0030691837891936302,0.9830508232116699,0.058822568506002426
17,0.9993946552276611,0.002710153115913272,0.9878934621810913,0.06346157193183899
18,1.0,0.0018196490127593279,0.9854721426963806,0.07520684599876404
19,1.0,0.0010936895851045847,0.9878934621810913,0.07796948403120041
20,1.0,0.0012321750400587916,0.9878934621810913,0.07436084002256393
21,1.0,0.000750878534745425,0.990314781665802,0.08464592695236206
22,1.0,0.0008278786554001272,0.9854721426963806,0.08930476754903793
23,1.0,0.00042113239760510623,0.9878934621810913,0.09085557609796524
24,0.9872881174087524,0.041489481925964355,0.9515738487243652,0.1784335821866989
25,0.9794188737869263,0.07275737822055817,0.9757869243621826,0.08208272606134415
26,0.9945520758628845,0.014079517684876919,0.9854721426963806,0.06587892770767212
