epoch,accuracy,loss,val_accuracy,val_loss
0,0.8574269413948059,0.3353259265422821,0.8990461230278015,0.24810482561588287
1,0.9021674394607544,0.244216188788414,0.8903020620346069,0.28237253427505493
2,0.911910891532898,0.22635498642921448,0.9157392978668213,0.22548222541809082
3,0.9200636148452759,0.20690274238586426,0.9220985770225525,0.20380298793315887
4,0.9278186559677124,0.18628434836864471,0.9292528033256531,0.1945999711751938
5,0.934977114200592,0.1716236025094986,0.9181240200996399,0.19325804710388184
6,0.9395505785942078,0.1597464382648468,0.9276629686355591,0.18049103021621704
7,0.9447206258773804,0.14363844692707062,0.9356120824813843,0.16179193556308746
8,0.9473056197166443,0.13375546038150787,0.9348171949386597,0.1703975349664688
9,0.9572479724884033,0.1085238829255104,0.9205087423324585,0.17996780574321747
10,0.9580433368682861,0.10753770917654037,0.9403815865516663,0.1572321504354477
11,0.9661960601806641,0.08798722922801971,0.9157392978668213,0.23294851183891296
12,0.9753429889678955,0.07650911808013916,0.9427663087844849,0.15524223446846008
13,0.9755418300628662,0.0707329511642456,0.9570747017860413,0.12255563586950302
14,0.9801153540611267,0.056235041469335556,0.9379968047142029,0.16005206108093262
15,0.9878703355789185,0.04083694517612457,0.953895092010498,0.129383847117424
16,0.9884669184684753,0.03648164123296738,0.9642289280891418,0.1083008199930191
17,0.9864784479141235,0.04040449485182762,0.9642289280891418,0.10577964782714844
18,0.9918472766876221,0.02621356211602688,0.9650238752365112,0.10844892263412476
19,0.9942334294319153,0.02261529117822647,0.970588207244873,0.08965978026390076
20,0.9952276945114136,0.017228351905941963,0.9689984321594238,0.09019111841917038
21,0.9920461177825928,0.025042226538062096,0.9634340405464172,0.10699620842933655
22,0.9966195821762085,0.01456005685031414,0.9650238752365112,0.10132691264152527
23,0.9978126883506775,0.008366663940250874,0.9674085974693298,0.09524000436067581
24,0.9948300123214722,0.015408354811370373,0.9602543711662292,0.12598855793476105
