epoch,accuracy,loss,val_accuracy,val_loss
0,0.8007380366325378,0.41496554017066956,0.8967551589012146,0.24395319819450378
1,0.8701106905937195,0.29189932346343994,0.8938053250312805,0.253439337015152
2,0.8952029347419739,0.25509217381477356,0.9144542813301086,0.18859203159809113
3,0.9077490568161011,0.23727169632911682,0.9085545539855957,0.22836674749851227
4,0.9284132719039917,0.20044323801994324,0.8938053250312805,0.22535572946071625
5,0.9321033358573914,0.18060623109340668,0.9144542813301086,0.19585978984832764
6,0.9446494579315186,0.1595241129398346,0.8938053250312805,0.23674578964710236
7,0.9394834041595459,0.15423893928527832,0.9115044474601746,0.20851753652095795
