epoch,accuracy,loss,val_accuracy,val_loss
0,0.5074626803398132,0.7123683094978333,0.47058823704719543,0.7116897106170654
1,0.4514925479888916,0.7224462032318115,0.4852941036224365,0.7106559872627258
2,0.48880597949028015,0.715249240398407,0.4852941036224365,0.7096144556999207
3,0.48507463932037354,0.7096877098083496,0.4852941036224365,0.7085548639297485
4,0.48507463932037354,0.7179047465324402,0.4852941036224365,0.7075750231742859
5,0.5223880410194397,0.6990374326705933,0.4852941036224365,0.7065588235855103
6,0.5373134613037109,0.7006399035453796,0.4852941036224365,0.7056383490562439
