epoch,accuracy,loss,val_accuracy,val_loss
0,0.5217062830924988,0.690800130367279,0.49622926115989685,0.6936760544776917
1,0.5254813432693481,0.6896920800209045,0.5067873597145081,0.6931179761886597
2,0.5379388332366943,0.6893092393875122,0.5052790641784668,0.6927770972251892
3,0.5334088206291199,0.6889445781707764,0.5067873597145081,0.6925067901611328
4,0.5379388332366943,0.6883803009986877,0.5067873597145081,0.6922827959060669
5,0.5454888343811035,0.688058078289032,0.5052790641784668,0.6920381784439087
6,0.5428463816642761,0.6876794695854187,0.5067873597145081,0.6919295191764832
