epoch,accuracy,loss,val_accuracy,val_loss
0,0.5163562893867493,0.715444028377533,0.5492957830429077,0.6838804483413696
1,0.550578773021698,0.6840962767601013,0.6016096472740173,0.6732072234153748
2,0.6185203790664673,0.664770781993866,0.5935613512992859,0.6827712655067444
3,0.6366381645202637,0.6391432285308838,0.6136820912361145,0.6501413583755493
4,0.6844488978385925,0.6008797883987427,0.591549277305603,0.6671762466430664
5,0.7121288180351257,0.5570803284645081,0.5694165229797363,0.7493999600410461
6,0.7528938055038452,0.5030718445777893,0.5895372033119202,0.7412155270576477
7,0.8122798204421997,0.4178294241428375,0.5935613512992859,0.7549049854278564
8,0.8600906133651733,0.3289211094379425,0.5975854992866516,0.8882220387458801
