epoch,accuracy,loss,val_accuracy,val_loss
0,0.5045045018196106,0.6985632181167603,0.5714285969734192,0.6958922147750854
1,0.477477490901947,0.6853357553482056,0.5,0.7050700187683105
2,0.6126126050949097,0.6513197422027588,0.5,0.7132803797721863
3,0.5855855941772461,0.6611729264259338,0.4642857015132904,0.7193050980567932
4,0.6486486196517944,0.6263504028320312,0.4642857015132904,0.7180866599082947
5,0.6396396160125732,0.6418547630310059,0.4285714328289032,0.7177643179893494
