epoch,accuracy,loss,val_accuracy,val_loss
0,0.6489899158477783,0.614440381526947,0.7279596924781799,0.5484036207199097
1,0.7506313323974609,0.48415911197662354,0.8136020302772522,0.3982689678668976
2,0.8181818127632141,0.4034656286239624,0.8337531685829163,0.3477459251880646
3,0.8573232293128967,0.32073506712913513,0.8438287377357483,0.3191707134246826
4,0.9135100841522217,0.21179403364658356,0.8866498470306396,0.24663172662258148
5,0.9444444179534912,0.1519971489906311,0.9420654773712158,0.14592979848384857
6,0.9602272510528564,0.11593590676784515,0.9294710159301758,0.1679789125919342
7,0.9608585834503174,0.09544529765844345,0.9546599388122559,0.1134568303823471
8,0.9854797720909119,0.04753800481557846,0.9672544002532959,0.09608738124370575
9,0.9924242496490479,0.036615703254938126,0.9596977233886719,0.11033490300178528
10,0.9886363744735718,0.038160789757966995,0.9622166156768799,0.08918549865484238
11,0.9949495196342468,0.025171633809804916,0.9697732925415039,0.07457447797060013
12,0.9987373948097229,0.012679539620876312,0.982367753982544,0.053969405591487885
13,0.9993686676025391,0.00673286709934473,0.9798488616943359,0.07259335368871689
14,1.0,0.004251593723893166,0.984886646270752,0.05055768042802811
15,0.9987373948097229,0.006631918251514435,0.9798488616943359,0.058029621839523315
16,1.0,0.0036826811265200377,0.982367753982544,0.05041377618908882
17,0.9993686676025391,0.0038353062700480223,0.984886646270752,0.0526728630065918
18,0.998106062412262,0.006202372722327709,0.9798488616943359,0.05577988177537918
19,0.9993686676025391,0.0038872782606631517,0.9773299694061279,0.04647514969110489
