{
  "checkpoints": [
    "{\n  \"trainable_name\": \"BlackBox\",\n  \"trial_id\": \"be807960\",\n  \"config\": {\n    \"window_size\": 50.0,\n    \"step_size\": 0.5,\n    \"kernel_size\": 6.0,\n    \"pool_size\": 2.0,\n    \"optimizer\": \"sgd\",\n    \"activation\": \"elu\",\n    \"learning_rate\": 0.00015918032330027875,\n    \"temporal_filters\": 20.0,\n    \"batch_normalization\": true,\n    \"n_conv_layers\": 0.0,\n    \"n_fc_layers\": 2.0,\n    \"n_neurons_2nd_layer\": 0.4,\n    \"dropout_rate\": 0.6\n  },\n  \"local_dir\": \"/home/keras/ray_results/subject_C15\",\n  \"evaluated_params\": {\n    \"activation\": \"elu\",\n    \"batch_normalization\": true,\n    \"dropout_rate\": 0.6,\n    \"kernel_size\": 6.0,\n    \"learning_rate\": 0.00015918032330027875,\n    \"n_conv_layers\": 0.0,\n    \"n_fc_layers\": 2.0,\n    \"n_neurons_2nd_layer\": 0.4,\n    \"optimizer\": \"sgd\",\n    \"pool_size\": 2.0,\n    \"step_size\": 0.5,\n    \"temporal_filters\": 20.0,\n    \"window_size\": 50.0\n  },\n  \"experiment_tag\": \"1_activation=elu,batch_normalization=True,dropout_rate=0.6,kernel_size=6.0,learning_rate=0.00015918,n_conv_layers=0.0,n_fc_layers=2.0,n_neurons_2nd_layer=0.4,optimizer=sgd,pool_size=2.0,step_size=0.5,temporal_filters=20.0,window_size=50.0\",\n  \"location\": {\n    \"_type\": \"CLOUDPICKLE_FALLBACK\",\n    \"value\": \"8005953a000000000000008c0e7261792e74756e652e747269616c948c084c6f636174696f6e9493942981947d94288c08686f73746e616d65944e8c03706964944e75622e\"\n  },\n  \"resources\": {\n    \"cpu\": 1,\n    \"gpu\": 1,\n    \"memory\": 0,\n    \"object_store_memory\": 0,\n    \"extra_cpu\": 0,\n    \"extra_gpu\": 0,\n    \"extra_memory\": 0,\n    \"extra_object_store_memory\": 0,\n    \"custom_resources\": {},\n    \"extra_custom_resources\": {}\n  },\n  \"placement_group_factory\": {\n    \"_type\": \"CLOUDPICKLE_FALLBACK\",\n    \"value\": \"800595b2000000000000008c1f7261792e74756e652e7574696c732e706c6163656d656e745f67726f757073948c15506c6163656d656e7447726f7570466163746f72799493942981947d94288c085f62756e646c6573945d947d94288c03435055944b018c03475055944b018c066d656d6f7279944b008c136f626a6563745f73746f72655f6d656d6f7279944b0075618c095f7374726174656779948c045041434b948c055f6172677394298c075f6b7761726773947d9475622e\"\n  },\n  \"stopping_criterion\": {\n    \"training_iteration\": 1\n  },\n  \"log_to_file\": [\n    null,\n    null\n  ],\n  \"max_failures\": 0,\n  \"last_result\": {},\n  \"last_update_time\": -Infinity,\n  \"metric_analysis\": {},\n  \"n_steps\": [\n    5,\n    10\n  ],\n  \"metric_n_steps\": {},\n  \"export_formats\": [],\n  \"status\": \"RUNNING\",\n  \"start_time\": 1627379287.2684388,\n  \"logdir\": \"/home/keras/ray_results/subject_C15/BlackBox_be807960_1_activation=elu,batch_normalization=True,dropout_rate=0.6,kernel_size=6.0,learning_rate=0.00015918,n_conv_layer_2021-07-27_09-48-06\",\n  \"runner\": null,\n  \"last_debug\": 0,\n  \"error_file\": null,\n  \"error_msg\": null,\n  \"trial_name_creator\": null,\n  \"custom_trial_name\": null,\n  \"custom_dirname\": null,\n  \"saving_to\": null,\n  \"remote_checkpoint_dir_prefix\": null,\n  \"checkpoint_freq\": 0,\n  \"checkpoint_at_end\": false,\n  \"keep_checkpoints_num\": null,\n  \"checkpoint_score_attr\": \"training_iteration\",\n  \"sync_on_checkpoint\": true,\n  \"checkpoint_manager\": {\n    \"_type\": \"CLOUDPICKLE_FALLBACK\",\n    \"value\": \"80059566010000000000008c1b7261792e74756e652e636865636b706f696e745f6d616e61676572948c11436865636b706f696e744d616e616765729493942981947d94288c146b6565705f636865636b706f696e74735f6e756d94477ff00000000000008c165f636865636b706f696e745f73636f72655f6465736394898c165f636865636b706f696e745f73636f72655f61747472948c12747261696e696e675f697465726174696f6e948c1c6e65776573745f70657273697374656e745f636865636b706f696e749468008c0a436865636b706f696e749493942981947d94288c0773746f72616765948c0a70657273697374656e74948c0576616c7565944e8c06726573756c74947d9475628c195f6e65776573745f6d656d6f72795f636865636b706f696e7494680b2981947d9428680e8c066d656d6f72799468104e68117d9475628c115f626573745f636865636b706f696e7473945d948c0b5f6d656d62657273686970948f9475622e\"\n  },\n  \"restore_path\": null,\n  \"restoring_from\": null,\n  \"num_failures\": 0,\n  \"results\": \"80054e2e\",\n  \"best_result\": \"80054e2e\",\n  \"param_config\": \"80054e2e\",\n  \"extra_arg\": \"80054e2e\",\n  \"_state_json\": null,\n  \"_state_valid\": false\n}"
  ],
  "runner_data": {
    "_max_pending_trials": 1,
    "_metric": "val_accuracy",
    "_total_time": 0,
    "_iteration": 0,
    "_has_errored": false,
    "_fail_fast": false,
    "_server_port": null,
    "_cached_trial_decisions": {},
    "_queued_trial_decisions": {},
    "_updated_queue": true,
    "_should_stop_experiment": false,
    "_local_checkpoint_dir": "/home/keras/ray_results/subject_C15",
    "_remote_checkpoint_dir": null,
    "_stopper": {
      "_type": "CLOUDPICKLE_FALLBACK",
      "value": "80059527000000000000008c107261792e74756e652e73746f70706572948c0b4e6f6f7053746f707065729493942981942e"
    },
    "_resumed": false,
    "_start_time": 1627379286.6927817,
    "_last_checkpoint_time": -Infinity,
    "_session_str": "2021-07-27_09-48-06",
    "checkpoint_file": "/home/keras/ray_results/subject_C15/experiment_state-2021-07-27_09-48-06.json",
    "_checkpoint_period": "auto",
    "launch_web_server": false
  },
  "stats": {
    "start_time": 1627379286.6927817,
    "timestamp": 0.0
  }
}