epoch,accuracy,loss,val_accuracy,val_loss
0,0.7861990928649902,0.9715126156806946,0.8868778347969055,0.5273336172103882
1,0.8733031749725342,0.3129766881465912,0.8868778347969055,0.32493215799331665
2,0.8959276080131531,0.27139243483543396,0.8823529481887817,0.32552552223205566
3,0.8857465982437134,0.276665598154068,0.9095022678375244,0.20778976380825043
4,0.8925339579582214,0.26292216777801514,0.9230769276618958,0.19941985607147217
5,0.9038461446762085,0.2610766291618347,0.9230769276618958,0.20408767461776733
6,0.9061086177825928,0.2581453323364258,0.9411764740943909,0.18209263682365417
7,0.9196832776069641,0.2046683132648468,0.9276018142700195,0.20323005318641663
8,0.9196832776069641,0.22459687292575836,0.7918552160263062,0.4545935392379761
9,0.9106335043907166,0.24900445342063904,0.9230769276618958,0.1978279948234558
10,0.9253393411636353,0.17691145837306976,0.8642534017562866,0.3139762282371521
11,0.9242081642150879,0.20020265877246857,0.9140271544456482,0.2224457710981369
