epoch,accuracy,loss,val_accuracy,val_loss
0,0.5553379654884338,0.8887218236923218,0.6058897376060486,0.6788343787193298
1,0.6297485828399658,0.7110617160797119,0.6713659167289734,0.6130651235580444
2,0.7022010087966919,0.5993431210517883,0.6986215710639954,0.6051543354988098
3,0.7589097023010254,0.5022976994514465,0.8120300769805908,0.42752397060394287
4,0.8182815313339233,0.40009981393814087,0.8201754093170166,0.38193872570991516
5,0.8606563806533813,0.32090747356414795,0.7556390762329102,0.5817644596099854
6,0.8977833390235901,0.24585731327533722,0.8693609237670898,0.30527016520500183
7,0.9179916977882385,0.20258337259292603,0.8994361162185669,0.25395306944847107
8,0.9358502626419067,0.16303639113903046,0.9069548845291138,0.22449789941310883
9,0.9526905417442322,0.12146088480949402,0.9125939607620239,0.23942412436008453
10,0.9550403356552124,0.11557696759700775,0.9116541147232056,0.23208975791931152
11,0.9642046093940735,0.09755562245845795,0.9031955003738403,0.2728864550590515
12,0.9677293300628662,0.08559001982212067,0.9223057627677917,0.2107658088207245
13,0.9738388061523438,0.06800849735736847,0.8840852379798889,0.40722087025642395
14,0.9749353528022766,0.06435900181531906,0.7709899544715881,1.0851236581802368
15,0.973682165145874,0.07270391285419464,0.8452380895614624,0.5765366554260254
16,0.9742304086685181,0.06588870286941528,0.9310777187347412,0.21325156092643738
17,0.9846479296684265,0.04190569370985031,0.9147869944572449,0.28312787413597107
18,0.9808099269866943,0.05222255736589432,0.8455513715744019,0.669186532497406
19,0.9788517355918884,0.05847105011343956,0.939223051071167,0.1767546534538269
20,0.9826114177703857,0.04642259702086449,0.8975563645362854,0.3788820803165436
21,0.9802616238594055,0.05165192112326622,0.9254385828971863,0.25551626086235046
22,0.982454776763916,0.04853760078549385,0.9185463786125183,0.29325538873672485
23,0.9851962327957153,0.041886474937200546,0.9335839748382568,0.21294847130775452
24,0.9855878353118896,0.040445927530527115,0.9479950070381165,0.1816672831773758
25,0.9859794974327087,0.040162343531847,0.9229323267936707,0.24945542216300964
26,0.9892691969871521,0.029119962826371193,0.9313910007476807,0.22298702597618103
27,0.9866061210632324,0.040385935455560684,0.9332706928253174,0.21891440451145172
28,0.9867627620697021,0.03758137300610542,0.9398496150970459,0.22356781363487244
29,0.9848828911781311,0.039722368121147156,0.9454887509346008,0.18788257241249084
