epoch,accuracy,loss,val_accuracy,val_loss
0,0.5220450758934021,0.7463618516921997,0.5381964445114136,0.6918018460273743
1,0.5638374090194702,0.6933107972145081,0.5542791485786438,0.6941124200820923
2,0.5960074663162231,0.6734344959259033,0.5640436410903931,0.6904332637786865
3,0.6123797297477722,0.6550127267837524,0.5807007551193237,0.6765756607055664
4,0.6360763907432556,0.6402505040168762,0.6059736013412476,0.6621480584144592
5,0.6546028852462769,0.6229625940322876,0.6025272607803345,0.6696004867553711
6,0.6735602617263794,0.6124606728553772,0.6214818954467773,0.6538567543029785
7,0.6749964356422424,0.6004892587661743,0.6151636838912964,0.6524264216423035
8,0.6836133599281311,0.5869041085243225,0.6163124442100525,0.6727215647697449
9,0.7021398544311523,0.5725895762443542,0.5910396575927734,0.7213795781135559
10,0.7045813798904419,0.5642978549003601,0.6209075450897217,0.6651528477668762
11,0.7032887935638428,0.5603163838386536,0.6496266722679138,0.6226451396942139
12,0.7226769924163818,0.5437554717063904,0.6094198822975159,0.698262631893158
13,0.7246876358985901,0.5379389524459839,0.6743251085281372,0.609018087387085
14,0.7383311986923218,0.5218018889427185,0.6588167548179626,0.6124587059020996
15,0.7522619366645813,0.5035881996154785,0.6490522623062134,0.6348532438278198
16,0.7498204708099365,0.5051451921463013,0.6542217135429382,0.6647986173629761
17,0.7572885155677795,0.4965626001358032,0.6748994588851929,0.5993144512176514
18,0.7759586572647095,0.4762159287929535,0.6743251085281372,0.5905075073242188
