epoch,accuracy,loss,val_accuracy,val_loss
0,0.5257731676101685,0.814114511013031,0.4399999976158142,0.7098188996315002
1,0.5463917255401611,0.8098093271255493,0.4399999976158142,0.7098788619041443
2,0.5463917255401611,0.8062934279441833,0.47999998927116394,0.7088778614997864
3,0.5773195624351501,0.7898817658424377,0.47999998927116394,0.7081320285797119
4,0.5463917255401611,0.7871912717819214,0.47999998927116394,0.7075503468513489
5,0.5773195624351501,0.7771965265274048,0.47999998927116394,0.7069119811058044
6,0.6185566782951355,0.7657551169395447,0.47999998927116394,0.7057477831840515
7,0.5360824465751648,0.7728433609008789,0.47999998927116394,0.7050923705101013
