epoch,accuracy,loss,val_accuracy,val_loss
0,0.6691449880599976,0.6589680314064026,0.8235294222831726,0.5743398070335388
1,0.8401486873626709,0.33019256591796875,0.8235294222831726,0.5165301561355591
2,0.8513011336326599,0.28457963466644287,0.8235294222831726,0.49064400792121887
3,0.8810408711433411,0.2349831461906433,0.8088235259056091,0.47518792748451233
4,0.9070631861686707,0.19612102210521698,0.8088235259056091,0.4685220420360565
5,0.9330855011940002,0.1630876511335373,0.8235294222831726,0.46120694279670715
