epoch,accuracy,loss,val_accuracy,val_loss
0,0.5055533647537231,0.6950604915618896,0.49298518896102905,0.697641134262085
1,0.5045791268348694,0.694766104221344,0.49337491393089294,0.6972760558128357
2,0.5071122646331787,0.6945247650146484,0.49298518896102905,0.6969707608222961
3,0.5069173574447632,0.6943227648735046,0.49259549379348755,0.6967066526412964
4,0.5075993537902832,0.6941520571708679,0.49298518896102905,0.6964812278747559
5,0.5067225098609924,0.694007396697998,0.49337491393089294,0.6962851881980896
