epoch,accuracy,loss,val_accuracy,val_loss
0,0.6016222238540649,0.6546125411987305,0.6781035661697388,0.5974710583686829
1,0.7034783959388733,0.5715357661247253,0.7136619091033936,0.5709766745567322
2,0.7221962213516235,0.5520190000534058,0.7199001908302307,0.558436930179596
3,0.735142707824707,0.5406873822212219,0.7192763686180115,0.5497140884399414
4,0.7409140467643738,0.5318983793258667,0.7361197471618652,0.5428698658943176
5,0.7451255917549133,0.5248172879219055,0.7367436289787292,0.53666090965271
6,0.7499610185623169,0.5188641548156738,0.7379912734031677,0.5312385559082031
7,0.7527686953544617,0.5135973691940308,0.7342482805252075,0.5272977352142334
8,0.7527686953544617,0.5086026787757874,0.7404865622520447,0.5236839652061462
9,0.7576041221618652,0.5042762756347656,0.7442295551300049,0.5203452110290527
10,0.7616596221923828,0.4998309314250946,0.7404865622520447,0.5181081891059875
11,0.7624395489692688,0.4960789084434509,0.7454772591590881,0.5177209973335266
12,0.7660271525382996,0.4922063648700714,0.7417342662811279,0.5144208669662476
13,0.7678989171981812,0.4886224567890167,0.7467249035835266,0.512331485748291
14,0.7711745500564575,0.4853263199329376,0.7498440146446228,0.509033203125
15,0.7735142707824707,0.48220309615135193,0.7454772591590881,0.5070627331733704
16,0.7766339182853699,0.4782131016254425,0.7498440146446228,0.5068532824516296
17,0.7758539915084839,0.47519659996032715,0.7454772591590881,0.5032031536102295
18,0.7760099768638611,0.47144997119903564,0.753587007522583,0.5037811994552612
19,0.7778817415237427,0.46873894333839417,0.756706178188324,0.4991764724254608
20,0.7795975804328918,0.4657832086086273,0.753587007522583,0.49773839116096497
21,0.7831851243972778,0.4628160893917084,0.7523393630981445,0.49687445163726807
22,0.7842770218849182,0.45939984917640686,0.7579538226127625,0.4955388605594635
23,0.7866167426109314,0.4567583203315735,0.7542108297348022,0.4941379725933075
24,0.7858368158340454,0.45344582200050354,0.7598253488540649,0.4930359721183777
25,0.787864625453949,0.4510705769062042,0.7598253488540649,0.4922367334365845
26,0.7889564633369446,0.44760942459106445,0.7579538226127625,0.49052780866622925
27,0.7906723022460938,0.4449666440486908,0.7517155408859253,0.4886776804924011
28,0.7923880815505981,0.4418107271194458,0.7523393630981445,0.48872148990631104
29,0.7923880815505981,0.4392278790473938,0.7548347115516663,0.4873884916305542
