epoch,accuracy,loss,val_accuracy,val_loss
0,0.6142545342445374,0.6530960202217102,0.7357142567634583,0.5773812532424927
1,0.7764542102813721,0.4747159481048584,0.817460298538208,0.4021967947483063
2,0.8443517684936523,0.359039306640625,0.8476190567016602,0.3330272138118744
3,0.8588445782661438,0.3214074969291687,0.8460317254066467,0.3180958926677704
4,0.8723446726799011,0.2959456145763397,0.8738095164299011,0.2915053367614746
5,0.8794917464256287,0.27577799558639526,0.8817460536956787,0.2697233557701111
6,0.888227105140686,0.25922006368637085,0.8880952596664429,0.2669779658317566
7,0.8955727815628052,0.2463449388742447,0.891269862651825,0.2462252378463745
8,0.8993448615074158,0.23409360647201538,0.891269862651825,0.2450241595506668
9,0.9060949087142944,0.22204501926898956,0.894444465637207,0.23368827998638153
10,0.9104625582695007,0.21510134637355804,0.8873015642166138,0.24408787488937378
11,0.9116537570953369,0.2108127921819687,0.8817460536956787,0.2489447146654129
12,0.9126464128494263,0.2005724012851715,0.882539689540863,0.2669932246208191
13,0.9205876588821411,0.19423618912696838,0.8873015642166138,0.23707972466945648
14,0.9225729703903198,0.18856248259544373,0.8992063403129578,0.2234385460615158
15,0.9197935461997986,0.18305426836013794,0.8976190686225891,0.227655291557312
16,0.9235656261444092,0.17714904248714447,0.891269862651825,0.22841376066207886
17,0.928727388381958,0.1718081533908844,0.9007936716079712,0.20574691891670227
18,0.9303156733512878,0.16635119915008545,0.9111111164093018,0.20284409821033478
19,0.9311097860336304,0.16172350943088531,0.8984127044677734,0.2165401577949524
20,0.9342862963676453,0.1541316658258438,0.9015873074531555,0.20802710950374603
21,0.9368671774864197,0.14932256937026978,0.9047619104385376,0.20299319922924042
22,0.9402422308921814,0.14554432034492493,0.8936507701873779,0.22527654469013214
23,0.9463966488838196,0.1384015828371048,0.9182539582252502,0.188095360994339
24,0.9467937350273132,0.132936030626297,0.9166666865348816,0.19391439855098724
25,0.9513599276542664,0.12630660831928253,0.9126983880996704,0.18741537630558014
26,0.9511613845825195,0.12591330707073212,0.9174603223800659,0.18904000520706177
27,0.9523525834083557,0.11829918622970581,0.8896825313568115,0.2635698914527893
28,0.9583085179328918,0.11476925015449524,0.9158729910850525,0.19143046438694
