epoch,accuracy,loss,val_accuracy,val_loss
0,0.4583333432674408,0.72739177942276,0.38461539149284363,0.7099924087524414
1,0.5416666865348816,0.7063397765159607,0.38461539149284363,0.709996223449707
2,0.4583333432674408,0.7198529243469238,0.38461539149284363,0.7100490927696228
3,0.5,0.6986337304115295,0.38461539149284363,0.7100423574447632
4,0.4791666567325592,0.6972048282623291,0.38461539149284363,0.7099940776824951
5,0.4583333432674408,0.724498987197876,0.38461539149284363,0.7099707722663879
