epoch,accuracy,loss,val_accuracy,val_loss
0,0.7097505927085876,0.5637205243110657,0.8738738894462585,0.5808538198471069
1,0.795918345451355,0.38678860664367676,0.9189189076423645,0.5513853430747986
2,0.8639456033706665,0.3278016149997711,0.9099099040031433,0.5314634442329407
3,0.8775510191917419,0.3056165874004364,0.9279279112815857,0.5133181214332581
4,0.8775510191917419,0.2904948592185974,0.9189189076423645,0.4950222671031952
5,0.884353756904602,0.2660425305366516,0.9189189076423645,0.47973358631134033
6,0.8888888955116272,0.25193122029304504,0.9189189076423645,0.46451976895332336
7,0.9024943113327026,0.23960012197494507,0.9189189076423645,0.44806158542633057
8,0.9070294499397278,0.22812622785568237,0.9189189076423645,0.436867356300354
