epoch,accuracy,loss,val_accuracy,val_loss
0,0.5354984998703003,0.6906105279922485,0.5391566157341003,0.6895530819892883
1,0.5626888275146484,0.6848425269126892,0.5481927990913391,0.6885025501251221
2,0.5672205686569214,0.6828008890151978,0.5572289228439331,0.6878791451454163
3,0.5845921635627747,0.6794668436050415,0.5421686768531799,0.6877026557922363
4,0.5906344652175903,0.6762104034423828,0.5240963697433472,0.6856078505516052
5,0.5898791551589966,0.6743029952049255,0.5361445546150208,0.6870110630989075
6,0.6019637584686279,0.6722773313522339,0.5421686768531799,0.6853558421134949
7,0.6012084484100342,0.6705210208892822,0.5421686768531799,0.6855910420417786
