epoch,accuracy,loss,val_accuracy,val_loss
0,0.5035898685455322,0.957155168056488,0.5129235982894897,0.8631502985954285
1,0.5255600214004517,0.857133150100708,0.5847214460372925,0.6860741972923279
2,0.5699310898780823,0.8298165798187256,0.5858702063560486,0.8389678001403809
3,0.5850086212158203,0.8005123138427734,0.6255025863647461,0.6459243893623352
4,0.6164560317993164,0.7603771090507507,0.6031016707420349,0.8128148317337036
5,0.6477599143981934,0.7375420928001404,0.6777713894844055,0.6020581722259521
6,0.673319935798645,0.6941726803779602,0.689833402633667,0.6434807777404785
7,0.7138139009475708,0.6523351669311523,0.7277426719665527,0.5991091728210449
8,0.7442561984062195,0.6181175708770752,0.7702469825744629,0.49679628014564514
9,0.7659391164779663,0.5784199237823486,0.7535898685455322,0.5483132600784302
10,0.7982481122016907,0.46233898401260376,0.7489948272705078,0.5918277502059937
11,0.8373061418533325,0.375614196062088,0.8029868006706238,0.47264453768730164
12,0.8760769963264465,0.2902068793773651,0.8311315178871155,0.4333963990211487
13,0.8990522623062134,0.23968037962913513,0.8322802782058716,0.4211800992488861
14,0.9284893870353699,0.18017585575580597,0.8523836731910706,0.4454880952835083
15,0.9406949877738953,0.14735916256904602,0.8374497294425964,0.5429177284240723
16,0.947300374507904,0.1313215047121048,0.8282596468925476,0.5390850305557251
17,0.9564905166625977,0.11985089629888535,0.8644457459449768,0.46322664618492126
18,0.9722860455513,0.07880698889493942,0.819069504737854,0.6965486407279968
19,0.9632394909858704,0.10018417239189148,0.8535324335098267,0.5051732063293457
20,0.9732912182807922,0.07711593806743622,0.8368753790855408,0.5730544924736023
21,0.9732912182807922,0.06976395100355148,0.8661688566207886,0.4474634528160095
22,0.9727168083190918,0.080324187874794,0.8512349128723145,0.5675017833709717
23,0.9770246744155884,0.06413663923740387,0.8879954218864441,0.4148886203765869
24,0.9790350198745728,0.05569266155362129,0.8765077590942383,0.4565314054489136
25,0.9774554967880249,0.0685943067073822,0.8236645460128784,0.776275098323822
26,0.9775990843772888,0.06533287465572357,0.8569787740707397,0.4884224832057953
27,0.9797530174255371,0.0630531758069992,0.8759333491325378,0.4925881028175354
28,0.9827685356140137,0.04966645687818527,0.8363009691238403,0.7331228256225586
