epoch,accuracy,loss,val_accuracy,val_loss
0,0.7860261797904968,0.45563244819641113,0.823871910572052,0.3936160206794739
1,0.8453420400619507,0.36554569005966187,0.8340611457824707,0.37589359283447266
2,0.8598980903625488,0.32766371965408325,0.847161591053009,0.3566967248916626
3,0.8740902543067932,0.29724448919296265,0.8529840111732483,0.33639854192733765
4,0.8893740773200989,0.26639705896377563,0.8486171960830688,0.32724717259407043
5,0.9093886613845825,0.22424796223640442,0.8675400018692017,0.31599798798561096
6,0.919941782951355,0.20429250597953796,0.8719068169593811,0.2998124659061432
7,0.9344978332519531,0.171148419380188,0.8762736320495605,0.29867079854011536
8,0.9479621648788452,0.14164964854717255,0.8719068169593811,0.3144387900829315
9,0.9472343325614929,0.13006305694580078,0.8486171960830688,0.3622760474681854
10,0.9552401900291443,0.11520838737487793,0.8660843968391418,0.31611505150794983
11,0.9687045216560364,0.08947016298770905,0.8660843968391418,0.34874463081359863
12,0.9723435044288635,0.0783282220363617,0.8719068169593811,0.35230860114097595
