epoch,accuracy,loss,val_accuracy,val_loss
0,0.5604557394981384,0.6859608292579651,0.5857449173927307,0.6721320152282715
1,0.6087131500244141,0.6530195474624634,0.6371918320655823,0.6408212184906006
2,0.6603217124938965,0.6163312196731567,0.6521972417831421,0.6108624339103699
3,0.7020107507705688,0.5664010643959045,0.6972132921218872,0.5698271989822388
4,0.7394101619720459,0.5098389387130737,0.7095391154289246,0.5516813397407532
5,0.8013404607772827,0.43028879165649414,0.7556270360946655,0.5085324645042419
6,0.8310992121696472,0.36280202865600586,0.7899249792098999,0.4455442726612091
7,0.8659517168998718,0.3047299385070801,0.7411575317382812,0.5986394286155701
8,0.8886058926582336,0.2601814866065979,0.8429796099662781,0.36352649331092834
9,0.9126005172729492,0.21887102723121643,0.8461950421333313,0.379350870847702
10,0.9213136434555054,0.1978263407945633,0.8483386635780334,0.37997373938560486
11,0.942091166973114,0.14940913021564484,0.8858520984649658,0.3129051923751831
12,0.9591152667999268,0.10866907984018326,0.826902449131012,0.5711663961410522
13,0.9608579277992249,0.11034586280584335,0.8992497324943542,0.2915521562099457
14,0.968632698059082,0.09418456256389618,0.916934609413147,0.276321679353714
15,0.9731903672218323,0.08553093671798706,0.918006420135498,0.2734633982181549
16,0.984316349029541,0.051988016813993454,0.8992497324943542,0.34595727920532227
17,0.9674263000488281,0.09752028435468674,0.9046087861061096,0.3110870122909546
18,0.9857909083366394,0.04214328154921532,0.9083601236343384,0.33385854959487915
19,0.9845844507217407,0.05448232591152191,0.887995719909668,0.4159923493862152
20,0.9735925197601318,0.07049668580293655,0.9083601236343384,0.32337886095046997
