epoch,accuracy,loss,val_accuracy,val_loss
0,0.8193760514259338,0.4292566776275635,0.8358862400054932,0.38863739371299744
1,0.8503010272979736,0.3708887994289398,0.832603931427002,0.3828486502170563
2,0.8557745218276978,0.34232544898986816,0.8216630220413208,0.42237600684165955
3,0.8667213916778564,0.3280256390571594,0.8227571249008179,0.3993360698223114
4,0.871921181678772,0.31224122643470764,0.8227571249008179,0.4255678355693817
5,0.881499707698822,0.2938653230667114,0.833698034286499,0.4174351394176483
