epoch,accuracy,loss,val_accuracy,val_loss
0,0.6041666865348816,0.8116412162780762,0.7692307829856873,0.6620679497718811
1,0.6666666865348816,0.7513764500617981,0.7692307829856873,0.6539497375488281
2,0.625,0.6664205193519592,0.8461538553237915,0.6491044163703918
3,0.6666666865348816,0.6416108012199402,0.7692307829856873,0.6414324641227722
4,0.6875,0.5995609164237976,0.7692307829856873,0.6367785930633545
5,0.75,0.5378684401512146,0.7692307829856873,0.6316457390785217
6,0.7916666865348816,0.48539185523986816,0.7692307829856873,0.6279726028442383
7,0.7916666865348816,0.5005717873573303,0.7692307829856873,0.6225863099098206
