epoch,accuracy,loss,val_accuracy,val_loss
0,0.504531741142273,0.6958238482475281,0.5481927990913391,0.6865243315696716
1,0.5679758191108704,0.6828485131263733,0.5481927990913391,0.6886582374572754
2,0.6208459138870239,0.6742172241210938,0.5240963697433472,0.6892359852790833
3,0.6314199566841125,0.6647185683250427,0.5240963697433472,0.6906040906906128
4,0.6555891036987305,0.6561062335968018,0.5180723071098328,0.6928189992904663
5,0.6737160086631775,0.6445156931877136,0.5240963697433472,0.6989420056343079
