epoch,accuracy,loss,val_accuracy,val_loss
0,0.6022727489471436,0.7059897780418396,0.6521739363670349,0.6094867587089539
1,0.8636363744735718,0.33171769976615906,0.782608687877655,0.7220518589019775
2,0.8409090638160706,0.2739013731479645,0.782608687877655,0.6992289423942566
3,0.9090909361839294,0.1902795284986496,0.782608687877655,0.6356652975082397
4,0.9431818127632141,0.1218465268611908,0.782608687877655,0.730171263217926
5,0.9772727489471436,0.06570636481046677,0.782608687877655,0.8215987086296082
6,0.9772727489471436,0.08791466057300568,0.782608687877655,0.7549007534980774
