epoch,accuracy,loss,val_accuracy,val_loss
0,0.7903667092323303,0.4999069273471832,0.8096280097961426,0.39500105381011963
1,0.8366174101829529,0.3924979567527771,0.833698034286499,0.37514784932136536
2,0.8429118990898132,0.3795013725757599,0.842450737953186,0.38634687662124634
3,0.8552271723747253,0.35793110728263855,0.8380743861198425,0.36206749081611633
4,0.8519430756568909,0.34350359439849854,0.8544857501983643,0.3493434190750122
5,0.8713738322257996,0.3076726496219635,0.8391684889793396,0.34923726320266724
6,0.8675424456596375,0.30364859104156494,0.8227571249008179,0.36970773339271545
7,0.8702791333198547,0.31195321679115295,0.8599562644958496,0.3350127339363098
8,0.8804050087928772,0.2779453694820404,0.853391706943512,0.3545662760734558
9,0.8927202820777893,0.25372374057769775,0.8358862400054932,0.4069623351097107
10,0.88724684715271,0.2607484459877014,0.8391684889793396,0.3775213062763214
11,0.894909679889679,0.24503013491630554,0.8599562644958496,0.3575001358985901
12,0.9066776037216187,0.222026064991951,0.862144410610199,0.3438889682292938
13,0.9001094698905945,0.24352626502513885,0.8402625918388367,0.37621381878852844
14,0.9047619104385376,0.22164002060890198,0.8457330465316772,0.35522735118865967
15,0.9143404364585876,0.19929349422454834,0.8577680587768555,0.359243780374527
16,0.9198139309883118,0.1942228525876999,0.8665207624435425,0.3361577093601227
17,0.922550618648529,0.1883654147386551,0.862144410610199,0.34747979044914246
18,0.9324028491973877,0.16934660077095032,0.8599562644958496,0.34480932354927063
19,0.9285714030265808,0.17297664284706116,0.863238513469696,0.34547996520996094
20,0.9244663119316101,0.17484180629253387,0.8555798530578613,0.3845749795436859
21,0.9313081502914429,0.16495485603809357,0.8544857501983643,0.37696224451065063
