epoch,accuracy,loss,val_accuracy,val_loss
0,0.7399004697799683,0.5487277507781982,0.7556704878807068,0.4957652688026428
1,0.756119430065155,0.49741584062576294,0.7477118968963623,0.5222142934799194
2,0.7638806104660034,0.4944101870059967,0.7723836302757263,0.47608184814453125
3,0.7621890306472778,0.4803328514099121,0.7640270590782166,0.4813648760318756
4,0.7728357911109924,0.4789842367172241,0.7707918882369995,0.48651522397994995
5,0.7654726505279541,0.48775580525398254,0.77118980884552,0.47925543785095215
6,0.7792039513587952,0.4754812717437744,0.7664146423339844,0.4841148257255554
7,0.7724378108978271,0.47129765152931213,0.7504974007606506,0.4810047745704651
