epoch,accuracy,loss,val_accuracy,val_loss
0,0.6402714848518372,0.6487501263618469,0.8506787419319153,0.5538221597671509
1,0.8088235259056091,0.47955796122550964,0.8687782883644104,0.3190889060497284
2,0.8619909286499023,0.333973228931427,0.8868778347969055,0.2770620882511139
3,0.877828061580658,0.2746814489364624,0.9004524946212769,0.2627297639846802
4,0.8868778347969055,0.2766583561897278,0.9049773812294006,0.2521967589855194
5,0.8925339579582214,0.26832449436187744,0.9095022678375244,0.24623554944992065
6,0.9061086177825928,0.24123559892177582,0.9049773812294006,0.24453513324260712
7,0.9083710312843323,0.22331611812114716,0.9049773812294006,0.24106815457344055
8,0.9174208045005798,0.23593811690807343,0.9004524946212769,0.23004767298698425
9,0.912895917892456,0.2118389755487442,0.9140271544456482,0.2311159074306488
10,0.9242081642150879,0.2098703235387802,0.9049773812294006,0.22973230481147766
11,0.9140271544456482,0.20195092260837555,0.9095022678375244,0.23084719479084015
12,0.9264705777168274,0.1846717745065689,0.9095022678375244,0.2386964112520218
13,0.9230769276618958,0.18739910423755646,0.9095022678375244,0.24474792182445526
14,0.9400452375411987,0.1736900359392166,0.9049773812294006,0.224278062582016
