epoch,accuracy,loss,val_accuracy,val_loss
0,0.49795031547546387,0.9073834419250488,0.5110896825790405,0.7051458954811096
1,0.5261635184288025,0.7210617661476135,0.5419479012489319,0.6879675984382629
2,0.5512418746948242,0.6918927431106567,0.5458052158355713,0.684769332408905
3,0.5828309655189514,0.6779495477676392,0.5554484128952026,0.678767740726471
4,0.5948878526687622,0.6659766435623169,0.571841835975647,0.668043851852417
5,0.6250301599502563,0.6518540382385254,0.5756991505622864,0.6841575503349304
6,0.6368458867073059,0.6418077349662781,0.6403085589408875,0.6322349905967712
7,0.6679527163505554,0.614437997341156,0.6538090705871582,0.6170193552970886
8,0.6785628199577332,0.5900221467018127,0.6422372460365295,0.6303572058677673
9,0.705329179763794,0.5690178275108337,0.6499517560005188,0.6374425888061523
10,0.735953688621521,0.5255566835403442,0.7145612239837646,0.5658689737319946
11,0.7547624707221985,0.49868297576904297,0.7270973920822144,0.562171220779419
12,0.7759826183319092,0.4651395380496979,0.7203471660614014,0.5717868804931641
13,0.7786351442337036,0.46573132276535034,0.7232401371002197,0.5776877999305725
14,0.8017843961715698,0.4348289966583252,0.7232401371002197,0.5419403314590454
15,0.8087774515151978,0.42556148767471313,0.7377049326896667,0.5471700429916382
16,0.8220400214195251,0.3886283040046692,0.7540983557701111,0.5479460954666138
17,0.8336146473884583,0.38078734278678894,0.7589199542999268,0.5292714238166809
18,0.856522798538208,0.34088701009750366,0.7396335601806641,0.599069356918335
19,0.8524234294891357,0.3397175967693329,0.717454195022583,0.5949122905731201
20,0.8705087900161743,0.3051545321941376,0.7550626993179321,0.5537451505661011
21,0.8726790547370911,0.29276764392852783,0.738669216632843,0.5895848870277405
22,0.8664094805717468,0.3084726631641388,0.7405979037284851,0.5591568350791931
