epoch,accuracy,loss,val_accuracy,val_loss
0,0.4693877696990967,1.2448549270629883,0.4000000059604645,0.7079002857208252
1,0.5918367505073547,0.9976614117622375,0.5199999809265137,0.7126516699790955
2,0.4591836631298065,1.095584511756897,0.4000000059604645,0.7155480980873108
3,0.5,1.2473278045654297,0.23999999463558197,0.7176433801651001
4,0.4693877696990967,1.2446156740188599,0.23999999463558197,0.7205102443695068
5,0.40816327929496765,1.2770551443099976,0.23999999463558197,0.7204290628433228
6,0.5102040767669678,0.9742785692214966,0.23999999463558197,0.719022274017334
