epoch,accuracy,loss,val_accuracy,val_loss
0,0.6011687517166138,0.8652938604354858,0.6326530575752258,0.6344996690750122
1,0.7136595845222473,0.6276878118515015,0.6588921546936035,0.5969207882881165
2,0.7669832110404968,0.5056636333465576,0.7113702893257141,0.5498436689376831
3,0.8078889846801758,0.42842650413513184,0.7638484239578247,0.4974406957626343
4,0.8349159955978394,0.3865435719490051,0.8250728845596313,0.43405023217201233
5,0.837837815284729,0.36326202750205994,0.8717201352119446,0.3728660047054291
6,0.8736304044723511,0.287272572517395,0.8833819031715393,0.3261171877384186
7,0.8823959231376648,0.2868594527244568,0.8921282887458801,0.2845470905303955
8,0.8933528065681458,0.26394546031951904,0.8950437307357788,0.2581024467945099
9,0.9028487801551819,0.24895071983337402,0.9008746147155762,0.2399718165397644
10,0.8984660506248474,0.256245881319046,0.9125364422798157,0.23013634979724884
11,0.9101533889770508,0.2370169460773468,0.9125364422798157,0.21698133647441864
12,0.925493061542511,0.20372962951660156,0.9241982698440552,0.20928499102592468
13,0.9247626066207886,0.19972704350948334,0.9271137118339539,0.20582973957061768
14,0.9218407869338989,0.18554702401161194,0.9300291538238525,0.20351433753967285
15,0.9269539713859558,0.17953447997570038,0.9241982698440552,0.20299535989761353
16,0.9269539713859558,0.1804371178150177,0.9300291538238525,0.19443251192569733
17,0.942293643951416,0.16044022142887115,0.9300291538238525,0.19503986835479736
18,0.9371803998947144,0.16860809922218323,0.9387755393981934,0.19113203883171082
19,0.9444850087165833,0.13395237922668457,0.9387755393981934,0.1872275173664093
20,0.9284148812294006,0.1710198074579239,0.9329445958137512,0.18405859172344208
21,0.9357194900512695,0.15026624500751495,0.9387755393981934,0.18685433268547058
22,0.9495982527732849,0.15044629573822021,0.941690981388092,0.18601740896701813
23,0.9320672154426575,0.15676988661289215,0.941690981388092,0.1881202906370163
24,0.9452154636383057,0.1462792158126831,0.9446064233779907,0.18475744128227234
25,0.9437545537948608,0.1415151208639145,0.9329445958137512,0.1863640695810318
26,0.9525200724601746,0.11917710304260254,0.9387755393981934,0.17854969203472137
27,0.9474068880081177,0.14032158255577087,0.9446064233779907,0.1752965748310089
28,0.955441951751709,0.12016341835260391,0.9387755393981934,0.17359261214733124
29,0.953250527381897,0.13084658980369568,0.9387755393981934,0.17260809242725372
