epoch,accuracy,loss,val_accuracy,val_loss
0,0.7794124484062195,0.4538293778896332,0.8028947114944458,0.4219547510147095
1,0.8108365535736084,0.40236368775367737,0.8230813145637512,0.3718857169151306
2,0.8231680989265442,0.38226941227912903,0.8257474899291992,0.38015320897102356
3,0.8331190943717957,0.3616859018802643,0.830318033695221,0.3681401312351227
4,0.8442127108573914,0.3400445580482483,0.8362216949462891,0.36087682843208313
5,0.8546874523162842,0.3199833035469055,0.8259379267692566,0.367110013961792
6,0.8657810688018799,0.3031827509403229,0.8725956678390503,0.2983899414539337
7,0.8780650496482849,0.27795666456222534,0.8781184554100037,0.27494844794273376
8,0.8906346559524536,0.2545095682144165,0.8834507465362549,0.2650824189186096
9,0.9033471345901489,0.23111200332641602,0.8872595429420471,0.2548578977584839
10,0.9069180488586426,0.2204759418964386,0.8779280185699463,0.27575552463531494
11,0.9167261719703674,0.1991569548845291,0.9007807970046997,0.23247785866260529
12,0.9243441224098206,0.1834871768951416,0.896210253238678,0.24821899831295013
13,0.933628499507904,0.16321812570095062,0.9066844582557678,0.24153384566307068
14,0.9374375343322754,0.1542627513408661,0.8941153883934021,0.2620123028755188
15,0.9463886022567749,0.1345476508140564,0.9110645651817322,0.23688973486423492
16,0.9456744194030762,0.13608503341674805,0.9032565355300903,0.24982239305973053
17,0.9536733031272888,0.11764881014823914,0.8983050584793091,0.26379629969596863
18,0.9553397297859192,0.11427631974220276,0.9110645651817322,0.2517518103122711
19,0.9602913856506348,0.10340617597103119,0.8986859917640686,0.28684717416763306
20,0.9611483812332153,0.09799273312091827,0.9042087197303772,0.2713538110256195
