epoch,accuracy,loss,val_accuracy,val_loss
0,0.75,0.49586302042007446,0.8500000238418579,0.2864900231361389
1,0.887499988079071,0.3193426728248596,0.8500000238418579,0.35868340730667114
2,0.893750011920929,0.2065233290195465,0.949999988079071,0.14796182513237
3,0.9375,0.15152481198310852,0.8500000238418579,0.3057003319263458
4,0.9750000238418579,0.10471361875534058,0.925000011920929,0.18992376327514648
5,0.9750000238418579,0.07836787402629852,0.949999988079071,0.20180490612983704
6,0.981249988079071,0.046884726732969284,0.8500000238418579,0.3333272933959961
7,0.981249988079071,0.038031697273254395,0.925000011920929,0.19871893525123596
