epoch,accuracy,loss,val_accuracy,val_loss
0,0.5778090953826904,0.6755410432815552,0.6162299513816833,0.6419582962989807
1,0.6401549577713013,0.6316798329353333,0.6706114411354065,0.6030283570289612
2,0.680662214756012,0.580967366695404,0.6858270168304443,0.5848104357719421
3,0.7206763029098511,0.535617470741272,0.725556492805481,0.5386286973953247
4,0.7573089003562927,0.48005130887031555,0.7709214091300964,0.4692865312099457
5,0.798943281173706,0.4215830862522125,0.7768385410308838,0.4433317184448242
6,0.8371257781982422,0.3592139184474945,0.843899667263031,0.35377925634384155
7,0.8688974976539612,0.3040154278278351,0.8179768919944763,0.39778852462768555
8,0.9003170132637024,0.24149923026561737,0.8748943209648132,0.28608715534210205
9,0.921592116355896,0.20290830731391907,0.8884192705154419,0.273369163274765
10,0.9363155961036682,0.164665088057518,0.8954635262489319,0.27487313747406006
11,0.9443466067314148,0.1460944563150406,0.9213863015174866,0.20449289679527283
12,0.9558999538421631,0.11530470848083496,0.9120879173278809,0.22034354507923126
13,0.962662935256958,0.1009979397058487,0.9129332304000854,0.22009530663490295
14,0.9727368950843811,0.07787445932626724,0.9236404895782471,0.2198360562324524
15,0.9671715497970581,0.09102827310562134,0.9270216822624207,0.20006497204303741
16,0.9761887788772583,0.067982517182827,0.9256128668785095,0.22548224031925201
17,0.9717506170272827,0.07876104861497879,0.9295576214790344,0.20350061357021332
18,0.9804860949516296,0.05914674326777458,0.9250493049621582,0.2138809859752655
19,0.977738618850708,0.0639692097902298,0.9267399311065674,0.2681809067726135
20,0.975484311580658,0.0682915523648262,0.9343476891517639,0.2200034260749817
21,0.9819654822349548,0.05378251522779465,0.9436460733413696,0.19206778705120087
22,0.9856287240982056,0.046369411051273346,0.9425190091133118,0.1915024369955063
23,0.981472373008728,0.05717552825808525,0.9506903290748596,0.1576891541481018
24,0.9845016002655029,0.04801343008875847,0.9461820125579834,0.17442932724952698
25,0.9865445494651794,0.0391092374920845,0.9504085779190063,0.14756692945957184
26,0.9828108549118042,0.05161919817328453,0.9413919448852539,0.20408855378627777
27,0.9874603748321533,0.03595522791147232,0.9351930022239685,0.21675626933574677
28,0.9871785640716553,0.04244481772184372,0.9509720802307129,0.16276277601718903
