epoch,accuracy,loss,val_accuracy,val_loss
0,0.43396225571632385,0.7019971609115601,0.5925925970077515,0.6669764518737793
1,0.4433962404727936,0.7000070810317993,0.5925925970077515,0.6651766896247864
2,0.46226415038108826,0.6980513334274292,0.5925925970077515,0.6632657051086426
3,0.46226415038108826,0.6962526440620422,0.6296296119689941,0.6619917750358582
4,0.4528301954269409,0.6943730711936951,0.6296296119689941,0.6599797606468201
5,0.46226415038108826,0.6926809549331665,0.6296296119689941,0.6579017043113708
6,0.46226415038108826,0.6908100247383118,0.6296296119689941,0.6558498740196228
7,0.46226415038108826,0.6889408230781555,0.6296296119689941,0.6542693376541138
8,0.46226415038108826,0.6871210932731628,0.6296296119689941,0.652428150177002
