epoch,accuracy,loss,val_accuracy,val_loss
0,0.6415094137191772,0.6734694242477417,0.5185185074806213,0.6721964478492737
1,0.6886792182922363,0.6689571142196655,0.5555555820465088,0.6675026416778564
2,0.6886792182922363,0.6650885939598083,0.6296296119689941,0.6638428568840027
3,0.7075471878051758,0.661888837814331,0.6666666865348816,0.6596607565879822
4,0.7169811129570007,0.6582561731338501,0.7037037014961243,0.6548153758049011
5,0.7735849022865295,0.6540454626083374,0.7407407164573669,0.6507904529571533
6,0.7735849022865295,0.6507378220558167,0.7407407164573669,0.6469841599464417
7,0.7830188870429993,0.6473099589347839,0.7777777910232544,0.6428982615470886
8,0.7735849022865295,0.6437999606132507,0.8148148059844971,0.6392792463302612
9,0.7735849022865295,0.6405741572380066,0.7777777910232544,0.635204017162323
10,0.801886796951294,0.6371238827705383,0.8148148059844971,0.6316535472869873
11,0.8113207817077637,0.6342028975486755,0.7777777910232544,0.6271858215332031
12,0.8207547068595886,0.630810558795929,0.8148148059844971,0.6232888698577881
13,0.8207547068595886,0.6271591186523438,0.8148148059844971,0.619469165802002
