epoch,accuracy,loss,val_accuracy,val_loss
0,0.7285068035125732,0.5306666493415833,0.891566276550293,0.3617936670780182
1,0.8763197660446167,0.3153289258480072,0.8855421543121338,0.33667394518852234
2,0.8989441990852356,0.3029567003250122,0.8734939694404602,0.26859450340270996
3,0.9034690856933594,0.25596341490745544,0.8855421543121338,0.2420945167541504
4,0.9155354499816895,0.2266324907541275,0.8734939694404602,0.2161761373281479
5,0.924585223197937,0.21073098480701447,0.8855421543121338,0.2963331937789917
