epoch,accuracy,loss,val_accuracy,val_loss
0,0.4896462559700012,0.7064650654792786,0.5258620977401733,0.6903147101402283
1,0.4883520305156708,0.7023666501045227,0.5275862216949463,0.6896172761917114
2,0.492666095495224,0.7000131011009216,0.5275862216949463,0.6895728707313538
3,0.49137187004089355,0.698641836643219,0.5344827771186829,0.6897165179252625
4,0.4900776445865631,0.6977822780609131,0.5293103456497192,0.6899229884147644
5,0.48705780506134033,0.6971518993377686,0.5310344696044922,0.6901288628578186
6,0.48878341913223267,0.6966485977172852,0.5275862216949463,0.6902835965156555
7,0.4883520305156708,0.6962813138961792,0.5258620977401733,0.6902908682823181
8,0.4900776445865631,0.6959589123725891,0.5258620977401733,0.690304160118103
