epoch,accuracy,loss,val_accuracy,val_loss
0,0.4385964870452881,1.1852742433547974,0.4883720874786377,0.7253441214561462
1,0.4736842215061188,1.0672259330749512,0.5116279125213623,0.7192097306251526
2,0.5204678177833557,0.9430734515190125,0.4651162922382355,0.7110658884048462
3,0.4853801131248474,0.9615669250488281,0.5116279125213623,0.7055222392082214
4,0.567251443862915,0.9585132002830505,0.4883720874786377,0.70058274269104
5,0.5497075915336609,0.9073785543441772,0.4883720874786377,0.6936434507369995
6,0.5906432867050171,0.924079954624176,0.4651162922382355,0.6906810402870178
