epoch,accuracy,loss,val_accuracy,val_loss
0,0.5124292969703674,0.6957114934921265,0.5376117825508118,0.6922268867492676
1,0.5685913562774658,0.6799876093864441,0.6964755654335022,0.6127241849899292
2,0.7186636924743652,0.5395268797874451,0.7496054768562317,0.483620285987854
3,0.7910035252571106,0.4184997081756592,0.8153603076934814,0.3843035399913788
4,0.8346705436706543,0.3407256603240967,0.8195686340332031,0.3582143485546112
5,0.861238956451416,0.2924802005290985,0.8621777892112732,0.30032631754875183
6,0.883335530757904,0.24668213725090027,0.8732246160507202,0.29076606035232544
7,0.9041168093681335,0.2092399150133133,0.8790110349655151,0.26573315262794495
8,0.9130606055259705,0.19570022821426392,0.8853235244750977,0.27613765001296997
9,0.921215295791626,0.1608111411333084,0.8879536986351013,0.25702965259552
10,0.9394975900650024,0.13625037670135498,0.8769068717956543,0.3397167921066284
11,0.945810854434967,0.13257384300231934,0.8968963623046875,0.2615606486797333
12,0.9484413862228394,0.11903318017721176,0.9074171781539917,0.22412660717964172
13,0.9592266082763672,0.10279079526662827,0.9053130149841309,0.2384476661682129
14,0.9554123282432556,0.10193081945180893,0.9110994338989258,0.23718388378620148
15,0.9610679745674133,0.09114258736371994,0.9326670169830322,0.23459671437740326
16,0.9730369448661804,0.07185898721218109,0.914255678653717,0.28167304396629333
17,0.9694857001304626,0.07487937808036804,0.9253024458885193,0.24393866956233978
18,0.9729054570198059,0.06898528337478638,0.9374013543128967,0.2177649587392807
19,0.975799024105072,0.05926913768053055,0.933193027973175,0.22638796269893646
20,0.9788241386413574,0.05336645618081093,0.9358232617378235,0.24612808227539062
21,0.9771143198013306,0.0647256150841713,0.9247764348983765,0.2519693076610565
22,0.982638418674469,0.04968065023422241,0.9274066090583801,0.2509382665157318
23,0.9835591316223145,0.039601683616638184,0.9384534358978271,0.24558094143867493
24,0.9832960963249207,0.04521192982792854,0.9189900159835815,0.28757140040397644
25,0.9843482971191406,0.04521990194916725,0.9279326796531677,0.3468354642391205
26,0.985926628112793,0.03980688750743866,0.923724353313446,0.3122692406177521
27,0.9843482971191406,0.04002128541469574,0.9305628538131714,0.27298542857170105
28,0.9839537143707275,0.046976327896118164,0.9326670169830322,0.228155255317688
