epoch,accuracy,loss,val_accuracy,val_loss
0,0.6942551136016846,0.7214450836181641,0.7996109127998352,0.44093286991119385
1,0.8198636770248413,0.42044928669929504,0.8326848149299622,0.35197919607162476
2,0.8437195420265198,0.35349345207214355,0.8482490181922913,0.33053824305534363
3,0.8539435267448425,0.33641767501831055,0.8521400690078735,0.33100831508636475
4,0.8894839286804199,0.2545703947544098,0.8735408782958984,0.26474228501319885
5,0.9016553163528442,0.23907101154327393,0.8929961323738098,0.2495688647031784
6,0.9036027193069458,0.2272544652223587,0.8891050815582275,0.27267372608184814
7,0.9148004055023193,0.19336681067943573,0.8949416279792786,0.2523483633995056
8,0.9294060468673706,0.17880898714065552,0.8929961323738098,0.2568706274032593
9,0.9371957182884216,0.15968355536460876,0.8988326787948608,0.2622423768043518
10,0.9488802552223206,0.13417477905750275,0.8891050815582275,0.32148000597953796
11,0.9444985389709473,0.1402992606163025,0.8988326787948608,0.2677476406097412
12,0.9503408074378967,0.12246211618185043,0.8832684755325317,0.28288546204566956
13,0.949367105960846,0.1245451346039772,0.8852140307426453,0.30179083347320557
14,0.962512195110321,0.09250137954950333,0.8852140307426453,0.301673948764801
