epoch,accuracy,loss,val_accuracy,val_loss
0,0.5125322341918945,0.6961579322814941,0.5223000645637512,0.6997128129005432
1,0.5092148780822754,0.6940202713012695,0.5046074390411377,0.6914716958999634
2,0.5093991756439209,0.6922041773796082,0.510504961013794,0.6913987994194031
3,0.5049760341644287,0.6928568482398987,0.5193512439727783,0.6905868649482727
4,0.5239587426185608,0.6945504546165466,0.5204570293426514,0.6889111399650574
5,0.5211021304130554,0.6902638077735901,0.5005528926849365,0.6928368806838989
