epoch,accuracy,loss,val_accuracy,val_loss
0,0.511396586894989,0.6948805451393127,0.5166040062904358,0.6922086477279663
1,0.511396586894989,0.6951106190681458,0.5181704163551331,0.6921666860580444
2,0.5149996280670166,0.6940608620643616,0.5178571343421936,0.6921256184577942
3,0.5076369047164917,0.6951847672462463,0.5191102623939514,0.6920916438102722
4,0.515312910079956,0.6933149099349976,0.5191102623939514,0.6920641660690308
5,0.5113182663917542,0.6961551308631897,0.518796980381012,0.6920294761657715
6,0.5131197571754456,0.6938567757606506,0.5191102623939514,0.6920004487037659
