epoch,accuracy,loss,val_accuracy,val_loss
0,0.700438380241394,0.6746650338172913,0.7976653575897217,0.4478175640106201
1,0.7881149649620056,0.4585391581058502,0.8229572176933289,0.37869077920913696
2,0.8334144949913025,0.3817911744117737,0.8599221706390381,0.30751869082450867
3,0.8611787557601929,0.3279651701450348,0.8754863739013672,0.2773549556732178
4,0.8709205985069275,0.2935015559196472,0.8599221706390381,0.2916964590549469
5,0.8801753520965576,0.2823278605937958,0.8715953230857849,0.2773474156856537
6,0.8821237087249756,0.26851847767829895,0.8891050815582275,0.27154648303985596
7,0.8830978870391846,0.25464195013046265,0.8638132214546204,0.2623021900653839
8,0.9006332159042358,0.23347029089927673,0.8774319291114807,0.2797853648662567
9,0.910862147808075,0.20923453569412231,0.8929961323738098,0.2565774917602539
10,0.90599125623703,0.21613599359989166,0.8929961323738098,0.23860996961593628
11,0.9196298122406006,0.19112464785575867,0.8852140307426453,0.24430279433727264
12,0.90599125623703,0.20935378968715668,0.9027237296104431,0.21814630925655365
13,0.9288845658302307,0.1822260320186615,0.8891050815582275,0.23526157438755035
14,0.9279103875160217,0.17574729025363922,0.887159526348114,0.24658159911632538
15,0.9381393194198608,0.14907212555408478,0.8774319291114807,0.23546873033046722
16,0.9483682513237,0.14597204327583313,0.8832684755325317,0.24524761736392975
17,0.9430102109909058,0.14061185717582703,0.8968871831893921,0.23749671876430511
