epoch,accuracy,loss,val_accuracy,val_loss
0,0.7417840361595154,0.5102982521057129,0.84112149477005,0.3350912928581238
1,0.8544601202011108,0.3748714029788971,0.822429895401001,0.3608730733394623
2,0.8732394576072693,0.30273380875587463,0.8598130941390991,0.33817216753959656
3,0.8591549396514893,0.328939288854599,0.8504672646522522,0.305856317281723
4,0.8967136144638062,0.2886350452899933,0.8598130941390991,0.3268498182296753
5,0.9014084339141846,0.27427059412002563,0.8504672646522522,0.3254132568836212
6,0.9037558436393738,0.2585643529891968,0.84112149477005,0.30984193086624146
7,0.9037558436393738,0.23682811856269836,0.8037382960319519,0.4327823221683502
