epoch,accuracy,loss,val_accuracy,val_loss
0,0.5004314184188843,0.8743030428886414,0.5051724314689636,0.7015134692192078
1,0.5,0.8116665482521057,0.5206896662712097,0.705112636089325
2,0.5060396790504456,0.7833128571510315,0.5120689868927002,0.7108192443847656
3,0.5112165808677673,0.7719112634658813,0.4913793206214905,0.7170721292495728
4,0.5034512281417847,0.7610257267951965,0.48965516686439514,0.7232502698898315
5,0.5069025158882141,0.7541922330856323,0.4965517222881317,0.7302924990653992
6,0.503882646560669,0.7521087527275085,0.48965516686439514,0.7319461107254028
