epoch,accuracy,loss,val_accuracy,val_loss
0,0.5252808928489685,0.873268723487854,0.5777778029441833,0.6857652068138123
1,0.5224719047546387,0.7032377123832703,0.47777777910232544,0.7039646506309509
2,0.6685393452644348,0.613044023513794,0.644444465637207,0.6663446426391602
3,0.7471910119056702,0.5256373286247253,0.7111111283302307,0.5987700819969177
4,0.7556179761886597,0.4537564516067505,0.7444444298744202,0.5983131527900696
5,0.8370786309242249,0.36521509289741516,0.7555555701255798,0.4960036277770996
6,0.8314606547355652,0.3070400655269623,0.8222222328186035,0.3807964622974396
7,0.8286516666412354,0.43862491846084595,0.8222222328186035,0.4561387896537781
8,0.8707864880561829,0.32616299390792847,0.6666666865348816,0.9122041463851929
9,0.8932584524154663,0.2879633903503418,0.8444444537162781,0.35830289125442505
10,0.949438214302063,0.1460709124803543,0.8333333134651184,0.4347057342529297
11,0.9353932738304138,0.14900019764900208,0.8222222328186035,0.4499686360359192
12,0.9466292262077332,0.1387532651424408,0.7333333492279053,1.309804916381836
13,0.8651685118675232,0.4828886091709137,0.7888888716697693,0.43685904145240784
14,0.8904494643211365,0.3058931529521942,0.8333333134651184,0.3801884651184082
