epoch,accuracy,loss,val_accuracy,val_loss
0,0.7936961650848389,0.44171783328056335,0.7931822538375854,0.43474912643432617
1,0.8070752024650574,0.40936410427093506,0.8175585865974426,0.3972684144973755
2,0.814978837966919,0.3979576528072357,0.815082848072052,0.39884135127067566
3,0.8203113675117493,0.38840365409851074,0.8200342655181885,0.3882741928100586
4,0.8265009522438049,0.3787737488746643,0.8259379267692566,0.3841720521450043
5,0.834785521030426,0.3673367500305176,0.8198438286781311,0.39555996656417847
6,0.8348807096481323,0.35939261317253113,0.8188916444778442,0.3842037618160248
7,0.8480693101882935,0.34299567341804504,0.8308893442153931,0.37451642751693726
8,0.8549255132675171,0.3301730155944824,0.8246048092842102,0.3854934871196747
9,0.8610198497772217,0.31682348251342773,0.8417444229125977,0.3636946380138397
10,0.8687330484390259,0.3028649389743805,0.8341268301010132,0.378512442111969
11,0.8773508667945862,0.2835898697376251,0.8430774807929993,0.36780741810798645
12,0.8835404515266418,0.2674695551395416,0.8525995016098022,0.34946101903915405
13,0.8892539143562317,0.25711071491241455,0.8505046367645264,0.3426750600337982
14,0.8976812958717346,0.24124421179294586,0.8322224617004395,0.38366883993148804
15,0.9032519459724426,0.2293688952922821,0.8499333262443542,0.3860447406768799
16,0.9096795916557312,0.21496708691120148,0.8554561138153076,0.36657243967056274
17,0.9116316437721252,0.20997989177703857,0.859836220741272,0.3918187916278839
18,0.9154406785964966,0.20031553506851196,0.8685964345932007,0.3491266667842865
19,0.9214397668838501,0.19141177833080292,0.8156541585922241,0.49685540795326233
20,0.9262010455131531,0.181870236992836,0.8605979681015015,0.3755994141101837
21,0.9292005896568298,0.1745021939277649,0.8786897659301758,0.3618864119052887
22,0.9319620728492737,0.1669805347919464,0.8729766011238098,0.37079593539237976
23,0.9380088448524475,0.1535809487104416,0.8596457839012146,0.42056944966316223
24,0.9375803470611572,0.1505429893732071,0.8784993290901184,0.4073694944381714
25,0.9360567331314087,0.15530359745025635,0.8725956678390503,0.3988626301288605
26,0.9409608244895935,0.1492760330438614,0.8684059977531433,0.41145002841949463
