epoch,accuracy,loss,val_accuracy,val_loss
0,0.5085374712944031,0.6951267123222351,0.51645427942276,0.6974912881851196
1,0.501545786857605,0.6963295936584473,0.4850675165653229,0.6930621266365051
2,0.5086326003074646,0.6944020390510559,0.4993342161178589,0.6933005452156067
3,0.5024018883705139,0.6936359405517578,0.5014266967773438,0.6931316256523132
4,0.5055885910987854,0.6931943297386169,0.5048506855964661,0.6930989623069763
5,0.4969322383403778,0.6940720677375793,0.5050408840179443,0.6931003928184509
