epoch,accuracy,loss,val_accuracy,val_loss
0,0.854133129119873,0.33849242329597473,0.850321888923645,0.33242300152778625
1,0.8926462531089783,0.26995134353637695,0.899678111076355,0.2416548728942871
2,0.8978797793388367,0.25051483511924744,0.8900214433670044,0.2497701346874237
3,0.905931293964386,0.2242671400308609,0.9050429463386536,0.23589187860488892
4,0.9165324568748474,0.1977001577615738,0.915772557258606,0.2282288670539856
5,0.9349167943000793,0.1612018644809723,0.9168455004692078,0.2133859097957611
6,0.9426999688148499,0.1456514596939087,0.9222102761268616,0.19140945374965668
7,0.9574610590934753,0.11420979350805283,0.9361587762832642,0.17589695751667023
8,0.9596081376075745,0.10476813465356827,0.9458154439926147,0.1483052372932434
9,0.9726247787475586,0.06899240612983704,0.9270386099815369,0.21622954308986664
10,0.9734299778938293,0.07412984222173691,0.9372317790985107,0.18459217250347137
11,0.9728931784629822,0.07009715586900711,0.9442059993743896,0.17023777961730957
12,0.9755769968032837,0.07247569411993027,0.9447425007820129,0.16291694343090057
13,0.9775899052619934,0.06129370257258415,0.9372317790985107,0.19366337358951569
