epoch,accuracy,loss,val_accuracy,val_loss
0,0.4970513880252838,0.6946643590927124,0.4894692599773407,0.6928825378417969
1,0.5221145749092102,0.6902616620063782,0.5181128978729248,0.691604495048523
2,0.5330665707588196,0.6873905658721924,0.5181128978729248,0.6905698776245117
3,0.5438079237937927,0.6857327818870544,0.538331925868988,0.6899127960205078
4,0.5570766925811768,0.6831405162811279,0.543386697769165,0.6886863708496094
5,0.5644481778144836,0.6807810664176941,0.5358045697212219,0.6880381107330322
6,0.5705560445785522,0.6793978810310364,0.5501263737678528,0.6873000860214233
7,0.5764532685279846,0.6768693923950195,0.5560235977172852,0.6872020363807678
8,0.5764532685279846,0.6749482750892639,0.5568660497665405,0.6857424378395081
9,0.5783487558364868,0.6730048060417175,0.5560235977172852,0.6830647587776184
10,0.5827717185020447,0.6708021759986877,0.5661330819129944,0.6826064586639404
11,0.5907750725746155,0.6687377095222473,0.5492839217185974,0.6829922199249268
12,0.5899326205253601,0.6676046252250671,0.5602359175682068,0.680880606174469
13,0.5939342975616455,0.6644535660743713,0.5669755935668945,0.6809414625167847
14,0.597304105758667,0.6626096367835999,0.5661330819129944,0.6790313124656677
15,0.602358877658844,0.6610057950019836,0.570345401763916,0.6800730228424072
16,0.5962510704994202,0.658820390701294,0.5720303058624268,0.6802580952644348
17,0.6053075194358826,0.6569827198982239,0.5745577216148376,0.6779423952102661
18,0.607413649559021,0.6552138924598694,0.5762426257133484,0.6785076260566711
19,0.6082561016082764,0.6537198424339294,0.5669755935668945,0.6759207844734192
20,0.6112047433853149,0.6518149971961975,0.5661330819129944,0.6774170994758606
21,0.6112047433853149,0.65085369348526,0.5812973976135254,0.6756729483604431
22,0.6131002306938171,0.6490342020988464,0.5947767496109009,0.6755820512771606
23,0.6173125505447388,0.6479862332344055,0.5888795256614685,0.6746867895126343
24,0.6221566796302795,0.6466081142425537,0.5863521695137024,0.6738858819007874
25,0.6234204173088074,0.6439705491065979,0.585509717464447,0.6712607145309448
26,0.6257371306419373,0.6432130932807922,0.5930918455123901,0.6714722514152527
27,0.6276326775550842,0.641311764717102,0.5930918455123901,0.6713749170303345
