epoch,accuracy,loss,val_accuracy,val_loss
0,0.48595505952835083,0.7129964828491211,0.47777777910232544,0.703331470489502
1,0.46348315477371216,0.7188495993614197,0.47777777910232544,0.7031565308570862
2,0.48595505952835083,0.7223688960075378,0.47777777910232544,0.7027940154075623
3,0.45505619049072266,0.7180973291397095,0.47777777910232544,0.7025887370109558
4,0.5112359523773193,0.7075243592262268,0.47777777910232544,0.7023066878318787
5,0.4606741666793823,0.7086951732635498,0.47777777910232544,0.702048659324646
