epoch,accuracy,loss,val_accuracy,val_loss
0,0.5177686810493469,0.6927666068077087,0.5409129858016968,0.6866604089736938
1,0.5879818797111511,0.6778812408447266,0.5607235431671143,0.6777284145355225
2,0.594658613204956,0.661408543586731,0.5762273669242859,0.667900800704956
3,0.6323497891426086,0.637832760810852,0.5908699631690979,0.6624429821968079
4,0.6635795831680298,0.6108623147010803,0.5891472697257996,0.6663828492164612
5,0.6911479830741882,0.5745723247528076,0.5900086164474487,0.7078449726104736
6,0.7221623659133911,0.5436683893203735,0.6089577674865723,0.671265721321106
7,0.7581304907798767,0.4943881332874298,0.636520266532898,0.6771075129508972
8,0.7988369464874268,0.44267305731773376,0.6218776702880859,0.7150877118110657
9,0.8259745836257935,0.3859946131706238,0.6063737869262695,0.7748823165893555
10,0.8593581914901733,0.3396792709827423,0.6236003637313843,0.8028422594070435
11,0.8845574259757996,0.2886902689933777,0.6192936897277832,0.889725923538208
12,0.9213870167732239,0.22256183624267578,0.5977605581283569,0.9828333854675293
