epoch,accuracy,loss,val_accuracy,val_loss
0,0.8253968358039856,0.37434855103492737,0.7837837934494019,0.48484307527542114
1,0.9047619104385376,0.2310251146554947,0.8198198080062866,0.44559550285339355
2,0.9229024648666382,0.19613784551620483,0.8288288116455078,0.40815743803977966
3,0.9591836929321289,0.13157019019126892,0.8018018007278442,0.39014941453933716
4,0.9433106780052185,0.12741392850875854,0.7567567825317383,0.4629298448562622
5,0.9750567078590393,0.08816421031951904,0.7747747898101807,0.401513934135437
6,0.9682539701461792,0.08773066848516464,0.7837837934494019,0.46486321091651917
7,0.9750567078590393,0.06750790029764175,0.7747747898101807,0.463105171918869
