epoch,accuracy,loss,val_accuracy,val_loss
0,0.5297619104385376,0.7177320718765259,0.5175148844718933,0.6925994157791138
1,0.5299272537231445,0.6919441223144531,0.5175148844718933,0.6931501626968384
2,0.5319113731384277,0.6915426254272461,0.5175148844718933,0.6936404705047607
3,0.5319113731384277,0.6917222738265991,0.5175148844718933,0.6925359964370728
4,0.5277777910232544,0.6914311051368713,0.5175148844718933,0.6930261850357056
5,0.5319113731384277,0.6913365125656128,0.5175148844718933,0.6925406455993652
