epoch,accuracy,loss,val_accuracy,val_loss
0,0.5078629851341248,0.7041764259338379,0.5219638347625732,0.6921856999397278
1,0.5112020969390869,0.6933354735374451,0.5215331315994263,0.6922199130058289
2,0.5150797367095947,0.6927153468132019,0.5215331315994263,0.6933239698410034
3,0.5158336758613586,0.6932520270347595,0.5215331315994263,0.6922268867492676
4,0.5074321627616882,0.693162739276886,0.5215331315994263,0.6922336220741272
5,0.5155105590820312,0.693270742893219,0.5215331315994263,0.6924638748168945
