epoch,accuracy,loss,val_accuracy,val_loss
0,0.5622775554656982,0.6803208589553833,0.6241135001182556,0.6562078595161438
1,0.5854092240333557,0.667356550693512,0.6453900933265686,0.6506614089012146
2,0.6049821972846985,0.6572566032409668,0.6453900933265686,0.6439639329910278
3,0.6209964156150818,0.6472552418708801,0.652482271194458,0.6387707591056824
4,0.6352313160896301,0.6383938193321228,0.6241135001182556,0.6324156522750854
5,0.6494662165641785,0.62917560338974,0.6241135001182556,0.627419114112854
6,0.6619216799736023,0.6209472417831421,0.6382978558540344,0.6228324770927429
7,0.6672598123550415,0.6130803227424622,0.6382978558540344,0.6182737946510315
8,0.6708185076713562,0.6061135530471802,0.631205677986145,0.6149641275405884
