epoch,accuracy,loss,val_accuracy,val_loss
0,0.5168780088424683,0.6960515975952148,0.5657142996788025,0.6866186857223511
1,0.6035006046295166,0.6480376124382019,0.6800000071525574,0.6052893996238708
2,0.6906590461730957,0.565338671207428,0.727142870426178,0.5067833065986633
3,0.7326308488845825,0.48958471417427063,0.7371428608894348,0.4783036708831787
4,0.7553134560585022,0.45626917481422424,0.7492856979370117,0.45579490065574646
5,0.7690659165382385,0.4302182197570801,0.7507143020629883,0.46051570773124695
6,0.7892481088638306,0.4002813398838043,0.7807142734527588,0.4309380352497101
7,0.7990712523460388,0.37943369150161743,0.7921428680419922,0.4111386835575104
8,0.8167529702186584,0.34797847270965576,0.7642857432365417,0.44064027070999146
9,0.8110376596450806,0.3401097059249878,0.7914285659790039,0.4036942422389984
10,0.8355063199996948,0.3132171928882599,0.793571412563324,0.3834950029850006
11,0.8469369411468506,0.2925911545753479,0.7642857432365417,0.5582162737846375
12,0.8505090475082397,0.28603896498680115,0.7942857146263123,0.40506675839424133
13,0.8639042973518372,0.2662256360054016,0.7850000262260437,0.42484790086746216
14,0.8676549196243286,0.25070327520370483,0.8121428489685059,0.39356935024261475
15,0.8806929588317871,0.22393642365932465,0.8042857050895691,0.4812960922718048
16,0.8681907653808594,0.2510409355163574,0.7950000166893005,0.4384475648403168
17,0.8853366374969482,0.2141832709312439,0.8107143044471741,0.4660511612892151
18,0.8874799013137817,0.20596438646316528,0.8192856907844543,0.5101304650306702
19,0.8924807906150818,0.21151460707187653,0.8057143092155457,0.48479604721069336
20,0.9044471979141235,0.18501725792884827,0.8157142996788025,0.5304595232009888
21,0.9073048830032349,0.18150536715984344,0.8035714030265808,0.5110156536102295
22,0.8994463086128235,0.18204599618911743,0.7671428322792053,0.6882798075675964
23,0.9023039937019348,0.201787069439888,0.8335714340209961,0.48997658491134644
24,0.9176638722419739,0.161960631608963,0.8278571367263794,0.48808664083480835
25,0.9210573434829712,0.16182419657707214,0.7971428632736206,0.6073027849197388
26,0.9151633977890015,0.16481225192546844,0.8149999976158142,0.49709489941596985
27,0.9296302795410156,0.14200210571289062,0.8192856907844543,0.5102704167366028
28,0.9260582327842712,0.15168240666389465,0.822857141494751,0.543443500995636
