epoch,accuracy,loss,val_accuracy,val_loss
0,0.8280442953109741,0.3847164809703827,0.8790560364723206,0.30019238591194153
1,0.8730627298355103,0.299393892288208,0.8643068075180054,0.29719170928001404
2,0.8937269449234009,0.25380218029022217,0.8849557638168335,0.2701055407524109
3,0.9025830030441284,0.23228558897972107,0.8672566413879395,0.30245882272720337
4,0.9188191890716553,0.1978549361228943,0.8584070801734924,0.33529868721961975
5,0.9357933402061462,0.17227810621261597,0.8525073528289795,0.35447022318840027
6,0.9461254477500916,0.13270364701747894,0.8761062026023865,0.38014838099479675
7,0.9498155117034912,0.12273711711168289,0.8584070801734924,0.39436373114585876
