epoch,accuracy,loss,val_accuracy,val_loss
0,0.5120347142219543,0.7547717094421387,0.5260389447212219,0.6936292052268982
1,0.5334736108779907,0.6982451677322388,0.5812730193138123,0.677943766117096
2,0.5884519219398499,0.6756540536880493,0.5860073566436768,0.6685234308242798
3,0.6384322047233582,0.6411752700805664,0.637559175491333,0.6332888007164001
4,0.6782848834991455,0.6026335954666138,0.6622830033302307,0.5921341776847839
5,0.7231355905532837,0.554053544998169,0.6980536580085754,0.5609852075576782
6,0.7481257319450378,0.5184220671653748,0.7417148947715759,0.5094338655471802
7,0.7748257517814636,0.4713701009750366,0.7716991305351257,0.4621615409851074
8,0.8095488548278809,0.42478448152542114,0.7911625504493713,0.42718616127967834
9,0.8234907388687134,0.38887014985084534,0.8290373682975769,0.3712031841278076
10,0.846113383769989,0.35315999388694763,0.7569699883460999,0.47588637471199036
11,0.8678153157234192,0.3091758191585541,0.8453445434570312,0.34201085567474365
12,0.882940948009491,0.28498467803001404,0.864281952381134,0.31879299879074097
13,0.9053005576133728,0.23273780941963196,0.8779589533805847,0.28474360704421997
14,0.9166118502616882,0.20771293342113495,0.8958442807197571,0.242806077003479
15,0.9297645688056946,0.17697358131408691,0.8648080229759216,0.3840026259422302
16,0.9331842660903931,0.17626599967479706,0.9121515154838562,0.22515523433685303
17,0.9464684724807739,0.15286998450756073,0.9026827812194824,0.22035911679267883
18,0.9505458474159241,0.12990733981132507,0.9089952707290649,0.20856523513793945
19,0.9544916749000549,0.12147857248783112,0.9163597822189331,0.21049363911151886
20,0.9590951204299927,0.11002077162265778,0.9068911075592041,0.2462477684020996
21,0.9604103565216064,0.11156653612852097,0.9121515154838562,0.27545297145843506
22,0.9683020114898682,0.08949737250804901,0.8905839323997498,0.30205151438713074
23,0.9698802828788757,0.0836096778512001,0.8947921991348267,0.34163957834243774
24,0.9684334993362427,0.09204674512147903,0.9163597822189331,0.24835379421710968
