epoch,accuracy,loss,val_accuracy,val_loss
0,0.6309639811515808,0.9036999344825745,0.768482506275177,0.5185225605964661
1,0.7409932017326355,0.652890145778656,0.7957198619842529,0.4630182385444641
2,0.7633885145187378,0.6111024618148804,0.8035019636154175,0.4216403365135193
3,0.7916260957717896,0.5331131815910339,0.8249027132987976,0.40323296189308167
4,0.7940603494644165,0.5195492506027222,0.8171206116676331,0.37708061933517456
5,0.8062317371368408,0.47525057196617126,0.8287937641143799,0.3695553243160248
6,0.8179162740707397,0.433459997177124,0.8268482685089111,0.3670341968536377
7,0.8198636770248413,0.4400750994682312,0.8365758657455444,0.3755319118499756
8,0.8461538553237915,0.39957395195961,0.8229572176933289,0.37884724140167236
9,0.8432326912879944,0.41030415892601013,0.8424124717712402,0.3471192717552185
10,0.8515092730522156,0.37171027064323425,0.8326848149299622,0.36010077595710754
11,0.8534566760063171,0.3749724328517914,0.8501945734024048,0.34320372343063354
12,0.867575466632843,0.33446767926216125,0.8560311198234558,0.3287605941295624
13,0.8617331981658936,0.3400895297527313,0.8463035225868225,0.32675376534461975
14,0.8758519887924194,0.30418455600738525,0.8463035225868225,0.32918617129325867
15,0.87000972032547,0.32226407527923584,0.8365758657455444,0.34313419461250305
16,0.8894839286804199,0.27115127444267273,0.8579766750335693,0.32966047525405884
17,0.8880233764648438,0.2662994861602783,0.844357967376709,0.3425268530845642
18,0.887049674987793,0.27297672629356384,0.8560311198234558,0.33509841561317444
19,0.8836416602134705,0.27560916543006897,0.8463035225868225,0.33668380975723267
20,0.8855891227722168,0.2725104093551636,0.8482490181922913,0.33391255140304565
21,0.8899707794189453,0.26291871070861816,0.8638132214546204,0.3211939036846161
22,0.8943524956703186,0.26329508423805237,0.8638132214546204,0.3230944871902466
23,0.9118792414665222,0.21700559556484222,0.844357967376709,0.34552252292633057
24,0.9021421670913696,0.2308276742696762,0.8521400690078735,0.3370608985424042
25,0.8933787941932678,0.24529287219047546,0.8501945734024048,0.3358781933784485
26,0.9157741069793701,0.20328466594219208,0.8463035225868225,0.33755990862846375
