epoch,accuracy,loss,val_accuracy,val_loss
0,0.8461538553237915,0.4571520686149597,0.9115646481513977,1.283172369003296
1,0.9196581244468689,0.21168558299541473,0.9387755393981934,0.9775548577308655
2,0.9264957308769226,0.18331626057624817,0.9319728016853333,0.6096093058586121
3,0.9299145340919495,0.15291185677051544,0.9387755393981934,0.4573514759540558
4,0.9333333373069763,0.15214397013187408,0.9319728016853333,0.35684734582901
5,0.9487179517745972,0.1408291757106781,0.9319728016853333,0.18368646502494812
6,0.9658119678497314,0.10998276621103287,0.9387755393981934,0.31883978843688965
