epoch,accuracy,loss,val_accuracy,val_loss
0,0.7341587543487549,0.5260708332061768,0.8430232405662537,0.34941989183425903
1,0.8681718707084656,0.318104088306427,0.8168604373931885,0.3346523344516754
2,0.8732702136039734,0.2894402742385864,0.8575581312179565,0.3827885389328003
3,0.9075018167495728,0.21825522184371948,0.8401162624359131,0.35492444038391113
4,0.9169701337814331,0.21010327339172363,0.8575581312179565,0.3305518329143524
5,0.9512017369270325,0.12468499690294266,0.8401162624359131,0.38725751638412476
6,0.971595048904419,0.0973760336637497,0.8372092843055725,0.49360427260398865
7,0.9621267318725586,0.09924358874559402,0.8430232405662537,0.4467775523662567
