epoch,accuracy,loss,val_accuracy,val_loss
0,0.7821112275123596,0.4710468649864197,0.8587346076965332,0.3616423010826111
1,0.8361356854438782,0.3901725709438324,0.8591325283050537,0.34992775321006775
2,0.8396179676055908,0.3812515139579773,0.8651014566421509,0.3413310945034027
3,0.8451895117759705,0.3706900179386139,0.8639076948165894,0.34071463346481323
4,0.847079873085022,0.36269378662109375,0.8623159527778625,0.3338996171951294
5,0.848373293876648,0.35837027430534363,0.861918032169342,0.33515632152557373
6,0.8558352589607239,0.3504038453102112,0.8631117939949036,0.33433863520622253
7,0.8512585759162903,0.34821617603302,0.8639076948165894,0.3312127888202667
