epoch,accuracy,loss,val_accuracy,val_loss
0,0.659375011920929,0.6928882598876953,0.875,0.22420775890350342
1,0.8687499761581421,0.30533701181411743,0.9624999761581421,0.1223880797624588
2,0.9281250238418579,0.1807733178138733,0.987500011920929,0.08261840790510178
3,0.9468749761581421,0.10954773426055908,0.9750000238418579,0.08902233839035034
4,0.984375,0.04359120875597,0.9750000238418579,0.10861101001501083
5,0.9937499761581421,0.025186041370034218,0.949999988079071,0.15410885214805603
6,0.9937499761581421,0.0175275057554245,0.9750000238418579,0.1832255870103836
7,0.9906250238418579,0.015641581267118454,0.9750000238418579,0.04993783310055733
