epoch,accuracy,loss,val_accuracy,val_loss
0,0.4349442422389984,1.4193912744522095,0.6176470518112183,0.6697438359260559
1,0.49070632457733154,1.1713416576385498,0.6323529481887817,0.658864438533783
2,0.5427509546279907,1.2041728496551514,0.6470588445663452,0.6473032832145691
3,0.5687732100486755,0.9800477623939514,0.6323529481887817,0.6377125382423401
4,0.5836431384086609,0.901395320892334,0.6323529481887817,0.6293310523033142
5,0.5724906921386719,0.9748480916023254,0.6323529481887817,0.6214969158172607
6,0.5947955250740051,0.9280270934104919,0.6323529481887817,0.6142188906669617
7,0.643122673034668,0.7962835431098938,0.6323529481887817,0.6069443225860596
