epoch,accuracy,loss,val_accuracy,val_loss
0,0.4962686598300934,1.1710140705108643,0.3970588147640228,0.7055988311767578
1,0.5559701323509216,1.0316470861434937,0.47058823704719543,0.7039480209350586
2,0.5335820913314819,0.9739916324615479,0.5,0.7022151350975037
3,0.5597015023231506,0.9676028490066528,0.5,0.700838565826416
4,0.611940324306488,0.8023995161056519,0.45588234066963196,0.7012972831726074
5,0.5970149040222168,0.8842096328735352,0.45588234066963196,0.6997048854827881
6,0.6268656849861145,0.7914890646934509,0.45588234066963196,0.6988752484321594
7,0.6343283653259277,0.8288729786872864,0.47058823704719543,0.6977584362030029
