epoch,accuracy,loss,val_accuracy,val_loss
0,0.7903469204902649,0.6372853517532349,0.740963876247406,1.0469424724578857
1,0.8250377178192139,0.5108847618103027,0.8253012299537659,0.6854138374328613
2,0.8536953330039978,0.4040062427520752,0.8313252925872803,0.486669659614563
3,0.8642534017562866,0.3737694025039673,0.8734939694404602,0.35265040397644043
4,0.8642534017562866,0.3463119566440582,0.8614457845687866,0.44186994433403015
5,0.8642534017562866,0.33749473094940186,0.8313252925872803,0.45954427123069763
6,0.883861243724823,0.2925751805305481,0.8433734774589539,0.37347298860549927
7,0.9049773812294006,0.23946551978588104,0.8674699068069458,0.3441004455089569
8,0.9110105633735657,0.21768251061439514,0.8614457845687866,0.3497135639190674
