epoch,accuracy,loss,val_accuracy,val_loss
0,0.698924720287323,0.7046984434127808,0.7234042286872864,0.6135599613189697
1,0.8172042965888977,0.42201316356658936,0.7659574747085571,0.5589592456817627
2,0.8037634491920471,0.40621325373649597,0.7553191781044006,0.6042749881744385
3,0.8655914068222046,0.3433302044868469,0.7553191781044006,0.655691921710968
4,0.8629032373428345,0.31042686104774475,0.7553191781044006,0.6318562030792236
5,0.8897849321365356,0.23115159571170807,0.7553191781044006,0.6586365103721619
6,0.9005376100540161,0.21240288019180298,0.7659574747085571,0.6064444780349731
