epoch,accuracy,loss,val_accuracy,val_loss
0,0.6639785170555115,0.7212321758270264,0.7872340679168701,0.48183417320251465
1,0.7822580933570862,0.4718431532382965,0.8191489577293396,0.5126269459724426
2,0.7930107712745667,0.4434800148010254,0.7978723645210266,0.6310608386993408
3,0.8252688050270081,0.3756192624568939,0.7553191781044006,0.9297879934310913
4,0.852150559425354,0.3631304204463959,0.7978723645210266,0.6502691507339478
5,0.852150559425354,0.36635035276412964,0.7659574747085571,0.7366803884506226
6,0.8602150678634644,0.28535789251327515,0.8191489577293396,0.6031638979911804
