epoch,accuracy,loss,val_accuracy,val_loss
0,0.5463917255401611,0.6690093278884888,0.7200000286102295,0.45574676990509033
1,0.7525773048400879,0.48942527174949646,0.800000011920929,0.358460009098053
2,0.8041236996650696,0.42886191606521606,0.8399999737739563,0.29826682806015015
3,0.8453608155250549,0.3437888026237488,0.8799999952316284,0.26621848344802856
4,0.8144329786300659,0.298944890499115,0.8799999952316284,0.2654421329498291
5,0.8247422575950623,0.315982460975647,0.8399999737739563,0.29368916153907776
6,0.8350515365600586,0.27741238474845886,0.8799999952316284,0.2942699193954468
7,0.8453608155250549,0.2695401906967163,0.8799999952316284,0.25837481021881104
8,0.8659793734550476,0.26845428347587585,0.8799999952316284,0.241847425699234
