epoch,accuracy,loss,val_accuracy,val_loss
0,0.48774510622024536,0.8455921411514282,0.5631067752838135,0.68751060962677
1,0.48774510622024536,0.8409210443496704,0.582524299621582,0.6882669925689697
2,0.4779411852359772,0.8321330547332764,0.5728155374526978,0.6882385015487671
3,0.5,0.8286885023117065,0.5339806079864502,0.6877731084823608
4,0.5196078419685364,0.8231815099716187,0.5339806079864502,0.6865535378456116
5,0.5147058963775635,0.8093224167823792,0.5436893105506897,0.6856033205986023
6,0.5073529481887817,0.8174532651901245,0.5436893105506897,0.685347318649292
