epoch,accuracy,loss,val_accuracy,val_loss
0,0.7232277393341064,0.6100163459777832,0.8373494148254395,0.5071795582771301
1,0.8355957865715027,0.39346057176589966,0.858433723449707,0.43266090750694275
2,0.8597285151481628,0.333940714597702,0.8554216623306274,0.3884807229042053
3,0.88310706615448,0.2863341271877289,0.8524096608161926,0.36017629504203796
4,0.8876319527626038,0.2707163393497467,0.8674699068069458,0.33662235736846924
5,0.8853695392608643,0.27229976654052734,0.8734939694404602,0.2950081527233124
6,0.8981900215148926,0.2550908029079437,0.8765060305595398,0.28696879744529724
7,0.9072397947311401,0.2344101369380951,0.8765060305595398,0.2687029540538788
8,0.9079939723014832,0.2214689701795578,0.8885542154312134,0.2581305503845215
9,0.9140271544456482,0.20346081256866455,0.8855421543121338,0.2575664818286896
10,0.9034690856933594,0.22904139757156372,0.900602400302887,0.25225675106048584
11,0.9223227500915527,0.18935349583625793,0.8945783376693726,0.25807496905326843
12,0.9313725233078003,0.17099618911743164,0.900602400302887,0.24243056774139404
13,0.9230769276618958,0.18215428292751312,0.9036144614219666,0.2430519461631775
14,0.9381598830223083,0.16035935282707214,0.8885542154312134,0.25147372484207153
15,0.9283559322357178,0.16624675691127777,0.891566276550293,0.25008678436279297
16,0.9381598830223083,0.15435191988945007,0.8855421543121338,0.25907135009765625
17,0.9396681785583496,0.15644586086273193,0.9036144614219666,0.2559129297733307
18,0.9509803652763367,0.12210535258054733,0.9096385836601257,0.25211554765701294
19,0.9419305920600891,0.15411123633384705,0.8885542154312134,0.27010825276374817
20,0.9472096562385559,0.13831399381160736,0.9066265225410461,0.234916090965271
21,0.9509803652763367,0.12321604788303375,0.900602400302887,0.23337386548519135
22,0.9683257937431335,0.0972122848033905,0.9096385836601257,0.2483786791563034
23,0.9570135474205017,0.1089266836643219,0.9156626462936401,0.2401990294456482
24,0.9509803652763367,0.13223670423030853,0.9036144614219666,0.2571273148059845
25,0.9713423848152161,0.09360501170158386,0.9036144614219666,0.2452813982963562
26,0.9728506803512573,0.0842251107096672,0.9066265225410461,0.23248811066150665
27,0.9720965027809143,0.08389270305633545,0.9096385836601257,0.2540045380592346
28,0.9758672714233398,0.07635725289583206,0.9036144614219666,0.2433813214302063
