epoch,accuracy,loss,val_accuracy,val_loss
0,0.817139744758606,0.4239002466201782,0.864628791809082,0.29107344150543213
1,0.931768536567688,0.18410806357860565,0.847161591053009,0.4133603274822235
2,0.9514192342758179,0.14140932261943817,0.8951964974403381,0.26175421476364136
3,0.9727074503898621,0.07434330135583878,0.9170305728912354,0.2391621172428131
4,0.9748908281326294,0.06472122669219971,0.8689956068992615,0.4223944842815399
5,0.9759825468063354,0.0640019103884697,0.9126637578010559,0.27983325719833374
6,0.9868995547294617,0.03208979219198227,0.9104803204536438,0.27916115522384644
7,0.9967249035835266,0.012581804767251015,0.9104803204536438,0.353464812040329
8,0.9858078360557556,0.03575749322772026,0.8995633125305176,0.38377246260643005
