epoch,accuracy,loss,val_accuracy,val_loss
0,0.6041666865348816,0.6996870040893555,0.5384615659713745,0.6606646180152893
1,0.6041666865348816,0.6937693953514099,0.5384615659713745,0.6581237316131592
2,0.6041666865348816,0.6876816749572754,0.5384615659713745,0.6559662222862244
3,0.6041666865348816,0.6816297173500061,0.5384615659713745,0.6539595127105713
4,0.625,0.676313579082489,0.5384615659713745,0.6518569588661194
5,0.625,0.6711819767951965,0.5384615659713745,0.6494860053062439
