epoch,accuracy,loss,val_accuracy,val_loss
0,0.5047022104263306,0.6968706846237183,0.49180328845977783,0.6930868625640869
1,0.4895104765892029,0.6987584829330444,0.4860173463821411,0.6930034160614014
2,0.5047022104263306,0.696727991104126,0.48505303263664246,0.6929614543914795
3,0.493850976228714,0.6987619996070862,0.4879460036754608,0.6929283142089844
4,0.4931275546550751,0.6976495385169983,0.48312440514564514,0.6929246187210083
5,0.5042198896408081,0.6961879134178162,0.4840887188911438,0.6928744316101074
