epoch,accuracy,loss,val_accuracy,val_loss
0,0.5118268728256226,0.9277838468551636,0.5412474870681763,0.698866069316864
1,0.5113236308097839,0.7867242097854614,0.5573440790176392,0.6956671476364136
2,0.5183693766593933,0.7482350468635559,0.5352112650871277,0.6888025403022766
3,0.49723201990127563,0.7145811319351196,0.5110663771629333,0.6922110915184021
4,0.5203824639320374,0.7043737769126892,0.5150905251502991,0.6961092352867126
5,0.5379970073699951,0.6947115063667297,0.5633803009986877,0.6824386119842529
6,0.5460492968559265,0.7016861438751221,0.5533199310302734,0.6818185448646545
7,0.5535984039306641,0.6877977252006531,0.5674044489860535,0.691868782043457
8,0.5641670823097229,0.6897854208946228,0.5995975732803345,0.6746582984924316
9,0.568193256855011,0.6832152009010315,0.6036217212677002,0.6708954572677612
10,0.5676899552345276,0.6869598031044006,0.5432595610618591,0.6833808422088623
11,0.5747357606887817,0.6810205578804016,0.5674044489860535,0.6708093285560608
12,0.5953698754310608,0.6744606494903564,0.6136820912361145,0.6625215411186218
13,0.5958731770515442,0.6672917604446411,0.6338028311729431,0.6458600163459778
14,0.5948666334152222,0.6648589372634888,0.6197183132171631,0.6428548097610474
15,0.606441855430603,0.6588596701622009,0.6338028311729431,0.640824019908905
16,0.6155007481575012,0.6562583446502686,0.6036217212677002,0.6478857398033142
17,0.624056339263916,0.6418299674987793,0.649899423122406,0.637785792350769
18,0.6462002992630005,0.6262226104736328,0.6378269791603088,0.6245318055152893
19,0.6346250772476196,0.6248260736465454,0.6740442514419556,0.6144944429397583
20,0.6638147830963135,0.6098204255104065,0.6418511271476746,0.6176199316978455
21,0.6607951521873474,0.6140733361244202,0.6559355854988098,0.6163121461868286
22,0.705586314201355,0.5876441597938538,0.6619718074798584,0.6060311794281006
23,0.6995470523834229,0.5686874985694885,0.6700201034545898,0.6137859225273132
24,0.705586314201355,0.5637075304985046,0.6599597334861755,0.616132378578186
