epoch,accuracy,loss,val_accuracy,val_loss
0,0.49235808849334717,1.029903769493103,0.5021833777427673,0.7004287838935852
1,0.5070960521697998,0.7075756788253784,0.5065501928329468,0.7697640061378479
2,0.4983624517917633,0.7159361243247986,0.5065501928329468,0.6968470215797424
3,0.4896288216114044,0.6991003155708313,0.5021833777427673,0.7183928489685059
4,0.5098253488540649,0.7221779227256775,0.49563318490982056,0.6931815147399902
5,0.4945414960384369,0.7037258148193359,0.5065501928329468,0.7082729339599609
6,0.48689955472946167,0.7104223370552063,0.5065501928329468,0.697722315788269
