epoch,accuracy,loss,val_accuracy,val_loss
0,0.5147058963775635,0.6928656101226807,0.5,0.6878839731216431
1,0.529411792755127,0.6964688301086426,0.5,0.684884786605835
2,0.5833333134651184,0.6754615902900696,0.5,0.6815709471702576
3,0.5686274766921997,0.666010856628418,0.48076921701431274,0.6777552366256714
4,0.5833333134651184,0.6641842722892761,0.5,0.6750840544700623
5,0.5784313678741455,0.6591991186141968,0.5,0.6704842448234558
