epoch,accuracy,loss,val_accuracy,val_loss
0,0.8299270272254944,0.4115000367164612,0.8236151337623596,0.3885519504547119
1,0.8784671425819397,0.3069092333316803,0.8600583076477051,0.3721558451652527
2,0.8846715092658997,0.29543378949165344,0.8542274236679077,0.3649429976940155
3,0.9058394432067871,0.24492143094539642,0.8717201352119446,0.3723587989807129
4,0.9131386876106262,0.21926966309547424,0.8498542308807373,0.3809080421924591
5,0.9248175024986267,0.18841196596622467,0.8542274236679077,0.4008741080760956
6,0.9489051103591919,0.12952813506126404,0.8556851148605347,0.46429261565208435
7,0.9565693140029907,0.11900845170021057,0.8469387888908386,0.5913289785385132
8,0.9697080254554749,0.08231274783611298,0.8177842497825623,0.6329207420349121
