epoch,accuracy,loss,val_accuracy,val_loss
0,0.5373665690422058,0.6934961676597595,0.567375898361206,0.6894910931587219
1,0.5320284962654114,0.6909753084182739,0.567375898361206,0.6894406676292419
2,0.5,0.6938111186027527,0.567375898361206,0.6893938183784485
3,0.517793595790863,0.6966940760612488,0.567375898361206,0.6893320083618164
4,0.517793595790863,0.6936119794845581,0.5602836608886719,0.6892867684364319
5,0.5195729732513428,0.6971839070320129,0.5531914830207825,0.6892300844192505
