epoch,accuracy,loss,val_accuracy,val_loss
0,0.4989281892776489,0.6945273280143738,0.5026795268058777,0.694538950920105
1,0.4981243312358856,0.6945040225982666,0.5026795268058777,0.6945303082466125
2,0.4973204731941223,0.6944814324378967,0.5048231482505798,0.6945218443870544
3,0.4973204731941223,0.6944580674171448,0.5048231482505798,0.6945131421089172
4,0.4983922839164734,0.6944349408149719,0.5016077160835266,0.6945047378540039
5,0.5005359053611755,0.6944135427474976,0.4973204731941223,0.6944963932037354
6,0.5002679824829102,0.6943913102149963,0.49946409463882446,0.6944881081581116
7,0.49973204731941223,0.6943700313568115,0.4983922839164734,0.6944801211357117
