epoch,accuracy,loss,val_accuracy,val_loss
0,0.5063053369522095,0.6949476599693298,0.530075192451477,0.6917480826377869
1,0.5087334513664246,0.6933799982070923,0.4840225577354431,0.6930506229400635
2,0.5121798515319824,0.6930364966392517,0.5344611406326294,0.6912393569946289
3,0.5160178542137146,0.6931824684143066,0.5241228342056274,0.6912615895271301
4,0.5187593102455139,0.6931638121604919,0.5363408327102661,0.6916018128395081
5,0.5296467542648315,0.6919261813163757,0.5294486284255981,0.6898403763771057
6,0.5413174629211426,0.6902529001235962,0.5444862246513367,0.6894811987876892
7,0.5494634509086609,0.6872252225875854,0.5385338068008423,0.6932883858680725
8,0.5576877593994141,0.684349536895752,0.5507518649101257,0.6872785687446594
9,0.5722566246986389,0.6774798631668091,0.5604636669158936,0.6855878233909607
10,0.5919166803359985,0.6680608987808228,0.583020031452179,0.673936128616333
11,0.6134565472602844,0.6569340825080872,0.5679824352264404,0.683137834072113
12,0.628730297088623,0.6407748460769653,0.5961779356002808,0.6675976514816284
13,0.6529333591461182,0.6178209781646729,0.613095223903656,0.655609130859375
14,0.6673455238342285,0.6066612005233765,0.6080827116966248,0.652296781539917
15,0.6815226674079895,0.5854732990264893,0.6109022498130798,0.6739016771316528
16,0.7003211379051208,0.5675241947174072,0.6099624037742615,0.6766460537910461
17,0.7157515287399292,0.5477886199951172,0.6184210777282715,0.693113386631012
18,0.7331401109695435,0.5201907753944397,0.6102756857872009,0.730731725692749
19,0.7524085640907288,0.49049535393714905,0.6162280440330505,0.7250137329101562
20,0.7716769576072693,0.4731210768222809,0.6256265640258789,0.752934455871582
21,0.7818594574928284,0.44676709175109863,0.6187343597412109,0.7973785996437073
22,0.8033210635185242,0.41339990496635437,0.6184210777282715,0.8100898265838623
23,0.8164016604423523,0.38497310876846313,0.6228070259094238,0.8711117506027222
24,0.8369233012199402,0.3491586446762085,0.61654132604599,1.0202999114990234
25,0.8529019951820374,0.3201051652431488,0.6171678900718689,1.1030244827270508
