epoch,accuracy,loss,val_accuracy,val_loss
0,0.8095472455024719,0.44277676939964294,0.8613569140434265,0.3050142824649811
1,0.8698326945304871,0.32717686891555786,0.886922299861908,0.28142300248146057
2,0.8737697005271912,0.3012215197086334,0.9065880179405212,0.23676785826683044
3,0.882135808467865,0.2778393030166626,0.8977384567260742,0.24918705224990845
4,0.8907480239868164,0.2620623707771301,0.8987217545509338,0.2543272376060486
5,0.8983759880065918,0.2474028617143631,0.8947886228561401,0.25799354910850525
6,0.8998523354530334,0.23654523491859436,0.8574237823486328,0.3557826280593872
7,0.9215059280395508,0.18804626166820526,0.8977384567260742,0.26329705119132996
