epoch,accuracy,loss,val_accuracy,val_loss
0,0.6654040217399597,0.5963088274002075,0.7323232293128967,0.5011667609214783
1,0.7746211886405945,0.4509027898311615,0.8181818127632141,0.38041841983795166
2,0.8491161465644836,0.3302430808544159,0.8914141654968262,0.2686043977737427
3,0.8989899158477783,0.2522415816783905,0.8964646458625793,0.24196156859397888
4,0.9229797720909119,0.19279813766479492,0.9368686676025391,0.1778459995985031
5,0.9570707082748413,0.11336776614189148,0.9494949579238892,0.1424839198589325
6,0.9703282713890076,0.0761527419090271,0.9696969985961914,0.08384896069765091
7,0.9829545617103577,0.05995088070631027,0.9797979593276978,0.06284188479185104
8,0.993686854839325,0.022751102223992348,0.9671717286109924,0.07036269456148148
9,0.9823232293128967,0.04753552004694939,0.9545454382896423,0.09599728137254715
10,0.9867424368858337,0.03711637482047081,0.9671717286109924,0.07841446250677109
11,0.9823232293128967,0.0895635262131691,0.9595959782600403,0.14095953106880188
12,0.9779040217399597,0.06395340710878372,0.9898989796638489,0.05464504659175873
13,0.9949495196342468,0.019063036888837814,0.9898989796638489,0.03373051807284355
14,0.9993686676025391,0.004539704415947199,0.9873737096786499,0.031670600175857544
15,1.0,0.001862217322923243,0.9898989796638489,0.027106616646051407
16,1.0,0.0016738190315663815,0.9924242496490479,0.025789529085159302
17,1.0,0.0009043921600095928,0.9898989796638489,0.02593003772199154
18,1.0,0.0006817907560616732,0.9949495196342468,0.022451335564255714
19,1.0,0.00044695232645608485,0.9949495196342468,0.02279490977525711
20,1.0,0.0004101552185602486,0.9924242496490479,0.024022292345762253
21,1.0,0.0003534021961968392,0.9924242496490479,0.024789270013570786
22,1.0,0.00029735348653048277,0.9898989796638489,0.023931752890348434
23,1.0,0.0002743744116742164,0.9898989796638489,0.024411410093307495
