epoch,accuracy,loss,val_accuracy,val_loss
0,0.5136430859565735,0.69420325756073,0.5758468508720398,0.6819174885749817
1,0.5829645991325378,0.6750184297561646,0.5714285969734192,0.6797721982002258
2,0.6047197580337524,0.6646007895469666,0.5419734716415405,0.7015043497085571
3,0.6353244781494141,0.6415545344352722,0.5920471549034119,0.6560717821121216
4,0.6578171253204346,0.626357913017273,0.6126657128334045,0.6547395586967468
5,0.6710914373397827,0.6140797734260559,0.5979381203651428,0.6822315454483032
6,0.6806784868240356,0.5959939956665039,0.6229749917984009,0.643162727355957
7,0.6957964897155762,0.5738850235939026,0.6494845151901245,0.645571231842041
8,0.7153392434120178,0.5554027557373047,0.6406480073928833,0.6333253383636475
9,0.721238911151886,0.5419482588768005,0.6435934901237488,0.6431887745857239
10,0.7481563687324524,0.5100030303001404,0.646539032459259,0.6532923579216003
11,0.7470501661300659,0.5099203586578369,0.6539027690887451,0.6721368432044983
12,0.7621681690216064,0.4837678372859955,0.6583210825920105,0.6301534175872803
13,0.7691740393638611,0.47803017497062683,0.6642120480537415,0.6719222664833069
14,0.7890855669975281,0.44512704014778137,0.6362297534942627,0.6835966110229492
15,0.8016223907470703,0.42899513244628906,0.6759940981864929,0.6449241042137146
16,0.8145280480384827,0.40605995059013367,0.6730486154556274,0.6716038584709167
17,0.8145280480384827,0.3955845236778259,0.646539032459259,0.7146177887916565
18,0.8219026327133179,0.37640443444252014,0.6656848192214966,0.6815297603607178
19,0.8458701968193054,0.35324826836586,0.6671575903892517,0.6990948915481567
20,0.8337020874023438,0.35557422041893005,0.6656848192214966,0.7339634895324707
