epoch,accuracy,loss,val_accuracy,val_loss
0,0.5253195762634277,0.6899091005325317,0.5618860721588135,0.6850863695144653
1,0.5948868989944458,0.6692546010017395,0.5599214434623718,0.6796673536300659
2,0.616765022277832,0.6517179012298584,0.5884086489677429,0.6686695218086243
3,0.6487217545509338,0.6240518093109131,0.6218074560165405,0.658104658126831
4,0.6838741302490234,0.5976417660713196,0.6365422606468201,0.6550923585891724
5,0.6914945840835571,0.5752503275871277,0.6345776319503784,0.6655114889144897
6,0.7153392434120178,0.5556265115737915,0.664047122001648,0.6486428380012512
7,0.7433628439903259,0.5169747471809387,0.6630648374557495,0.6277326941490173
8,0.7613077759742737,0.4866918623447418,0.667976438999176,0.6567718982696533
9,0.7861356735229492,0.4600847363471985,0.6552062630653381,0.6790094375610352
10,0.8060472011566162,0.42153745889663696,0.6984282732009888,0.6410629749298096
11,0.8249754309654236,0.38949060440063477,0.6699410676956177,0.711228609085083
12,0.834316611289978,0.3719290792942047,0.689587414264679,0.6566317677497864
13,0.8620944023132324,0.3288150727748871,0.6866405010223389,0.6611157059669495
14,0.8670108318328857,0.31287679076194763,0.6905697584152222,0.6872695088386536
15,0.8800393342971802,0.28173184394836426,0.709233820438385,0.6870779395103455
16,0.8997049927711487,0.2606240212917328,0.7161099910736084,0.675037682056427
17,0.911996066570282,0.22455687820911407,0.6944990158081055,0.8684992790222168
18,0.9011799693107605,0.2595435082912445,0.7190569639205933,0.6827486157417297
19,0.9284660816192627,0.18794980645179749,0.7141453623771667,0.8201491832733154
20,0.9311701059341431,0.1779710054397583,0.7387033104896545,0.748004138469696
21,0.9439527988433838,0.15653041005134583,0.7190569639205933,0.8258687257766724
22,0.9520648717880249,0.14214883744716644,0.7318271398544312,0.8653603792190552
23,0.9505899548530579,0.14108924567699432,0.7200393080711365,0.843854546546936
24,0.9663225412368774,0.10790219157934189,0.7259331941604614,0.9622299075126648
25,0.9596853256225586,0.11948729306459427,0.7396856546401978,0.8493971824645996
