epoch,accuracy,loss,val_accuracy,val_loss
0,0.5416666865348816,1.2634388208389282,0.6153846383094788,4.253997325897217
1,0.6875,2.9129936695098877,0.6153846383094788,0.5549249053001404
2,0.7083333134651184,0.6738593578338623,0.692307710647583,0.7165907621383667
3,0.75,0.4882132112979889,0.8461538553237915,1.0720713138580322
4,0.7916666865348816,1.2197253704071045,0.7692307829856873,0.5497774481773376
5,0.7916666865348816,0.7664614319801331,0.7692307829856873,0.6365922093391418
6,0.8333333134651184,0.49367961287498474,0.8461538553237915,0.5376797914505005
7,0.7916666865348816,0.5088270902633667,0.8461538553237915,0.5566600561141968
8,0.9583333134651184,0.09055390954017639,0.692307710647583,0.9417126178741455
