epoch,accuracy,loss,val_accuracy,val_loss
0,0.6666666865348816,0.5948497653007507,0.7574257254600525,0.4792213439941406
1,0.7198845148086548,0.5506999492645264,0.7079207897186279,0.49519041180610657
2,0.7132838368415833,0.5172489881515503,0.6749175190925598,0.6059650182723999
3,0.6481022834777832,0.6164807677268982,0.5099009871482849,0.6928852796554565
4,0.5049505233764648,0.6944883465766907,0.4884488582611084,0.6940098404884338
5,0.5119637250900269,0.693251371383667,0.4884488582611084,0.6942252516746521
