epoch,accuracy,loss,val_accuracy,val_loss
0,0.7854406237602234,0.48438289761543274,0.853391706943512,0.33188554644584656
1,0.8505747318267822,0.36846429109573364,0.8468271493911743,0.35860201716423035
2,0.879584014415741,0.2850123941898346,0.833698034286499,0.4298194646835327
3,0.8965517282485962,0.2579766511917114,0.8905907869338989,0.26943880319595337
4,0.9162561297416687,0.2115069478750229,0.8840262293815613,0.31563800573349
5,0.9189928770065308,0.19250774383544922,0.8468271493911743,0.4567573070526123
6,0.9288451075553894,0.1886180192232132,0.8708971738815308,0.3698744773864746
7,0.9222769737243652,0.17703357338905334,0.8774617314338684,0.464925080537796
8,0.9447181224822998,0.14377592504024506,0.8577680587768555,0.5519693493843079
