epoch,accuracy,loss,val_accuracy,val_loss
0,0.5094339847564697,0.7137589454650879,0.7037037014961243,0.6481311917304993
1,0.5754716992378235,0.6627660989761353,0.6666666865348816,0.6183644533157349
2,0.698113203048706,0.6226772665977478,0.7407407164573669,0.5917664170265198
3,0.7924528121948242,0.5851987600326538,0.7777777910232544,0.5689000487327576
4,0.801886796951294,0.5512391328811646,0.7407407164573669,0.5485328435897827
5,0.849056601524353,0.5189735293388367,0.7037037014961243,0.5295557379722595
6,0.849056601524353,0.48831018805503845,0.7407407164573669,0.5124521255493164
7,0.8584905862808228,0.4592708349227905,0.7037037014961243,0.4974435269832611
8,0.8584905862808228,0.43235722184181213,0.7037037014961243,0.48390403389930725
