epoch,accuracy,loss,val_accuracy,val_loss
0,0.5027933120727539,1.14408278465271,0.4555555582046509,0.7036916613578796
1,0.44134077429771423,1.2485463619232178,0.4888888895511627,0.7095902562141418
2,0.46368715167045593,1.1163626909255981,0.5,0.7142476439476013
3,0.4748603403568268,1.1349780559539795,0.5111111402511597,0.7210177779197693
4,0.5139665007591248,1.0782527923583984,0.5111111402511597,0.7296038866043091
5,0.4832402169704437,1.1146146059036255,0.5111111402511597,0.7381137609481812
6,0.5279329419136047,0.9889298677444458,0.5111111402511597,0.745943009853363
7,0.5363128781318665,0.9904646873474121,0.5111111402511597,0.7536284327507019
8,0.5251396894454956,1.0427110195159912,0.5111111402511597,0.7604036927223206
