epoch,accuracy,loss,val_accuracy,val_loss
0,0.5416666865348816,1.097536563873291,0.8421052694320679,0.4280222952365875
1,0.8194444179534912,0.4410499334335327,0.8947368264198303,0.39182642102241516
2,0.9305555820465088,0.20530347526073456,0.7894737124443054,0.4284009039402008
3,0.9166666865348816,0.34826672077178955,0.7894737124443054,0.4379005432128906
4,0.8888888955116272,0.25512272119522095,0.7894737124443054,0.4433004558086395
5,0.9027777910232544,0.29252827167510986,0.8421052694320679,0.4266177713871002
6,0.9444444179534912,0.1536788046360016,0.8947368264198303,0.4009265899658203
