epoch,accuracy,loss,val_accuracy,val_loss
0,0.5755102038383484,0.6932952404022217,0.725806474685669,0.5795890688896179
1,0.7346938848495483,0.534449577331543,0.6290322542190552,0.7561054229736328
2,0.8081632852554321,0.41964301466941833,0.725806474685669,0.6098765134811401
3,0.8693877458572388,0.34228524565696716,0.6935483813285828,0.7590751647949219
4,0.8979591727256775,0.2697307765483856,0.6290322542190552,0.7192556262016296
5,0.9469387531280518,0.21779289841651917,0.7096773982048035,0.7398178577423096
