epoch,accuracy,loss,val_accuracy,val_loss
0,0.5034188032150269,0.7938482165336609,0.5699658989906311,0.690534234046936
1,0.5735042691230774,0.6960590481758118,0.6006826162338257,0.6772946715354919
2,0.5914530158042908,0.6643058657646179,0.5904436707496643,0.6767531037330627
3,0.5991452932357788,0.6532902121543884,0.5699658989906311,0.6778679490089417
4,0.6188034415245056,0.6313896775245667,0.6211603879928589,0.6582512855529785
5,0.6470085382461548,0.6168056130409241,0.6075085401535034,0.6476820111274719
6,0.6598290801048279,0.6193838715553284,0.5938566327095032,0.6600386500358582
7,0.6649572849273682,0.6027782559394836,0.6006826162338257,0.6381478309631348
8,0.6888889074325562,0.584236204624176,0.61774742603302,0.6298372745513916
9,0.6829059720039368,0.5745557546615601,0.6143344640731812,0.6264144778251648
