epoch,accuracy,loss,val_accuracy,val_loss
0,0.6737089157104492,0.593638002872467,0.8122065663337708,0.43227311968803406
1,0.8368544578552246,0.3821713328361511,0.8544601202011108,0.32560908794403076
2,0.8673709034919739,0.3217434585094452,0.8544601202011108,0.2939610779285431
3,0.8802816867828369,0.294141948223114,0.8685445785522461,0.271371066570282
4,0.8967136144638062,0.2720446288585663,0.8779342770576477,0.25214657187461853
5,0.8896713852882385,0.25557729601860046,0.8920187950134277,0.2402312457561493
6,0.9037558436393738,0.2303195297718048,0.8732394576072693,0.22795389592647552
7,0.90727698802948,0.21675440669059753,0.8826290965080261,0.21284183859825134
8,0.9178403615951538,0.20303300023078918,0.8920187950134277,0.20341019332408905
9,0.9260563254356384,0.19645093381404877,0.8920187950134277,0.19440202414989471
10,0.93544602394104,0.17516383528709412,0.8920187950134277,0.19600875675678253
