epoch,accuracy,loss,val_accuracy,val_loss
0,0.5818755626678467,0.808982253074646,0.5665439367294312,0.7359785437583923
1,0.7013021111488342,0.5780746340751648,0.6780641674995422,0.6245150566101074
2,0.7518085241317749,0.513456404209137,0.7464492321014404,0.5091091394424438
3,0.8063921928405762,0.42442241311073303,0.7496054768562317,0.5347102284431458
4,0.8520320653915405,0.3376384377479553,0.7958968877792358,0.4782751500606537
5,0.8925424218177795,0.26695480942726135,0.7932667136192322,0.446980744600296
6,0.9042482972145081,0.23165380954742432,0.8221988677978516,0.4461881220340729
7,0.9230566620826721,0.1964658796787262,0.8411362171173096,0.39847540855407715
8,0.9393660426139832,0.15234515070915222,0.8285112977027893,0.42382165789604187
9,0.9563330411911011,0.11948509514331818,0.8448185324668884,0.38013115525245667
10,0.968565046787262,0.08960680663585663,0.8106259703636169,0.580017626285553
11,0.9614625573158264,0.1031269058585167,0.8279852867126465,0.5151128768920898
12,0.9717217087745667,0.0758582353591919,0.8627038598060608,0.4266001582145691
13,0.9621202349662781,0.09718198329210281,0.8490267992019653,0.4372718930244446
14,0.974352240562439,0.06869849562644958,0.8674381971359253,0.38981032371520996
15,0.971064031124115,0.07464561611413956,0.8674381971359253,0.3839745819568634
16,0.9719847440719604,0.08035445958375931,0.84218829870224,0.43765196204185486
17,0.9775089025497437,0.06006402149796486,0.8748027086257935,0.36686307191848755
18,0.988425612449646,0.036486752331256866,0.8763808608055115,0.35875192284584045
19,0.9861896634101868,0.04229431599378586,0.8732246160507202,0.4083618223667145
20,0.9789556860923767,0.058110710233449936,0.8826932907104492,0.3340395390987396
21,0.9877679944038391,0.03687860444188118,0.8711204528808594,0.45765843987464905
22,0.9829015135765076,0.04279753938317299,0.8726986050605774,0.41743752360343933
23,0.9818492531776428,0.04684249311685562,0.7958968877792358,0.7919681668281555
24,0.9777719378471375,0.0654793530702591,0.8627038598060608,0.46443653106689453
25,0.9842167496681213,0.04078193008899689,0.8795371055603027,0.4311681389808655
