epoch,accuracy,loss,val_accuracy,val_loss
0,0.5295807123184204,0.6932194232940674,0.5901262760162354,0.6700707674026489
1,0.6145893335342407,0.6510646343231201,0.6360505223274231,0.6447890400886536
2,0.6636990308761597,0.6028755307197571,0.6590126156806946,0.6195713877677917
3,0.7202757000923157,0.5431870222091675,0.6877152919769287,0.5624758005142212
4,0.7578977346420288,0.48210474848747253,0.6854190826416016,0.5641660690307617
5,0.7929350733757019,0.4218709468841553,0.7026406526565552,0.576534628868103
6,0.832854688167572,0.36792755126953125,0.7175660133361816,0.5812825560569763
7,0.8687536120414734,0.3039047122001648,0.7049368619918823,0.7373300790786743
8,0.8925904631614685,0.257937490940094,0.7187141180038452,0.6959589123725891
9,0.9207351803779602,0.19300581514835358,0.7164179086685181,0.8102051615715027
10,0.9368179440498352,0.15752717852592468,0.7095292806625366,0.8299533128738403
11,0.9396898150444031,0.15983814001083374,0.7049368619918823,0.8333788514137268
12,0.9641010761260986,0.09736250340938568,0.7072330713272095,1.039628505706787
13,0.9488799571990967,0.13317029178142548,0.730195164680481,0.9512321949005127
14,0.9732912182807922,0.07154934108257294,0.7037887573242188,1.2117959260940552
15,0.9856404662132263,0.03982703387737274,0.7152698040008545,1.3349497318267822
16,0.9896610975265503,0.032347422093153,0.730195164680481,1.45716392993927
17,0.981332540512085,0.04982016235589981,0.7175660133361816,1.3623701333999634
18,0.9810453653335571,0.06002417951822281,0.7187141180038452,1.5440341234207153
