epoch,accuracy,loss,val_accuracy,val_loss
0,0.5261194109916687,0.9264610409736633,0.7941176295280457,0.46202361583709717
1,0.6567164063453674,0.6358858942985535,0.7941176295280457,0.6626458764076233
2,0.6865671873092651,0.5684230327606201,0.8529411554336548,0.6266064643859863
3,0.8171641826629639,0.400537371635437,0.8676470518112183,0.5829115509986877
4,0.7798507213592529,0.4309810400009155,0.8676470518112183,0.5471001863479614
5,0.85447758436203,0.35610178112983704,0.8529411554336548,0.49960118532180786
6,0.861940324306488,0.3242062032222748,0.8382353186607361,0.4810657501220703
7,0.9141790866851807,0.2800801396369934,0.8676470518112183,0.3470400273799896
8,0.8768656849861145,0.2676032781600952,0.8382353186607361,0.34611329436302185
