epoch,accuracy,loss,val_accuracy,val_loss
0,0.5444839596748352,1.0264743566513062,0.44680851697921753,0.6905311942100525
1,0.6192170977592468,0.7866092920303345,0.43262410163879395,0.7156615853309631
2,0.7028470039367676,0.6399980783462524,0.43262410163879395,0.7594572305679321
3,0.7402135133743286,0.5701376795768738,0.43262410163879395,0.8099268674850464
4,0.7384341359138489,0.5803012847900391,0.43262410163879395,0.8606246709823608
5,0.7580071091651917,0.5044233798980713,0.43262410163879395,0.9242128133773804
