epoch,accuracy,loss,val_accuracy,val_loss
0,0.5375795960426331,0.7983734607696533,0.5618631839752197,0.9786827564239502
1,0.5856232643127441,0.7079431414604187,0.596069872379303,0.6846907138824463
2,0.6049135327339172,0.6752725839614868,0.6062591075897217,0.6660167574882507
3,0.6325750946998596,0.6527687907218933,0.6149927377700806,0.6927689909934998
4,0.6444039940834045,0.6393941640853882,0.6491994261741638,0.6409132480621338
5,0.679162859916687,0.6047266721725464,0.663755476474762,0.6117828488349915
6,0.6898999214172363,0.5810018181800842,0.6448326110839844,0.6493142247200012
7,0.7202911972999573,0.5476588010787964,0.6914119124412537,0.5945435166358948
8,0.748680591583252,0.504663348197937,0.6855894923210144,0.6150959134101868
9,0.7634212970733643,0.4762004315853119,0.7132459878921509,0.5642775893211365
10,0.7934485673904419,0.4323573708534241,0.7234352231025696,0.5554071068763733
11,0.8132848143577576,0.3922601044178009,0.727802038192749,0.6053798794746399
12,0.8369426727294922,0.3552075922489166,0.7358078360557556,0.5762211680412292
13,0.8593266606330872,0.3135097920894623,0.7532750964164734,0.5993236303329468
14,0.8731574416160583,0.2840729057788849,0.7452692985534668,0.6404538154602051
15,0.8837124705314636,0.2625405788421631,0.7379912734031677,0.7125017046928406
16,0.9051865339279175,0.22336521744728088,0.7350800633430481,0.7426965236663818
17,0.9142857193946838,0.19472843408584595,0.7379912734031677,0.8304764032363892
18,0.921565055847168,0.18534685671329498,0.7590975165367126,0.797468364238739
19,0.9259326457977295,0.17359402775764465,0.7685589790344238,0.7245706915855408
20,0.9410372972488403,0.1484159678220749,0.7452692985534668,0.9027284383773804
21,0.9486806392669678,0.12800300121307373,0.7634643316268921,0.7784619927406311
22,0.9466788172721863,0.13003399968147278,0.7540029287338257,0.8855026960372925
23,0.9634212851524353,0.09868782758712769,0.7569141387939453,0.8589082360267639
24,0.9654231071472168,0.0989522933959961,0.7692867517471313,0.8033555746078491
