epoch,accuracy,loss,val_accuracy,val_loss
0,0.6736798882484436,0.6175564527511597,0.7343234419822693,0.5085455179214478
1,0.7491748929023743,0.4999670684337616,0.7227723002433777,0.5523942708969116
2,0.7549505233764648,0.4821723401546478,0.7524752616882324,0.4618813693523407
3,0.7495874762535095,0.47287869453430176,0.7277227640151978,0.46542736887931824
4,0.7417491674423218,0.4539494216442108,0.7343234419822693,0.4520413875579834
5,0.7169967293739319,0.5275578498840332,0.7079207897186279,0.4980508089065552
6,0.7240098714828491,0.4765366017818451,0.7046204805374146,0.4609966576099396
7,0.7223597168922424,0.4800933301448822,0.7112210988998413,0.5287255644798279
