epoch,accuracy,loss,val_accuracy,val_loss
0,0.49742111563682556,0.6958138346672058,0.4891508221626282,0.6930645704269409
1,0.4980909526348114,0.6935160160064697,0.49209749698638916,0.6925230026245117
2,0.48677071928977966,0.693227231502533,0.5121886134147644,0.692172110080719
3,0.4947417676448822,0.6940199732780457,0.4891508221626282,0.6927170157432556
4,0.4938710033893585,0.6928770542144775,0.4891508221626282,0.6931570172309875
5,0.4986938238143921,0.6928079724311829,0.4891508221626282,0.6931760311126709
6,0.5006363391876221,0.6927507519721985,0.4891508221626282,0.6933477520942688
7,0.4992966651916504,0.6927469968795776,0.4891508221626282,0.6929829716682434
