epoch,accuracy,loss,val_accuracy,val_loss
0,0.5001674890518188,0.6956265568733215,0.5100455284118652,0.6928198933601379
1,0.5051912665367126,0.6950520873069763,0.5121886134147644,0.6928268074989319
2,0.50693279504776,0.693428635597229,0.4883471727371216,0.6944615244865417
3,0.4992966651916504,0.6932588219642639,0.5116528272628784,0.6929603219032288
4,0.4986938238143921,0.6934110522270203,0.5116528272628784,0.6929226517677307
5,0.5029807686805725,0.6931743025779724,0.5116528272628784,0.6928993463516235
6,0.49936366081237793,0.6932581663131714,0.4883471727371216,0.6933659911155701
