epoch,accuracy,loss,val_accuracy,val_loss
0,0.5050842761993408,0.6990876197814941,0.4929039180278778,0.6993746757507324
1,0.506176233291626,0.7003932595252991,0.4942685663700104,0.6928308010101318
2,0.5018767714500427,0.6930634379386902,0.4942685663700104,0.6922434568405151
3,0.5046747922897339,0.6929987668991089,0.5070960521697998,0.6921318173408508
4,0.49689483642578125,0.6930714249610901,0.5070960521697998,0.692193865776062
5,0.502627432346344,0.6930375695228577,0.4942685663700104,0.6923829317092896
6,0.5052207708358765,0.6929166913032532,0.4942685663700104,0.6922483444213867
7,0.5072681307792664,0.6928797364234924,0.5070960521697998,0.6921218633651733
8,0.5029686689376831,0.6929125785827637,0.4942685663700104,0.6924403309822083
