epoch,accuracy,loss,val_accuracy,val_loss
0,0.6352509260177612,0.6696745753288269,0.7463414669036865,0.5605340600013733
1,0.7319461703300476,0.5343062281608582,0.7414634227752686,0.5342642068862915
2,0.7833537459373474,0.4774991273880005,0.7658536434173584,0.5229371786117554
3,0.8127294778823853,0.4168583154678345,0.7414634227752686,0.5536386370658875
4,0.8372092843055725,0.36653703451156616,0.7365853786468506,0.5036489963531494
5,0.8580171465873718,0.33234938979148865,0.6975609660148621,0.6010868549346924
6,0.8751530051231384,0.2817082703113556,0.6926829218864441,0.6565902233123779
7,0.9241126179695129,0.20011267066001892,0.7170731425285339,0.6305795907974243
