epoch,accuracy,loss,val_accuracy,val_loss
0,0.646641194820404,0.6141166687011719,0.7401746511459351,0.5285307765007019
1,0.7160021662712097,0.5423598885536194,0.7554585337638855,0.5028096437454224
2,0.7482250332832336,0.5073807835578918,0.7423580884933472,0.5393916368484497
3,0.7569634318351746,0.4984075427055359,0.7620087265968323,0.5185935497283936
4,0.7771709561347961,0.4621999263763428,0.7183406352996826,0.5512080788612366
5,0.7804478406906128,0.45317596197128296,0.7183406352996826,0.5462742447853088
6,0.8066630363464355,0.43356409668922424,0.7576419115066528,0.5138071179389954
7,0.803932249546051,0.4199753403663635,0.751091718673706,0.5327741503715515
8,0.8055707216262817,0.41623082756996155,0.7598253488540649,0.5424622893333435
