epoch,accuracy,loss,val_accuracy,val_loss
0,0.5515923500061035,0.7323987483978271,0.5604075789451599,0.6805354952812195
1,0.6240218281745911,0.6494061350822449,0.5931586623191833,0.6690672039985657
2,0.6602365970611572,0.6103398203849792,0.6069868803024292,0.6641425490379333
3,0.6844403743743896,0.5874890089035034,0.6077147126197815,0.6608371734619141
4,0.7035486698150635,0.5697477459907532,0.6171761155128479,0.6473705172538757
5,0.7193812727928162,0.5448090434074402,0.6266375780105591,0.6466869711875916
6,0.7386715412139893,0.5215743184089661,0.6382823586463928,0.6419485807418823
7,0.7501364946365356,0.5126644968986511,0.6419214010238647,0.6297106146812439
8,0.7676069140434265,0.4908027648925781,0.6382823586463928,0.6236066222190857
9,0.7777979969978333,0.4727923274040222,0.6615720391273499,0.6166136860847473
10,0.7910827994346619,0.45797863602638245,0.6608442664146423,0.6237225532531738
11,0.7961783409118652,0.4462834596633911,0.6652110815048218,0.6108129620552063
12,0.812738835811615,0.4286048710346222,0.6703056693077087,0.6181954741477966
13,0.8141947388648987,0.4219132959842682,0.6870450973510742,0.598008930683136
14,0.8300272822380066,0.402540922164917,0.6848617196083069,0.5987922549247742
15,0.8338489532470703,0.3940962255001068,0.6812227368354797,0.6152790784835815
16,0.8354868292808533,0.3790026605129242,0.6826782822608948,0.6167625784873962
17,0.8451319336891174,0.36767712235450745,0.6775836944580078,0.6103498935699463
18,0.856050968170166,0.3519366979598999,0.6855894923210144,0.6006554961204529
