epoch,accuracy,loss,val_accuracy,val_loss
0,0.5048308968544006,0.6994335055351257,0.5072463750839233,0.6909101009368896
1,0.5223429799079895,0.6912493705749512,0.512077271938324,0.6888306736946106
2,0.5513284802436829,0.6880447268486023,0.512077271938324,0.6875550150871277
3,0.5628019571304321,0.6845702528953552,0.5265700221061707,0.6867411732673645
4,0.5766907930374146,0.6820777654647827,0.5483092069625854,0.6863048672676086
5,0.5857487916946411,0.6796473264694214,0.5483092069625854,0.6857801079750061
6,0.5948067903518677,0.6769776344299316,0.5362318754196167,0.6857274174690247
7,0.5984299778938293,0.6746987104415894,0.5531401038169861,0.6849960088729858
8,0.6056763529777527,0.6726030111312866,0.5458937287330627,0.6846737861633301
9,0.6056763529777527,0.6701831221580505,0.5458937287330627,0.6831958889961243
10,0.6117149591445923,0.6677087545394897,0.5652173757553101,0.6826013326644897
11,0.6334540843963623,0.6650013327598572,0.5628019571304321,0.6813226342201233
12,0.6225845217704773,0.6633715033531189,0.5507246255874634,0.6804502010345459
13,0.6268116235733032,0.661186933517456,0.5507246255874634,0.6841334700584412
14,0.6382850408554077,0.6589033603668213,0.5652173757553101,0.6816592812538147
15,0.6407004594802856,0.6535109281539917,0.5628019571304321,0.6789709329605103
