epoch,accuracy,loss,val_accuracy,val_loss
0,0.5563725233078003,0.6723904609680176,0.6019417643547058,0.6531407833099365
1,0.6960784196853638,0.6047078967094421,0.5922330021858215,0.6405301094055176
2,0.7083333134651184,0.549820601940155,0.6310679316520691,0.6247629523277283
3,0.7573529481887817,0.4975319802761078,0.6796116232872009,0.6099129319190979
4,0.781862735748291,0.45783185958862305,0.6796116232872009,0.6416099071502686
5,0.8357843160629272,0.4057557284832001,0.6796116232872009,0.5942978858947754
6,0.8823529481887817,0.33270421624183655,0.6213592290878296,0.6682323217391968
7,0.8774510025978088,0.29678452014923096,0.6796116232872009,0.6278325319290161
8,0.9289215803146362,0.22455546259880066,0.6407766938209534,0.78150475025177
