epoch,accuracy,loss,val_accuracy,val_loss
0,0.7077861428260803,0.5738881230354309,0.7354596853256226,0.528689980506897
1,0.7338961958885193,0.5369347929954529,0.7535960078239441,0.5193708539009094
2,0.7490619421005249,0.5140820741653442,0.7348342537879944,0.5144262313842773
3,0.7678236365318298,0.49534597992897034,0.7473421096801758,0.49988192319869995
4,0.776891827583313,0.47069215774536133,0.7385866045951843,0.5180922746658325
5,0.7886179089546204,0.4538896083831787,0.7473421096801758,0.49632298946380615
6,0.8134771585464478,0.4157114326953888,0.7454659342765808,0.5473603010177612
