epoch,accuracy,loss,val_accuracy,val_loss
0,0.5101037621498108,0.6944274306297302,0.4912663698196411,0.6946669816970825
1,0.5303112864494324,0.6915608048439026,0.5436681509017944,0.6934961676597595
2,0.565264880657196,0.6897287368774414,0.5327510833740234,0.6935175061225891
3,0.5832878351211548,0.688055157661438,0.5109170079231262,0.6929044127464294
4,0.5761878490447998,0.686847448348999,0.5240174531936646,0.6931090354919434
5,0.5865647196769714,0.6853733658790588,0.5218340754508972,0.691326379776001
6,0.5843801498413086,0.6836033463478088,0.5196506381034851,0.6912574172019958
