epoch,accuracy,loss,val_accuracy,val_loss
0,0.5112782120704651,0.683937132358551,0.3529411852359772,0.7014798521995544
1,0.6240601539611816,0.6650791764259338,0.5,0.6859856843948364
2,0.646616518497467,0.6371406316757202,0.529411792755127,0.6738520264625549
3,0.7368420958518982,0.6162145137786865,0.7058823704719543,0.6448191404342651
4,0.7368420958518982,0.5982300043106079,0.5588235259056091,0.6414832472801208
5,0.7593985199928284,0.5698170065879822,0.5588235259056091,0.630749523639679
6,0.7593985199928284,0.5550214648246765,0.5882353186607361,0.6144765615463257
7,0.8045112490653992,0.4906919598579407,0.7058823704719543,0.5749340057373047
8,0.7894737124443054,0.48357856273651123,0.7058823704719543,0.5292656421661377
