epoch,accuracy,loss,val_accuracy,val_loss
0,0.5379970073699951,0.7056045532226562,0.577464759349823,0.688745379447937
1,0.5551081895828247,0.686684787273407,0.5653923749923706,0.6828829646110535
2,0.6019124388694763,0.6602779030799866,0.6076458692550659,0.6528445482254028
3,0.6300956010818481,0.6348133683204651,0.6257545351982117,0.6341158747673035
4,0.6653246283531189,0.6002729535102844,0.6036217212677002,0.6548846364021301
5,0.7050830125808716,0.5636004209518433,0.6619718074798584,0.5983970165252686
6,0.7710115909576416,0.46841681003570557,0.6438632011413574,0.6885744333267212
7,0.8238550424575806,0.38471391797065735,0.7464788556098938,0.48520395159721375
8,0.8746854662895203,0.285041868686676,0.800804853439331,0.45003339648246765
9,0.9048817157745361,0.22589124739170074,0.7545271515846252,0.6068705916404724
10,0.9048817157745361,0.20873801410198212,0.7686116695404053,0.6043449640274048
11,0.9129340648651123,0.20511125028133392,0.8209255337715149,0.45573660731315613
12,0.9456467032432556,0.1176968514919281,0.8128772377967834,0.5354801416397095
13,0.9703069925308228,0.07128193974494934,0.8068410754203796,0.5985009670257568
14,0.980372428894043,0.05788879469037056,0.8591549396514893,0.4581742286682129
15,0.9869149327278137,0.038095589727163315,0.8450704216957092,0.6076018810272217
16,0.9894313216209412,0.030365178361535072,0.8732394576072693,0.5810341238975525
17,0.983392059803009,0.0489962212741375,0.8048290014266968,0.8216142654418945
18,0.983392059803009,0.05353240668773651,0.8672032356262207,0.5099629163742065
19,0.9854051470756531,0.03812488168478012,0.8611670136451721,0.5415285229682922
20,0.9899345636367798,0.03096640296280384,0.8309859037399292,0.6962264180183411
21,0.965777575969696,0.10321956872940063,0.8289738297462463,0.6156511902809143
