epoch,accuracy,loss,val_accuracy,val_loss
0,0.7594339847564697,0.4895201027393341,0.9629629850387573,0.4785493314266205
1,0.9292452931404114,0.16302594542503357,0.9074074029922485,0.4098574221134186
2,0.9575471878051758,0.10340055078268051,0.9074074029922485,0.3670662045478821
3,0.9858490824699402,0.06145001947879791,0.8703703880310059,0.36234715580940247
4,0.9575471878051758,0.08370619267225266,0.9074074029922485,0.33594372868537903
5,0.9952830076217651,0.043020181357860565,0.9074074029922485,0.31213223934173584
