epoch,accuracy,loss,val_accuracy,val_loss
0,0.5094339847564697,1.2353718280792236,0.5925925970077515,0.6650280356407166
1,0.5471698045730591,1.1074259281158447,0.7407407164573669,0.6296221613883972
2,0.5471698045730591,0.9895015954971313,0.8148148059844971,0.5965956449508667
3,0.5283018946647644,0.9458369016647339,0.8888888955116272,0.5711715817451477
4,0.6037735939025879,0.9658393859863281,0.8518518805503845,0.5441724061965942
5,0.6698113083839417,0.6408466100692749,0.8518518805503845,0.5255638360977173
6,0.6792452931404114,0.6387227177619934,0.8518518805503845,0.506624162197113
7,0.698113203048706,0.634697675704956,0.8518518805503845,0.495261013507843
8,0.7264150977134705,0.7103832364082336,0.8888888955116272,0.4869563579559326
