epoch,accuracy,loss,val_accuracy,val_loss
0,0.5122151970863342,0.696122944355011,0.5400658845901489,0.6904153227806091
1,0.5141366720199585,0.6959534287452698,0.5433589220046997,0.6903722286224365
2,0.5141366720199585,0.6957957148551941,0.5411635637283325,0.69033282995224
3,0.5138621926307678,0.6956442594528198,0.537870466709137,0.6902960538864136
4,0.5149601697921753,0.6955037713050842,0.5389681458473206,0.6902617812156677
5,0.5152347087860107,0.6953651905059814,0.5411635637283325,0.690229058265686
6,0.5166071653366089,0.6952383518218994,0.5422612428665161,0.6901976466178894
