epoch,accuracy,loss,val_accuracy,val_loss
0,0.511945366859436,0.6916225552558899,0.5850340127944946,0.6766464114189148
1,0.626279890537262,0.676713228225708,0.6870748400688171,0.6618581414222717
2,0.7098976373672485,0.6625151634216309,0.7482993006706238,0.6486445069313049
3,0.76450514793396,0.6494384407997131,0.7823129296302795,0.63636714220047
4,0.7952218651771545,0.637119472026825,0.8163265585899353,0.6242889165878296
5,0.8208191394805908,0.6248595118522644,0.8231292366981506,0.6122342348098755
6,0.8344709873199463,0.6126806139945984,0.8367347121238708,0.6001757979393005
7,0.8378839492797852,0.6004135608673096,0.8571428656578064,0.5884270071983337
8,0.849829375743866,0.5882985591888428,0.8571428656578064,0.576917290687561
9,0.8566552996635437,0.576085090637207,0.8571428656578064,0.5649572014808655
10,0.8600682616233826,0.5636152029037476,0.8639456033706665,0.5528772473335266
11,0.8651877045631409,0.5510170459747314,0.8639456033706665,0.5409463047981262
12,0.8651877045631409,0.5383045673370361,0.8639456033706665,0.528414249420166
13,0.8634812235832214,0.5254029631614685,0.8707482814788818,0.5160777568817139
14,0.8686006665229797,0.5125327706336975,0.8707482814788818,0.5036591291427612
15,0.8703071475028992,0.49948760867118835,0.8707482814788818,0.49139857292175293
16,0.8686006665229797,0.4865278899669647,0.8707482814788818,0.4791228771209717
17,0.8703071475028992,0.47365400195121765,0.8707482814788818,0.4670272767543793
18,0.873720109462738,0.46102896332740784,0.8707482814788818,0.45508062839508057
