epoch,accuracy,loss,val_accuracy,val_loss
0,0.5298935174942017,0.8854589462280273,0.5425764322280884,0.8771705627441406
1,0.5850395560264587,0.717066764831543,0.5611353516578674,0.8000302314758301
2,0.6254436373710632,0.6576564311981201,0.6037117838859558,0.6770071387290955
3,0.6388206481933594,0.6599424481391907,0.5993449687957764,0.7081233263015747
4,0.650559663772583,0.6253280639648438,0.6462882161140442,0.6490575671195984
5,0.669123649597168,0.5954832434654236,0.6168122291564941,0.698577344417572
6,0.7057057023048401,0.5533299446105957,0.6593886613845825,0.6376024484634399
7,0.725634753704071,0.5328237414360046,0.6310043931007385,0.6832361221313477
8,0.7556647658348083,0.48419806361198425,0.6615720391273499,0.6854896545410156
9,0.7791427969932556,0.44410616159439087,0.6582969427108765,0.6658210158348083
10,0.8018018007278442,0.4168516993522644,0.6124454140663147,0.8183480501174927
11,0.8247338533401489,0.37683480978012085,0.6768559217453003,0.6728299856185913
12,0.8454818725585938,0.33836469054222107,0.6703056693077087,0.7057507634162903
13,0.8514878749847412,0.3113499581813812,0.663755476474762,0.8430311679840088
14,0.8714168667793274,0.2948985695838928,0.6855894923210144,0.6991292238235474
15,0.9088178873062134,0.22872482240200043,0.6834061145782471,0.9235312938690186
16,0.9200109243392944,0.2049001157283783,0.7085152864456177,0.7708443999290466
17,0.9273819327354431,0.18910105526447296,0.6866812109947205,0.819654643535614
18,0.9262899160385132,0.18480335175991058,0.6801310181617737,0.8759262561798096
19,0.937209963798523,0.16659606993198395,0.6954148411750793,0.8401810526847839
20,0.9336609244346619,0.16322553157806396,0.6975982785224915,0.9829108119010925
21,0.9500409364700317,0.13496030867099762,0.6692139506340027,0.905139684677124
