epoch,accuracy,loss,val_accuracy,val_loss
0,0.5051020383834839,0.692497730255127,0.6122449040412903,0.6828376054763794
1,0.5510203838348389,0.6873573660850525,0.5918367505073547,0.6794853806495667
2,0.581632673740387,0.6821937561035156,0.5918367505073547,0.6757152080535889
3,0.5969387888908386,0.6778289675712585,0.5918367505073547,0.671898365020752
4,0.6326530575752258,0.6729702949523926,0.6122449040412903,0.6686011552810669
5,0.6479591727256775,0.6687709093093872,0.6938775777816772,0.6657443642616272
6,0.6887755393981934,0.6651013493537903,0.7142857313156128,0.6625338196754456
7,0.6887755393981934,0.6612269282341003,0.7142857313156128,0.6585531234741211
8,0.7091836929321289,0.6566208004951477,0.7142857313156128,0.6548124551773071
9,0.7244898080825806,0.6526541709899902,0.7551020383834839,0.6520705819129944
10,0.7551020383834839,0.6487820744514465,0.7551020383834839,0.6485241055488586
11,0.7653061151504517,0.6443330645561218,0.795918345451355,0.6447898745536804
12,0.7704081535339355,0.6397374868392944,0.795918345451355,0.641481339931488
13,0.7704081535339355,0.6353789567947388,0.7551020383834839,0.6376054883003235
14,0.7806122303009033,0.6308979988098145,0.7551020383834839,0.6341829299926758
15,0.7908163070678711,0.6267459392547607,0.7551020383834839,0.6304298043251038
16,0.7908163070678711,0.6225060224533081,0.7346938848495483,0.6269171833992004
