epoch,accuracy,loss,val_accuracy,val_loss
0,0.5376637578010559,0.7253971695899963,0.5502183437347412,0.6798821091651917
1,0.5840611457824707,0.6664335131645203,0.556768536567688,0.6735655665397644
2,0.596615731716156,0.6961801052093506,0.5305677056312561,0.7233941555023193
3,0.5267467498779297,0.9023168683052063,0.49563318490982056,0.6977787613868713
4,0.4765283763408661,0.962236225605011,0.49344977736473083,0.6933396458625793
5,0.48471614718437195,0.6921181678771973,0.49344977736473083,0.693516731262207
6,0.4896288216114044,0.6919463276863098,0.5065501928329468,0.6931177377700806
