epoch,accuracy,loss,val_accuracy,val_loss
0,0.6226415038108826,0.7076331377029419,0.7037037014961243,0.6463833451271057
1,0.6132075190544128,0.7055106163024902,0.7037037014961243,0.6449893116950989
2,0.6320754885673523,0.7045928239822388,0.7037037014961243,0.6434687972068787
3,0.6415094137191772,0.6951717734336853,0.7037037014961243,0.6419152021408081
4,0.6226415038108826,0.6783260107040405,0.7037037014961243,0.6403412818908691
5,0.6320754885673523,0.6838067173957825,0.7037037014961243,0.6388254761695862
