epoch,accuracy,loss,val_accuracy,val_loss
0,0.5471698045730591,1.0389388799667358,0.18518517911434174,1.0580098628997803
1,0.5566037893295288,1.0010513067245483,0.18518517911434174,1.05769681930542
2,0.5566037893295288,0.9903523921966553,0.18518517911434174,1.0575757026672363
3,0.5754716992378235,0.9978089332580566,0.18518517911434174,1.057051658630371
4,0.5471698045730591,0.9852508902549744,0.18518517911434174,1.056496500968933
5,0.5849056839942932,0.9392575621604919,0.18518517911434174,1.05577552318573
