epoch,accuracy,loss,val_accuracy,val_loss
0,0.7693989276885986,0.4865378439426422,0.864628791809082,0.46966099739074707
1,0.9683060050010681,0.10826507955789566,0.903930127620697,0.36317574977874756
2,0.991256833076477,0.04146822914481163,0.8995633125305176,0.3228661119937897
3,0.9956284165382385,0.021566985175013542,0.8864628672599792,0.3173946738243103
4,0.9989070892333984,0.012327656149864197,0.8733624219894409,0.2969701290130615
5,0.9989070892333984,0.01143749337643385,0.8733624219894409,0.27101337909698486
6,0.9978141784667969,0.009843154810369015,0.8908296823501587,0.23241759836673737
