epoch,accuracy,loss,val_accuracy,val_loss
0,0.611940324306488,0.7168763279914856,0.6470588445663452,0.6782904863357544
1,0.7761194109916687,0.5542845726013184,0.7058823704719543,1.2750463485717773
2,0.8507462739944458,0.4112012982368469,0.6470588445663452,1.5202385187149048
3,0.9701492786407471,0.15158891677856445,0.7058823704719543,1.4795726537704468
4,0.9552238583564758,0.09207548946142197,0.6470588445663452,1.1857200860977173
5,0.9701492786407471,0.052457574754953384,0.7058823704719543,1.4137911796569824
6,1.0,0.029430890455842018,0.6470588445663452,2.3154163360595703
