epoch,accuracy,loss,val_accuracy,val_loss
0,0.567251443862915,0.6690418720245361,0.7209302186965942,0.607297956943512
1,0.719298243522644,0.5323992967605591,0.7674418687820435,0.4987313151359558
2,0.7777777910232544,0.4404451251029968,0.7441860437393188,0.4601905643939972
3,0.8070175647735596,0.3972634971141815,0.7674418687820435,0.4227835536003113
4,0.8421052694320679,0.34380394220352173,0.7441860437393188,0.4264427125453949
5,0.8654970526695251,0.31235939264297485,0.7441860437393188,0.43271639943122864
6,0.8947368264198303,0.2772233486175537,0.7674418687820435,0.40859630703926086
