epoch,accuracy,loss,val_accuracy,val_loss
0,0.5225080251693726,0.6908574104309082,0.5464285612106323,0.6831292510032654
1,0.6037870645523071,0.660067617893219,0.5992857217788696,0.6600846648216248
2,0.6536263227462769,0.6218428611755371,0.6428571343421936,0.6252080202102661
3,0.7011432647705078,0.5751916170120239,0.6757143139839172,0.5893121361732483
4,0.7450875043869019,0.5203472971916199,0.6957142949104309,0.5615663528442383
5,0.7759914398193359,0.4706481695175171,0.7149999737739563,0.5428495407104492
6,0.8076098561286926,0.42601412534713745,0.706428587436676,0.5475688576698303
7,0.8379778265953064,0.3736189305782318,0.7471428513526917,0.4888415038585663
8,0.8535191416740417,0.331576406955719,0.7621428370475769,0.4696919023990631
9,0.8822793960571289,0.28908902406692505,0.7635714411735535,0.4960881769657135
10,0.8985351920127869,0.25017061829566956,0.770714282989502,0.5216377973556519
11,0.9199714064598083,0.2114415019750595,0.7914285659790039,0.4487227201461792
12,0.9330117702484131,0.18512848019599915,0.7985714077949524,0.4637780785560608
13,0.9510539770126343,0.14740537106990814,0.7914285659790039,0.4708985984325409
14,0.9592711925506592,0.12585799396038055,0.7928571701049805,0.47909244894981384
15,0.9732047319412231,0.09503147751092911,0.795714259147644,0.5110276937484741
16,0.9799928665161133,0.07744602113962173,0.8057143092155457,0.4920928478240967
17,0.9855305552482605,0.06202962249517441,0.802142858505249,0.5364058613777161
18,0.9912468791007996,0.04723013937473297,0.793571412563324,0.5634923577308655
19,0.9858878254890442,0.05304711312055588,0.8121428489685059,0.5384002327919006
20,0.9967845678329468,0.028111472725868225,0.8114285469055176,0.5456634759902954
21,0.9996427297592163,0.014356070198118687,0.8092857003211975,0.575204074382782
22,0.9996427297592163,0.012341574765741825,0.8121428489685059,0.6121069192886353
23,1.0,0.0077560218051075935,0.816428542137146,0.6236306428909302
24,1.0,0.005851511377841234,0.8185714483261108,0.6353183388710022
25,1.0,0.004657174460589886,0.8157142996788025,0.6487006545066833
26,1.0,0.003620702074840665,0.8121428489685059,0.6666415929794312
27,1.0,0.0030689460691064596,0.8100000023841858,0.6915918588638306
28,1.0,0.002508854493498802,0.8157142996788025,0.6932575702667236
29,1.0,0.0020748628303408623,0.8100000023841858,0.7175992727279663
