epoch,accuracy,loss,val_accuracy,val_loss
0,0.4803493320941925,0.7034372091293335,0.5152838230133057,0.6932370662689209
1,0.52947598695755,0.6940651535987854,0.5764192342758179,0.6866519451141357
2,0.5458515286445618,0.6891082525253296,0.663755476474762,0.680854320526123
3,0.5611353516578674,0.686041533946991,0.6419214010238647,0.6749614477157593
4,0.5709607005119324,0.6782936453819275,0.6899563074111938,0.6679398417472839
5,0.6179039478302002,0.6600500345230103,0.663755476474762,0.6593199372291565
6,0.6222707629203796,0.6511582732200623,0.6724891066551208,0.6487999558448792
7,0.6451964974403381,0.6391503214836121,0.7030567526817322,0.6365779638290405
8,0.6408296823501587,0.6370483636856079,0.7117903828620911,0.622139036655426
9,0.6899563074111938,0.6102426052093506,0.7467249035835266,0.6047443151473999
10,0.7052401900291443,0.5871004462242126,0.7467249035835266,0.5865375399589539
11,0.7303493618965149,0.5711770057678223,0.751091718673706,0.568146288394928
12,0.7347161769866943,0.5547842383384705,0.751091718673706,0.5480362772941589
13,0.7445414662361145,0.5401502251625061,0.7554585337638855,0.5329501032829285
14,0.7401746511459351,0.5217443108558655,0.7598253488540649,0.5189390182495117
15,0.7598253488540649,0.5025952458381653,0.7641921639442444,0.508378267288208
16,0.751091718673706,0.49352994561195374,0.7685589790344238,0.5012423396110535
17,0.7521833777427673,0.4965924918651581,0.751091718673706,0.49342459440231323
18,0.7751091718673706,0.4731185734272003,0.7554585337638855,0.48645734786987305
19,0.7663755416870117,0.46921849250793457,0.751091718673706,0.48062604665756226
20,0.7674672603607178,0.46359071135520935,0.7554585337638855,0.4760194718837738
21,0.7838428020477295,0.4580232501029968,0.7598253488540649,0.470419704914093
