epoch,accuracy,loss,val_accuracy,val_loss
0,0.4838533103466034,0.7951880097389221,0.4945295453071594,0.7269731760025024
1,0.48604267835617065,0.7941585183143616,0.4945295453071594,0.7241911292076111
2,0.48604267835617065,0.7899153232574463,0.4945295453071594,0.7217440605163574
3,0.4887794256210327,0.7845553755760193,0.49015316367149353,0.7192022800445557
4,0.4811165928840637,0.7866238355636597,0.48577681183815,0.7167834639549255
5,0.4876847267150879,0.7709490656852722,0.48140043020248413,0.7148392796516418
