epoch,accuracy,loss,val_accuracy,val_loss
0,0.4945414960384369,0.6993778944015503,0.528384268283844,0.6968868970870972
1,0.501091718673706,0.6955620646476746,0.528384268283844,0.6968788504600525
2,0.4967249035835266,0.6962562799453735,0.528384268283844,0.6968688368797302
3,0.48471614718437195,0.7005357146263123,0.528384268283844,0.6968588829040527
4,0.4803493320941925,0.699623167514801,0.528384268283844,0.6968504786491394
5,0.49017468094825745,0.7025492191314697,0.528384268283844,0.6968396902084351
