epoch,accuracy,loss,val_accuracy,val_loss
0,0.45469576120376587,0.727982223033905,0.4725710451602936,0.712165117263794
1,0.47900131344795227,0.7090783715248108,0.5009914040565491,0.6996322274208069
2,0.504960298538208,0.6995192170143127,0.5267680287361145,0.6925920248031616
3,0.5269510746002197,0.6941968202590942,0.5565102696418762,0.6885278224945068
4,0.5398479104042053,0.6905879378318787,0.5750164985656738,0.6855964660644531
5,0.5504298806190491,0.6881636381149292,0.5763384103775024,0.6835218071937561
6,0.555059552192688,0.6861233115196228,0.5796430706977844,0.6817590594291687
7,0.5562169551849365,0.6844527721405029,0.5822868347167969,0.6802237033843994
8,0.5586971044540405,0.6828863620758057,0.5723727941513062,0.6789666414260864
9,0.5557209253311157,0.681611955165863,0.5829477906227112,0.6776668429374695
10,0.5616732835769653,0.6804167628288269,0.5717118382453918,0.6766467094421387
11,0.5595238208770752,0.6792285442352295,0.5822868347167969,0.6754719614982605
12,0.5623346567153931,0.6780073642730713,0.5981493592262268,0.6745502352714539
13,0.5681216716766357,0.677168607711792,0.5829477906227112,0.673460841178894
14,0.5691137313842773,0.6759621500968933,0.5862524509429932,0.6727310419082642
15,0.5666335821151733,0.6751584410667419,0.5908790230751038,0.671661376953125
16,0.5663028955459595,0.6740754246711731,0.5961665511131287,0.6707170009613037
17,0.5720899701118469,0.6732792258262634,0.5974884629249573,0.6698240637779236
