epoch,accuracy,loss,val_accuracy,val_loss
0,0.506966769695282,0.8093239665031433,0.5267665982246399,0.6926054358482361
1,0.5080385804176331,0.697016179561615,0.5289078950881958,0.692147433757782
2,0.4941050410270691,0.6965275406837463,0.5267665982246399,0.6918587684631348
3,0.5251875519752502,0.6938717365264893,0.5267665982246399,0.6924249529838562
4,0.4924973249435425,0.6950802803039551,0.5267665982246399,0.6923972964286804
5,0.49035370349884033,0.6945632100105286,0.5267665982246399,0.692154049873352
6,0.49517685174942017,0.6939939260482788,0.4732334017753601,0.6935088038444519
