epoch,accuracy,loss,val_accuracy,val_loss
0,0.4879206120967865,0.7283687591552734,0.49827587604522705,0.7055880427360535
1,0.48144951462745667,0.735793948173523,0.4879310429096222,0.7042579650878906
2,0.49611735343933105,0.7263520956039429,0.4931034445762634,0.7032602429389954
3,0.5081967115402222,0.7216288447380066,0.4879310429096222,0.7020202279090881
4,0.4900776445865631,0.7294846773147583,0.4931034445762634,0.7011352181434631
5,0.5103537440299988,0.7161824703216553,0.4931034445762634,0.7005642056465149
