epoch,accuracy,loss,val_accuracy,val_loss
0,0.5214362144470215,0.6991193890571594,0.568060040473938,0.6842578649520874
1,0.5940514206886292,0.6634406447410583,0.6237941980361938,0.6445102095603943
2,0.6830117702484131,0.5976245403289795,0.6484458446502686,0.6724818348884583
3,0.7475883960723877,0.5116651654243469,0.7095391154289246,0.574275016784668
4,0.7883172631263733,0.4384436309337616,0.7245444655418396,0.5633289813995361
5,0.8408359885215759,0.3591269552707672,0.7438370585441589,0.5230474472045898
6,0.896034300327301,0.25672921538352966,0.7363343834877014,0.5755681991577148
7,0.9174705147743225,0.2017592489719391,0.7481243014335632,0.6714610457420349
8,0.9552518725395203,0.12407010793685913,0.74490886926651,0.6687473058700562
9,0.9705252051353455,0.08344119042158127,0.7577706575393677,0.7996577620506287
10,0.9836548566818237,0.05023770406842232,0.7491961121559143,0.8443436026573181
11,0.9820471405982971,0.05396384745836258,0.7577706575393677,0.8920802474021912
12,0.9758842587471008,0.06497608125209808,0.7406216263771057,0.8872780799865723
13,0.9876741766929626,0.036062125116586685,0.7717041969299316,0.9354397654533386
14,0.9989281892776489,0.008874819613993168,0.763129711151123,1.0025709867477417
15,1.0,0.002354332013055682,0.7663451433181763,1.0484724044799805
16,1.0,0.0006017927080392838,0.762057900428772,1.0666002035140991
17,1.0,0.00041213282383978367,0.763129711151123,1.0949510335922241
18,1.0,0.00032313851988874376,0.7642015218734741,1.117825984954834
