epoch,accuracy,loss,val_accuracy,val_loss
0,0.43609023094177246,0.6967124342918396,0.7058823704719543,0.6831283569335938
1,0.6390977501869202,0.6806020140647888,0.6470588445663452,0.6800554990768433
2,0.7593985199928284,0.668753445148468,0.5882353186607361,0.6772000789642334
3,0.8345864415168762,0.6586719751358032,0.6176470518112183,0.6738390326499939
4,0.8195488452911377,0.6482582688331604,0.6470588445663452,0.6705524921417236
5,0.8345864415168762,0.6357930302619934,0.6470588445663452,0.667078971862793
