epoch,accuracy,loss,val_accuracy,val_loss
0,0.7375565767288208,0.5127443075180054,0.837837815284729,0.5973600745201111
1,0.9095022678375244,0.2175975888967514,0.837837815284729,0.5563093423843384
2,0.9547511339187622,0.13582743704319,0.7117117047309875,0.5566383600234985
3,0.9796379804611206,0.09986542910337448,0.630630612373352,0.5679381489753723
4,0.9683257937431335,0.09746395796537399,0.5675675868988037,0.5916982293128967
5,0.9841628670692444,0.06887175887823105,0.5585585832595825,0.6162568926811218
