epoch,accuracy,loss,val_accuracy,val_loss
0,0.7398189902305603,0.5096735954284668,0.8558558821678162,0.5876826643943787
1,0.8823529481887817,0.2579297125339508,0.9009009003639221,0.534636378288269
2,0.9253393411636353,0.1553158462047577,0.8738738894462585,0.5182358026504517
3,0.9547511339187622,0.14334650337696075,0.8558558821678162,0.5130908489227295
4,0.9819004535675049,0.09566300362348557,0.8648648858070374,0.49535301327705383
5,0.9660633206367493,0.10895596444606781,0.8558558821678162,0.46830788254737854
6,0.9977375268936157,0.04307354986667633,0.8558558821678162,0.43350115418434143
