epoch,accuracy,loss,val_accuracy,val_loss
0,0.5113636255264282,0.7493040561676025,0.47826087474823,0.8124032020568848
1,0.7954545617103577,0.4309634268283844,0.52173912525177,1.0480228662490845
2,0.8068181872367859,0.3261880874633789,0.6521739363670349,1.1531126499176025
3,0.9090909361839294,0.22637440264225006,0.6086956262588501,1.1829966306686401
4,0.9545454382896423,0.14979946613311768,0.5652173757553101,1.360424518585205
5,0.9772727489471436,0.08270645886659622,0.5652173757553101,1.572502851486206
6,0.9886363744735718,0.048134945333004,0.6086956262588501,1.7385482788085938
7,1.0,0.02020956203341484,0.6086956262588501,1.9670790433883667
