epoch,accuracy,loss,val_accuracy,val_loss
0,0.8535109162330627,0.3480589687824249,0.9225181341171265,0.2105947732925415
1,0.9007263779640198,0.22881819307804108,0.9322034120559692,0.2022102326154709
2,0.9273607730865479,0.17713643610477448,0.9346246719360352,0.2116292119026184
3,0.9382566809654236,0.1713082194328308,0.9273607730865479,0.17950662970542908
4,0.9479418992996216,0.14484527707099915,0.9443099498748779,0.16058506071567535
5,0.9612590670585632,0.11386994272470474,0.9297820925712585,0.2564117908477783
6,0.9558111429214478,0.11983074247837067,0.9297820925712585,0.247549906373024
7,0.9576271176338196,0.11111689358949661,0.9249394536018372,0.17773020267486572
8,0.9776028990745544,0.07107799500226974,0.9588377475738525,0.18996761739253998
9,0.9618644118309021,0.11495470255613327,0.9515738487243652,0.1305537223815918
10,0.9769975543022156,0.06546636670827866,0.9709442853927612,0.1426621824502945
11,0.9612590670585632,0.11201974749565125,0.9661017060279846,0.15700751543045044
12,0.9812348484992981,0.05163601413369179,0.9685230255126953,0.09682878106832504
13,0.9836561679840088,0.05433548986911774,0.9782082438468933,0.08368530124425888
14,0.9897094368934631,0.02962353453040123,0.9564164876937866,0.16290442645549774
15,0.9842615127563477,0.05237175151705742,0.9539951682090759,0.12159691005945206
16,0.9854721426963806,0.04288218915462494,0.9443099498748779,0.16253887116909027
17,0.9891040921211243,0.019491439685225487,0.9782082438468933,0.10512075573205948
18,0.9981840252876282,0.007901830598711967,0.9830508232116699,0.09426799416542053
19,1.0,0.002672515343874693,0.9830508232116699,0.10920629650354385
20,1.0,0.0010939196217805147,0.9878934621810913,0.10254988074302673
21,1.0,0.00031877116998657584,0.9878934621810913,0.11963566392660141
22,1.0,0.00013032140850555152,0.9878934621810913,0.11946692317724228
23,1.0,9.755360952112824e-05,0.9878934621810913,0.12293808907270432
24,1.0,7.601307879667729e-05,0.9878934621810913,0.12426768243312836
25,1.0,6.382725405273959e-05,0.9878934621810913,0.12477713078260422
