epoch,accuracy,loss,val_accuracy,val_loss
0,0.5098249316215515,0.7016119360923767,0.4814285635948181,0.7019535303115845
1,0.5080385804176331,0.7004494071006775,0.488571435213089,0.7012450098991394
2,0.51161128282547,0.6994534134864807,0.4828571379184723,0.7006388306617737
3,0.5176848769187927,0.6985940337181091,0.4814285635948181,0.700124979019165
4,0.5201857686042786,0.6978434920310974,0.48428571224212646,0.699665367603302
5,0.5158985257148743,0.6971890330314636,0.488571435213089,0.6992594003677368
6,0.5194712281227112,0.6965839862823486,0.4871428608894348,0.6988894939422607
