epoch,accuracy,loss,val_accuracy,val_loss
0,0.5021447539329529,0.7022810578346252,0.5016077160835266,0.7014281749725342
1,0.5036193132400513,0.7015519142150879,0.4983922839164734,0.7009758353233337
2,0.5026809573173523,0.7009221911430359,0.5037513375282288,0.7005812525749207
3,0.504959762096405,0.7003815770149231,0.5026795268058777,0.700239360332489
4,0.5042895674705505,0.6999033689498901,0.5032154321670532,0.6999218463897705
5,0.5046916604042053,0.6994829773902893,0.5026795268058777,0.699611246585846
6,0.5054959654808044,0.6990944147109985,0.5053590536117554,0.6993440985679626
7,0.5067024230957031,0.6987417340278625,0.5096462965011597,0.6990984678268433
8,0.5067024230957031,0.6984183192253113,0.5091103911399841,0.6988677978515625
9,0.5083109736442566,0.6981257200241089,0.5058949589729309,0.6986464858055115
10,0.5092493295669556,0.6978464722633362,0.5096462965011597,0.6984493136405945
11,0.5092493295669556,0.6975823044776917,0.5075026750564575,0.6982582807540894
12,0.510857880115509,0.6973294019699097,0.506966769695282,0.6980600357055664
