epoch,accuracy,loss,val_accuracy,val_loss
0,0.5769230723381042,0.6828515529632568,0.6000000238418579,0.6856752634048462
1,0.6987179517745972,0.6514210104942322,0.6499999761581421,0.6826483011245728
2,0.7179487347602844,0.6264944672584534,0.625,0.6803591847419739
3,0.7628205418586731,0.6017863154411316,0.6499999761581421,0.6720433235168457
4,0.8012820482254028,0.5719619989395142,0.6499999761581421,0.6631559133529663
5,0.7948718070983887,0.5429894924163818,0.625,0.6547881364822388
6,0.8205128312110901,0.5113697052001953,0.625,0.6479882001876831
