epoch,accuracy,loss,val_accuracy,val_loss
0,0.7348484992980957,0.519905686378479,0.8072289228439331,0.40479210019111633
1,0.8621212244033813,0.34094566106796265,0.8192771077156067,0.4071163833141327
2,0.8984848260879517,0.27717068791389465,0.8132529854774475,0.41872262954711914
3,0.907575786113739,0.2359972894191742,0.8433734774589539,0.4404316246509552
4,0.9272727370262146,0.1995801478624344,0.8072289228439331,0.447700172662735
5,0.9424242377281189,0.18307290971279144,0.8072289228439331,0.42647579312324524
6,0.9515151381492615,0.14253129065036774,0.8313252925872803,0.43100643157958984
7,0.9621211886405945,0.11919480562210083,0.8313252925872803,0.48507747054100037
8,0.9621211886405945,0.10981505364179611,0.8192771077156067,0.5090470910072327
