epoch,accuracy,loss,val_accuracy,val_loss
0,0.5185589790344238,0.6936954855918884,0.5131004452705383,0.6931198239326477
1,0.52947598695755,0.6910605430603027,0.5174672603607178,0.692837655544281
2,0.5049126744270325,0.692999541759491,0.48471614718437195,0.6932920217514038
3,0.5371178984642029,0.6907081604003906,0.5043668150901794,0.6932214498519897
4,0.5453056693077087,0.6886804699897766,0.5065501928329468,0.6923759579658508
5,0.5507642030715942,0.6870235204696655,0.5109170079231262,0.6923525333404541
6,0.5354803204536438,0.6877411007881165,0.5087336301803589,0.6923933029174805
