epoch,accuracy,loss,val_accuracy,val_loss
0,0.4436090290546417,1.1263389587402344,0.6176470518112183,0.6920551061630249
1,0.5263158082962036,1.0392708778381348,0.5588235259056091,0.6954519748687744
2,0.518796980381012,1.062537431716919,0.29411765933036804,0.6996126770973206
3,0.4135338366031647,1.251348853111267,0.38235294818878174,0.7020158767700195
4,0.4436090290546417,1.0645047426223755,0.44117647409439087,0.7038959860801697
5,0.5789473652839661,0.9499646425247192,0.4117647111415863,0.7074267268180847
