epoch,accuracy,loss,val_accuracy,val_loss
0,0.5109809637069702,0.6952047944068909,0.567251443862915,0.68900465965271
1,0.5256222486495972,0.6898276209831238,0.5555555820465088,0.6851456761360168
2,0.5578330755233765,0.6836766600608826,0.6111111044883728,0.6723734736442566
3,0.5761346817016602,0.6695573329925537,0.6081871390342712,0.6714189052581787
4,0.6149340867996216,0.654775083065033,0.5964912176132202,0.66451495885849
5,0.6083455085754395,0.6570099592208862,0.6052631735801697,0.6592578887939453
6,0.6266471743583679,0.6395541429519653,0.6023392081260681,0.6648309826850891
7,0.6420205235481262,0.6380977630615234,0.6023392081260681,0.6691513657569885
