epoch,accuracy,loss,val_accuracy,val_loss
0,0.5148684978485107,0.7000336647033691,0.5422396659851074,0.6891354322433472
1,0.5502580404281616,0.6873468160629272,0.5618860721588135,0.6844382286071777
2,0.5807323455810547,0.6742590069770813,0.6021611094474792,0.6676115393638611
3,0.6180880069732666,0.6548622250556946,0.6100196242332458,0.6478675007820129
4,0.6468420028686523,0.6200268864631653,0.6247544288635254,0.6532629728317261
5,0.6623249053955078,0.6022866368293762,0.6385068893432617,0.6273534893989563
6,0.7033669352531433,0.5505983233451843,0.6689587235450745,0.6112538576126099
7,0.7362988591194153,0.5111523270606995,0.709233820438385,0.6162217855453491
8,0.7569427490234375,0.47095441818237305,0.7053045034408569,0.5850216746330261
9,0.8024084568023682,0.41359853744506836,0.7072691321372986,0.629223644733429
10,0.8235438466072083,0.37024766206741333,0.7003929018974304,0.7425404191017151
11,0.8321455121040344,0.34119588136672974,0.709233820438385,0.7219083309173584
12,0.8579503297805786,0.3133203983306885,0.7239685654640198,0.683827817440033
13,0.8724502325057983,0.2796729505062103,0.7652259469032288,0.6545480489730835
14,0.8881788849830627,0.26599836349487305,0.7396856546401978,0.7420135140419006
15,0.8889161944389343,0.23856300115585327,0.7642436027526855,0.7075083255767822
16,0.910788893699646,0.20892754197120667,0.7740668058395386,0.6746050715446472
17,0.9169328808784485,0.19334810972213745,0.740667998790741,0.82614666223526
18,0.9316785335540771,0.16444343328475952,0.7603143453598022,0.9223670959472656
19,0.936348021030426,0.15926754474639893,0.7485265135765076,0.9258344173431396
20,0.9358564615249634,0.15095292031764984,0.7573673725128174,0.8648438453674316
21,0.9388055801391602,0.1385466754436493,0.7514734864234924,0.9414980411529541
