epoch,accuracy,loss,val_accuracy,val_loss
0,0.7576642632484436,0.7260604500770569,0.7696793079376221,0.4825441241264343
1,0.8244525790214539,0.41274207830429077,0.8600583076477051,0.3595985472202301
2,0.8551095128059387,0.32899007201194763,0.8454810380935669,0.36323145031929016
3,0.8700730204582214,0.29850006103515625,0.7930029034614563,0.43286630511283875
4,0.8832116723060608,0.2820605933666229,0.851311981678009,0.3561035990715027
5,0.8897809982299805,0.26086050271987915,0.8454810380935669,0.4203675389289856
6,0.9142335653305054,0.21752887964248657,0.8381924033164978,0.460662305355072
