epoch,accuracy,loss,val_accuracy,val_loss
0,0.5228500962257385,0.6981062889099121,0.5049116015434265,0.695972740650177
1,0.5803439617156982,0.6776069402694702,0.5776031613349915,0.6764090657234192
2,0.6339066624641418,0.6429070830345154,0.6542239785194397,0.6512752175331116
3,0.6589680314064026,0.6121728420257568,0.6247544288635254,0.6554262638092041
4,0.68206387758255,0.5865195393562317,0.5952848792076111,0.6712361574172974
5,0.7125307321548462,0.5493906140327454,0.6404715180397034,0.6669572591781616
6,0.7336609363555908,0.5172654986381531,0.642436146736145,0.6974625587463379
7,0.7665847539901733,0.48196229338645935,0.6051080822944641,0.6947301626205444
