epoch,accuracy,loss,val_accuracy,val_loss
0,0.4791666567325592,0.6819018721580505,0.7692307829856873,0.5992670655250549
1,0.8541666865348816,0.5156703591346741,0.7692307829856873,0.5229948163032532
2,0.8125,0.4110400378704071,0.8461538553237915,0.43146368861198425
3,0.8541666865348816,0.27947837114334106,0.7692307829856873,0.4354472756385803
4,0.9375,0.18605343997478485,0.7692307829856873,0.5254733562469482
5,0.9375,0.16916710138320923,0.7692307829856873,0.538232684135437
6,0.9583333134651184,0.09552975744009018,0.7692307829856873,0.5115051865577698
7,0.9791666865348816,0.10719325393438339,0.7692307829856873,0.5467973351478577
