epoch,accuracy,loss,val_accuracy,val_loss
0,0.518367350101471,1.050927996635437,0.5806451439857483,0.686220645904541
1,0.5306122303009033,1.0202243328094482,0.6129032373428345,0.6800321936607361
2,0.5387755036354065,0.8502872586250305,0.6774193644523621,0.678301990032196
3,0.5877550840377808,0.8131601214408875,0.6935483813285828,0.6773291826248169
4,0.6734693646430969,0.620749831199646,0.6290322542190552,0.6692856550216675
5,0.6489796042442322,0.6688244938850403,0.5806451439857483,0.6602335572242737
6,0.6448979377746582,0.7175909876823425,0.6290322542190552,0.6484220027923584
7,0.7142857313156128,0.575861394405365,0.6774193644523621,0.6355329155921936
8,0.7469387650489807,0.4996820092201233,0.6451612710952759,0.6284168362617493
