epoch,accuracy,loss,val_accuracy,val_loss
0,0.6938775777816772,0.5517699718475342,0.8828828930854797,0.3017106056213379
1,0.8095238208770752,0.4168449342250824,0.8468468189239502,0.34648454189300537
2,0.8684807419776917,0.3064785897731781,0.8738738894462585,0.3004153370857239
3,0.8911564350128174,0.28836750984191895,0.8918918967247009,0.3176979422569275
4,0.9092970490455627,0.2279403954744339,0.8648648858070374,0.3584882318973541
5,0.9251700639724731,0.20518910884857178,0.8918918967247009,0.40837720036506653
6,0.9160997867584229,0.19794245064258575,0.8648648858070374,0.39961832761764526
7,0.9523809552192688,0.14183789491653442,0.8828828930854797,0.34505391120910645
8,0.9523809552192688,0.14236511290073395,0.8648648858070374,0.4126638174057007
