epoch,accuracy,loss,val_accuracy,val_loss
0,0.7336244583129883,0.5292845964431763,0.7925764322280884,0.4882453978061676
1,0.846615731716156,0.35485196113586426,0.847161591053009,0.33518779277801514
2,0.8842794895172119,0.2728319466114044,0.875545859336853,0.3058150112628937
3,0.9132096171379089,0.22608232498168945,0.8820960521697998,0.30264419317245483
4,0.9197598099708557,0.2090424746274948,0.8777292370796204,0.30414071679115295
5,0.9257642030715942,0.19361189007759094,0.8711790442466736,0.3317272365093231
6,0.9634279608726501,0.1034599095582962,0.8689956068992615,0.43356361985206604
7,0.9694322943687439,0.09138886630535126,0.8733624219894409,0.40191125869750977
8,0.9743449687957764,0.06718401610851288,0.8777292370796204,0.5575929284095764
