epoch,accuracy,loss,val_accuracy,val_loss
0,0.635046124458313,0.7842602729797363,0.7368420958518982,0.5810948610305786
1,0.7667984366416931,0.4656243324279785,0.7473683953285217,0.5151265263557434
2,0.8181818127632141,0.38348010182380676,0.7842105031013489,0.454778254032135
3,0.8761528134346008,0.2753746807575226,0.8105263113975525,0.4257592558860779
4,0.8708827495574951,0.27249032258987427,0.8315789699554443,0.3816361129283905
5,0.9117259383201599,0.21893849968910217,0.8578947186470032,0.3684462606906891
6,0.9143610000610352,0.21509921550750732,0.8631578683853149,0.3099352717399597
7,0.9341238737106323,0.1758759766817093,0.8894736766815186,0.2735632359981537
8,0.9459815621376038,0.14609625935554504,0.9052631855010986,0.24383366107940674
9,0.9696969985961914,0.10191883146762848,0.9052631855010986,0.25005877017974854
10,0.95652174949646,0.1186729371547699,0.8999999761581421,0.2188740372657776
11,0.9657443761825562,0.10820373147726059,0.9263157844543457,0.17218339443206787
12,0.9776021242141724,0.08778110891580582,0.9210526347160339,0.1720890998840332
13,0.9815546870231628,0.06017008423805237,0.9157894849777222,0.19891971349716187
14,0.9736495614051819,0.06894423067569733,0.9473684430122375,0.14814750850200653
15,0.9841897487640381,0.053700827062129974,0.9473684430122375,0.11537840962409973
16,0.992094874382019,0.04373245686292648,0.9526315927505493,0.11935608834028244
17,0.992094874382019,0.03547288849949837,0.9368420839309692,0.1510278433561325
18,0.9815546870231628,0.05502507835626602,0.9578947424888611,0.10926979780197144
19,0.9960474371910095,0.03421204537153244,0.9578947424888611,0.11160171031951904
20,0.9868247509002686,0.04389680176973343,0.9473684430122375,0.12232794612646103
21,0.9855072498321533,0.047502465546131134,0.9578947424888611,0.11715365201234818
22,0.9894598126411438,0.04313233867287636,0.9473684430122375,0.09604393690824509
23,0.9960474371910095,0.0236173365265131,0.9105263352394104,0.17029282450675964
