epoch,accuracy,loss,val_accuracy,val_loss
0,0.5179487466812134,0.8584285378456116,0.4897959232330322,0.6978461146354675
1,0.5435897707939148,0.6960774064064026,0.5306122303009033,0.7118858098983765
2,0.5880342125892639,0.6767253875732422,0.523809552192688,0.7019084095954895
3,0.6478632688522339,0.651748776435852,0.5510203838348389,0.7151740193367004
4,0.644444465637207,0.6251533627510071,0.5170068144798279,0.7124367952346802
5,0.7025641202926636,0.5943928360939026,0.4897959232330322,0.8006374835968018
6,0.7264957427978516,0.5793928503990173,0.5170068144798279,0.8078963756561279
7,0.728205144405365,0.5394913554191589,0.4897959232330322,0.883062481880188
8,0.776068389415741,0.5035447478294373,0.5442177057266235,0.8622968196868896
