epoch,accuracy,loss,val_accuracy,val_loss
0,0.512924075126648,0.6945589780807495,0.507861316204071,0.6935505270957947
1,0.5168012976646423,0.693011999130249,0.4925694465637207,0.6931782960891724
2,0.5134626030921936,0.6927656531333923,0.5074305534362793,0.6942685842514038
3,0.5166935920715332,0.692804753780365,0.5074305534362793,0.6932951807975769
4,0.5146473050117493,0.692916214466095,0.5074305534362793,0.6938341856002808
5,0.5132471919059753,0.6927523612976074,0.5074305534362793,0.6930451393127441
