epoch,accuracy,loss,val_accuracy,val_loss
0,0.5265306234359741,0.6962002515792847,0.5967742204666138,0.6801645755767822
1,0.5346938967704773,0.6927558183670044,0.6129032373428345,0.6751747131347656
2,0.5714285969734192,0.6652920246124268,0.6129032373428345,0.6632012128829956
3,0.6326530575752258,0.6465091705322266,0.725806474685669,0.6461614966392517
4,0.640816330909729,0.6073318719863892,0.6612903475761414,0.623026967048645
5,0.6979591846466064,0.5775442719459534,0.6935483813285828,0.6083959937095642
6,0.7387754917144775,0.5510440468788147,0.7096773982048035,0.6002155542373657
7,0.7428571581840515,0.4866902828216553,0.7096773982048035,0.5433937311172485
8,0.7836734652519226,0.454239159822464,0.725806474685669,0.5563756823539734
