epoch,accuracy,loss,val_accuracy,val_loss
0,0.8260334730148315,0.3778263330459595,0.8662733435630798,0.3034173548221588
1,0.8713090419769287,0.30371278524398804,0.8879055976867676,0.2809140086174011
2,0.8777067065238953,0.29492947459220886,0.895771861076355,0.2591683268547058
3,0.8907480239868164,0.2659895122051239,0.9095378518104553,0.25052011013031006
4,0.8873031735420227,0.26312097907066345,0.9075713157653809,0.25408148765563965
5,0.9028050899505615,0.24454006552696228,0.9056047201156616,0.24273517727851868
6,0.905265748500824,0.2284928560256958,0.8711897730827332,0.32010653614997864
7,0.9158464670181274,0.2158324122428894,0.9085545539855957,0.24629853665828705
8,0.9104330539703369,0.2144162952899933,0.8987217545509338,0.25904107093811035
