epoch,accuracy,loss,val_accuracy,val_loss
0,0.7680561542510986,0.47510409355163574,0.8712871074676514,0.32958734035491943
1,0.8464713096618652,0.3479827642440796,0.8597359657287598,0.3147468864917755
2,0.8629797697067261,0.3170936405658722,0.8861386179924011,0.28552401065826416
3,0.8671069145202637,0.2990081012248993,0.8828383088111877,0.27694711089134216
4,0.8852661848068237,0.26955515146255493,0.8828383088111877,0.2704019248485565
5,0.893933117389679,0.2523740530014038,0.8828383088111877,0.30142247676849365
6,0.8947585821151733,0.25053006410598755,0.8861386179924011,0.2660396695137024
7,0.9001238346099854,0.2196430265903473,0.8844884634017944,0.2743402123451233
