epoch,accuracy,loss,val_accuracy,val_loss
0,0.6827557682991028,0.5892717838287354,0.8168317079544067,0.4324072003364563
1,0.8304455280303955,0.3866802453994751,0.8663366436958313,0.31082645058631897
2,0.8716996908187866,0.2993120551109314,0.8646864891052246,0.27562958002090454
3,0.8915016651153564,0.25298795104026794,0.8993399143218994,0.23168398439884186
4,0.9084158539772034,0.22206564247608185,0.905940592288971,0.21109890937805176
5,0.9191418886184692,0.19598805904388428,0.9257425665855408,0.19014300405979156
6,0.9377062916755676,0.16570547223091125,0.9356435537338257,0.17195351421833038
7,0.9434818625450134,0.14355222880840302,0.9372937083244324,0.157592311501503
8,0.9591584205627441,0.12057505548000336,0.9422442317008972,0.137989804148674
9,0.9657590985298157,0.10493320971727371,0.9488449096679688,0.11938810348510742
10,0.9711220860481262,0.08624959737062454,0.9488449096679688,0.10913562774658203
11,0.9822607040405273,0.06946831196546555,0.9587458968162537,0.09824597835540771
12,0.9814356565475464,0.06047536060214043,0.9587458968162537,0.10498809069395065
13,0.9884488582611084,0.04669146239757538,0.9587458968162537,0.09606866538524628
14,0.9876237511634827,0.04558229446411133,0.9653465151786804,0.07497881352901459
15,0.9905115365982056,0.03550034388899803,0.9686468839645386,0.07376201450824738
16,0.9917491674423218,0.03129633888602257,0.9686468839645386,0.07072199136018753
17,0.9946369528770447,0.027350256219506264,0.971947193145752,0.06922556459903717
18,0.9954620599746704,0.02105763368308544,0.9752475023269653,0.061090823262929916
19,0.9958745837211609,0.019622737541794777,0.9702970385551453,0.05976353958249092
20,0.9971122145652771,0.017324475571513176,0.9735973477363586,0.06804171204566956
21,0.9975247383117676,0.014170818030834198,0.9768977165222168,0.06361805647611618
22,0.9971122145652771,0.012798003852367401,0.9752475023269653,0.052876878529787064
23,0.9987623691558838,0.01051144115626812,0.9801980257034302,0.047502271831035614
24,0.9995874762535095,0.0073642549104988575,0.9785478711128235,0.05059616640210152
25,0.9983498454093933,0.008244099095463753,0.9785478711128235,0.046626925468444824
26,0.9995874762535095,0.006309935357421637,0.9785478711128235,0.05574595928192139
27,1.0,0.004946005064994097,0.9801980257034302,0.04828127473592758
28,1.0,0.004645399749279022,0.9785478711128235,0.06659320741891861
