epoch,accuracy,loss,val_accuracy,val_loss
0,0.7238805890083313,0.5187895894050598,0.8235294222831726,0.3194882869720459
1,0.8395522236824036,0.30437469482421875,0.8382353186607361,0.2582855522632599
2,0.8805969953536987,0.22527331113815308,0.8823529481887817,0.23397764563560486
3,0.9514925479888916,0.16697095334529877,0.9264705777168274,0.22183406352996826
4,0.9701492786407471,0.12933801114559174,0.8970588445663452,0.21902231872081757
5,0.9664179086685181,0.10283440351486206,0.9264705777168274,0.17479462921619415
6,0.9776119589805603,0.0827905461192131,0.9411764740943909,0.16411222517490387
7,0.9776119589805603,0.06877508759498596,0.9411764740943909,0.15567000210285187
8,0.9888059496879578,0.04726170375943184,0.8970588445663452,0.1377815455198288
9,0.9888059496879578,0.04624967277050018,0.9558823704719543,0.11733561754226685
10,0.996268630027771,0.03403612598776817,0.970588207244873,0.11206583678722382
11,0.9925373196601868,0.030901186168193817,0.970588207244873,0.11219590902328491
12,0.9925373196601868,0.03295673057436943,0.9558823704719543,0.08731956779956818
13,0.9925373196601868,0.02901959791779518,0.9558823704719543,0.09908048808574677
14,0.996268630027771,0.01918569765985012,0.9558823704719543,0.1164005696773529
15,1.0,0.014733394607901573,0.970588207244873,0.08583319187164307
