epoch,accuracy,loss,val_accuracy,val_loss
0,0.5423265695571899,1.0240166187286377,0.5087336301803589,1.613185167312622
1,0.6209721565246582,0.8025414943695068,0.6004366874694824,0.7539460062980652
2,0.6439104080200195,0.7179995179176331,0.596069872379303,0.6952301859855652
3,0.6592026352882385,0.7099018692970276,0.6310043931007385,0.7238555550575256
4,0.6673948764801025,0.6708298325538635,0.6310043931007385,0.6410669684410095
5,0.6821408867835999,0.671798050403595,0.6550218462944031,0.6801282167434692
6,0.6897870302200317,0.6468333005905151,0.6179039478302002,0.7056007981300354
7,0.6947023272514343,0.6327150464057922,0.6484715938568115,0.7038790583610535
8,0.7220098376274109,0.5837804079055786,0.6266375780105591,0.6890031695365906
9,0.7181867957115173,0.5908933281898499,0.6200873255729675,0.9587332010269165
10,0.7454942464828491,0.5372753143310547,0.6768559217453003,0.660814642906189
11,0.7749863266944885,0.46288663148880005,0.6681222915649414,0.7726461887359619
12,0.769524872303009,0.49915704131126404,0.6855894923210144,0.6930723786354065
13,0.7886400818824768,0.443847119808197,0.6375545859336853,0.953406035900116
14,0.8055707216262817,0.4191313087940216,0.6703056693077087,0.7882081270217896
15,0.8061168789863586,0.41842395067214966,0.6572052240371704,0.9353799223899841
16,0.8154014348983765,0.41243308782577515,0.6834061145782471,0.8161651492118835
17,0.8367012739181519,0.3580743670463562,0.663755476474762,0.7991236448287964
