epoch,accuracy,loss,val_accuracy,val_loss
0,0.7896652221679688,0.46786370873451233,0.8107714653015137,0.42284026741981506
1,0.8427947759628296,0.3661344647407532,0.823871910572052,0.3813294768333435
2,0.8613536953926086,0.33558034896850586,0.8267831206321716,0.3701683580875397
3,0.8729985356330872,0.3142198920249939,0.8282387256622314,0.36943453550338745
4,0.8813682794570923,0.2963864207267761,0.8253275156021118,0.38467252254486084
5,0.8857350945472717,0.28194236755371094,0.823871910572052,0.3774607181549072
6,0.8962882161140442,0.2630390524864197,0.8267831206321716,0.3703099191188812
7,0.9082969427108765,0.23958715796470642,0.823871910572052,0.3885677456855774
8,0.91011643409729,0.22935763001441956,0.8180494904518127,0.39852115511894226
