epoch,accuracy,loss,val_accuracy,val_loss
0,0.5625823736190796,0.6682587265968323,0.7263157963752747,0.60530686378479
1,0.7233201861381531,0.5593202114105225,0.7736842036247253,0.4887494444847107
2,0.7865612506866455,0.4339893162250519,0.7947368621826172,0.40241527557373047
3,0.8405796885490417,0.34638166427612305,0.8105263113975525,0.3442685902118683
4,0.8471673130989075,0.30678483843803406,0.8263157606124878,0.30329620838165283
5,0.8787878751754761,0.26402556896209717,0.8684210777282715,0.26953285932540894
6,0.9051383137702942,0.23831789195537567,0.9105263352394104,0.2125101238489151
7,0.9433465003967285,0.1726827472448349,0.9368420839309692,0.17031334340572357
8,0.9459815621376038,0.15540222823619843,0.9368420839309692,0.1403769701719284
9,0.95652174949646,0.13017669320106506,0.9473684430122375,0.11973176151514053
10,0.9525691866874695,0.12488866597414017,0.9631578922271729,0.1052454486489296
11,0.9591568112373352,0.10701734572649002,0.9578947424888611,0.13967172801494598
12,0.9696969985961914,0.0940752699971199,0.9526315927505493,0.11522036045789719
13,0.9723320007324219,0.07357276231050491,0.9578947424888611,0.08548171073198318
14,0.9828721880912781,0.0594220831990242,0.9736841917037964,0.07113659381866455
15,0.9894598126411438,0.04417802393436432,0.9789473414421082,0.053462084382772446
16,0.9934123754501343,0.02868356741964817,0.9842105507850647,0.05405612662434578
17,0.992094874382019,0.03146478161215782,0.9842105507850647,0.042776789516210556
18,0.9960474371910095,0.025213925167918205,0.9736841917037964,0.050897035747766495
19,0.9960474371910095,0.019363710656762123,0.9842105507850647,0.03504560887813568
20,0.990777313709259,0.03386100381612778,0.9947368502616882,0.02404559776186943
21,0.9947299361228943,0.03421100229024887,0.9894737005233765,0.041817523539066315
22,0.9986824989318848,0.01620541140437126,0.9894737005233765,0.02808966301381588
23,1.0,0.009510076604783535,0.9894737005233765,0.01948591321706772
24,1.0,0.0069071343168616295,0.9894737005233765,0.020548632368445396
25,1.0,0.007203852292150259,0.9894737005233765,0.0184447281062603
