epoch,accuracy,loss,val_accuracy,val_loss
0,0.5437338352203369,0.6946269869804382,0.5954419374465942,0.6636602282524109
1,0.587009072303772,0.6663438081741333,0.6121178269386292,0.6466937065124512
2,0.6142194271087646,0.6469553709030151,0.6353529691696167,0.6339718103408813
3,0.6436532139778137,0.6199830174446106,0.6568093299865723,0.6137108206748962
4,0.6701686978340149,0.5960911512374878,0.6813785433769226,0.5792295336723328
5,0.6914588809013367,0.5738994479179382,0.6918287873268127,0.5663208365440369
6,0.7107201218605042,0.5497938394546509,0.7146192193031311,0.5531614422798157
7,0.7285082936286926,0.5275206565856934,0.6969427466392517,0.5621808171272278
8,0.7415436506271362,0.5107136964797974,0.7354085445404053,0.5230733156204224
9,0.7569693326950073,0.4915093183517456,0.7276264429092407,0.5254421234130859
10,0.7686983942985535,0.47434526681900024,0.7261812090873718,0.5324788093566895
11,0.7786208391189575,0.4575408101081848,0.7396331429481506,0.5125181078910828
12,0.7870980501174927,0.4447062313556671,0.736631453037262,0.5341383814811707
13,0.7958531379699707,0.4319184422492981,0.7358532547950745,0.5279660224914551
14,0.8022735714912415,0.4186074137687683,0.752084493637085,0.5055992007255554
15,0.8128352761268616,0.4058581292629242,0.7560867071151733,0.5109125375747681
16,0.820478618144989,0.39280223846435547,0.7508615851402283,0.5088675022125244
17,0.8240640163421631,0.38240692019462585,0.7623124122619629,0.4961298406124115
18,0.8305400609970093,0.37404170632362366,0.7670928239822388,0.4891173839569092
19,0.8315684199333191,0.36568981409072876,0.7635353207588196,0.5031434893608093
20,0.8391283750534058,0.3556480407714844,0.7753196358680725,0.4879920184612274
21,0.845076322555542,0.347311407327652,0.7713174223899841,0.5024659633636475
22,0.8480502367019653,0.33998972177505493,0.7710950374603271,0.48849251866340637
23,0.8528863787651062,0.3305681645870209,0.7729849815368652,0.4939824938774109
24,0.8566107749938965,0.32624831795692444,0.7680934071540833,0.5091533660888672
25,0.8600294589996338,0.31897881627082825,0.7635353207588196,0.523464560508728
