epoch,accuracy,loss,val_accuracy,val_loss
0,0.4834834933280945,0.6977939009666443,0.47925764322280884,0.7010523080825806
1,0.4853944778442383,0.6964341402053833,0.47598254680633545,0.6996998190879822
2,0.48948949575424194,0.6954559087753296,0.4770742356777191,0.6986453533172607
3,0.4864864945411682,0.6947024464607239,0.4727074205875397,0.6978127360343933
4,0.492219477891922,0.6940566301345825,0.47052401304244995,0.6970759034156799
5,0.5001364946365356,0.6934621334075928,0.47052401304244995,0.6964380741119385
