epoch,accuracy,loss,val_accuracy,val_loss
0,0.49276548624038696,0.6954089403152466,0.4912663698196411,0.695033848285675
1,0.4905814826488495,0.6942839622497559,0.4912663698196411,0.6940671801567078
2,0.4952225089073181,0.693433940410614,0.5,0.6934852600097656
3,0.503958523273468,0.692885160446167,0.485807865858078,0.6931493878364563
4,0.5050504803657532,0.6924981474876404,0.4967249035835266,0.6929094791412354
5,0.5077804923057556,0.6921590566635132,0.49017468094825745,0.6926970481872559
6,0.5075075030326843,0.6918506622314453,0.49344977736473083,0.6924997568130493
7,0.5189735293388367,0.691590428352356,0.4945414960384369,0.6923492550849915
