epoch,accuracy,loss,val_accuracy,val_loss
0,0.761904776096344,0.601158857345581,0.8648648858070374,0.2839951813220978
1,0.8707482814788818,0.42472854256629944,0.8108108043670654,0.42236948013305664
2,0.9115646481513977,0.26121875643730164,0.8918918967247009,0.2638775408267975
3,0.9047619104385376,0.1950613409280777,0.9189189076423645,0.20301765203475952
4,0.9659863710403442,0.09262479096651077,0.8648648858070374,0.29486310482025146
5,0.9591836929321289,0.09602929651737213,0.8918918967247009,0.31029534339904785
6,0.9659863710403442,0.1187821626663208,0.9189189076423645,0.22462326288223267
7,0.9727891087532043,0.08116744458675385,0.9189189076423645,0.17461949586868286
8,0.9455782175064087,0.11443066596984863,0.8918918967247009,0.2207302451133728
