epoch,accuracy,loss,val_accuracy,val_loss
0,0.7395111322402954,0.5498865246772766,0.8264040946960449,0.4347173273563385
1,0.8340021967887878,0.3937551975250244,0.8315098285675049,0.39743003249168396
2,0.8533381819725037,0.3612571358680725,0.8366156220436096,0.390790730714798
3,0.8595403432846069,0.3481513559818268,0.8409919738769531,0.3859398066997528
4,0.8620941042900085,0.3391072154045105,0.8380743861198425,0.3847852051258087
5,0.8646479249000549,0.330901175737381,0.8380743861198425,0.37939804792404175
6,0.8692083358764648,0.3244551420211792,0.8395332098007202,0.3709259033203125
7,0.8688434958457947,0.3195219039916992,0.8395332098007202,0.37569719552993774
8,0.8726742267608643,0.311323881149292,0.838803768157959,0.3679737150669098
