epoch,accuracy,loss,val_accuracy,val_loss
0,0.7466063499450684,0.48573681712150574,0.8795180916786194,0.35878294706344604
1,0.877828061580658,0.3431888222694397,0.8975903391838074,0.25518614053726196
2,0.9049773812294006,0.2502099573612213,0.9156626462936401,0.28926733136177063
3,0.9095022678375244,0.2500620186328888,0.8795180916786194,0.30768874287605286
4,0.8944193124771118,0.24486982822418213,0.8795180916786194,0.31655699014663696
5,0.918552041053772,0.22697043418884277,0.9036144614219666,0.2345518320798874
6,0.9230769276618958,0.21856318414211273,0.891566276550293,0.2275713086128235
7,0.9336349964141846,0.1953039914369583,0.8975903391838074,0.25735926628112793
