epoch,accuracy,loss,val_accuracy,val_loss
0,0.49056604504585266,0.6894963979721069,0.7407407164573669,0.6224417686462402
1,0.6886792182922363,0.6257772445678711,0.8518518805503845,0.5999404191970825
2,0.9245283007621765,0.5758748650550842,0.8148148059844971,0.5752919316291809
3,0.9433962106704712,0.5217381119728088,0.8148148059844971,0.5339899659156799
4,0.9433962106704712,0.4628901183605194,0.8148148059844971,0.4920879304409027
5,0.9433962106704712,0.40442585945129395,0.8148148059844971,0.4490624964237213
6,0.9339622855186462,0.34293052554130554,0.8148148059844971,0.41499820351600647
