epoch,accuracy,loss,val_accuracy,val_loss
0,0.46642065048217773,0.7386313080787659,0.45132744312286377,0.744574785232544
1,0.4678966701030731,0.7373825311660767,0.45427727699279785,0.7433005571365356
2,0.468634694814682,0.7361434698104858,0.45132744312286377,0.7420669794082642
3,0.4701107144355774,0.7349387407302856,0.45132744312286377,0.7408488988876343
4,0.468634694814682,0.7337476015090942,0.4483775794506073,0.7396480441093445
5,0.46642065048217773,0.7325800061225891,0.4483775794506073,0.73848557472229
6,0.46568265557289124,0.7314480543136597,0.45132744312286377,0.7373495101928711
