epoch,accuracy,loss,val_accuracy,val_loss
0,0.468634694814682,0.7085146903991699,0.5044247508049011,0.7033176422119141
1,0.47527673840522766,0.7078656554222107,0.5044247508049011,0.7027483582496643
2,0.4789668023586273,0.707196056842804,0.5044247508049011,0.7021965980529785
3,0.4811808168888092,0.7065525054931641,0.5044247508049011,0.7016467452049255
4,0.4848708510398865,0.7059143781661987,0.501474916934967,0.7010951042175293
5,0.48856088519096375,0.7052797675132751,0.49852508306503296,0.7005501985549927
