epoch,accuracy,loss,val_accuracy,val_loss
0,0.6932067275047302,0.7097136974334717,0.8338192701339722,0.5190597176551819
1,0.8108108043670654,0.45702871680259705,0.8717201352119446,0.4377554953098297
2,0.8539079427719116,0.34439295530319214,0.8717201352119446,0.37481608986854553
3,0.8736304044723511,0.31711545586586,0.8746355772018433,0.33329951763153076
4,0.8758217692375183,0.30140024423599243,0.8804664611816406,0.299435555934906
5,0.884587287902832,0.285634845495224,0.8804664611816406,0.27780354022979736
6,0.8940832614898682,0.2571598291397095,0.8979591727256775,0.262452632188797
7,0.895544171333313,0.26128196716308594,0.8979591727256775,0.2559996247291565
8,0.9028487801551819,0.24736902117729187,0.909621000289917,0.24823540449142456
9,0.9108838438987732,0.23961086571216583,0.9154518842697144,0.24468542635440826
10,0.9065011143684387,0.22861799597740173,0.9154518842697144,0.24820882081985474
11,0.9174579977989197,0.2060537040233612,0.918367326259613,0.24503639340400696
12,0.9167275428771973,0.206199511885643,0.9125364422798157,0.23450949788093567
13,0.9276844263076782,0.20073258876800537,0.9125364422798157,0.24525360763072968
14,0.9313367605209351,0.17759425938129425,0.918367326259613,0.24206732213497162
15,0.9284148812294006,0.18689316511154175,0.9212828278541565,0.2346777766942978
16,0.9203798174858093,0.19515325129032135,0.918367326259613,0.2283131182193756
17,0.9401022791862488,0.16099120676517487,0.9241982698440552,0.2218925952911377
18,0.9320672154426575,0.15810129046440125,0.918367326259613,0.22596076130867004
19,0.925493061542511,0.18251818418502808,0.9241982698440552,0.2266688197851181
20,0.9349890351295471,0.17010292410850525,0.9241982698440552,0.22075900435447693
21,0.9320672154426575,0.1717080920934677,0.9241982698440552,0.2210581749677658
22,0.942293643951416,0.15399709343910217,0.918367326259613,0.21824665367603302
