epoch,accuracy,loss,val_accuracy,val_loss
0,0.7417654991149902,0.522172749042511,0.7894737124443054,0.42183902859687805
1,0.8089591860771179,0.35906755924224854,0.8157894611358643,0.3635209798812866
2,0.8484848737716675,0.28648489713668823,0.8157894611358643,0.3324771821498871
3,0.8972331881523132,0.23056352138519287,0.8421052694320679,0.3074800670146942
4,0.9104084372520447,0.19409283995628357,0.9052631855010986,0.23824667930603027
5,0.9499341249465942,0.15046782791614532,0.9473684430122375,0.1998542994260788
6,0.95652174949646,0.1199636459350586,0.9263157844543457,0.18973158299922943
7,0.9683794379234314,0.09631091356277466,0.9473684430122375,0.17603041231632233
8,0.9749670624732971,0.07839331030845642,0.9526315927505493,0.14408473670482635
9,0.9802371263504028,0.06516305357217789,0.9105263352394104,0.19213637709617615
10,0.9855072498321533,0.056260548532009125,0.9473684430122375,0.12937694787979126
11,0.9934123754501343,0.03379106521606445,0.9631578922271729,0.11235568672418594
12,0.9973649382591248,0.0242707971483469,0.9526315927505493,0.10878726840019226
13,0.9986824989318848,0.020766738802194595,0.9631578922271729,0.0893329456448555
14,1.0,0.012383205816149712,0.9684210419654846,0.08369743824005127
15,1.0,0.010187371633946896,0.9684210419654846,0.08162088692188263
16,1.0,0.007596749812364578,0.9631578922271729,0.08194879442453384
17,1.0,0.0058083790354430676,0.9684210419654846,0.0742739662528038
18,1.0,0.004885018803179264,0.9736841917037964,0.0709114596247673
19,1.0,0.0037560327909886837,0.9736841917037964,0.06992271542549133
20,1.0,0.0033667797688394785,0.9736841917037964,0.0666653960943222
21,1.0,0.002793425228446722,0.9736841917037964,0.06489434838294983
22,1.0,0.0024741417728364468,0.9736841917037964,0.06704902648925781
23,1.0,0.002091796603053808,0.9736841917037964,0.06278044730424881
