epoch,accuracy,loss,val_accuracy,val_loss
0,0.44871795177459717,0.7033630609512329,0.4749999940395355,0.7003289461135864
1,0.5192307829856873,0.6973081827163696,0.4749999940395355,0.7001372575759888
2,0.4871794879436493,0.697348952293396,0.4749999940395355,0.7000315189361572
3,0.5512820482254028,0.6920846104621887,0.4749999940395355,0.6998635530471802
4,0.5128205418586731,0.7039613127708435,0.4749999940395355,0.6997814774513245
5,0.5128205418586731,0.6908714175224304,0.4749999940395355,0.6997086405754089
