epoch,accuracy,loss,val_accuracy,val_loss
0,0.47549018263816833,0.7008852958679199,0.2884615361690521,0.7405291199684143
1,0.47549018263816833,0.7005283832550049,0.2884615361690521,0.7401319742202759
2,0.47549018263816833,0.7002061009407043,0.3076923191547394,0.7398272156715393
3,0.47058823704719543,0.6999079585075378,0.32692307233810425,0.7394689917564392
4,0.47549018263816833,0.6996029615402222,0.32692307233810425,0.7390145659446716
5,0.47549018263816833,0.6992384195327759,0.32692307233810425,0.7385615706443787
6,0.47549018263816833,0.6989042162895203,0.32692307233810425,0.7381482720375061
7,0.47058823704719543,0.6985424757003784,0.32692307233810425,0.7377175092697144
8,0.47549018263816833,0.6982219219207764,0.32692307233810425,0.7372522950172424
