epoch,accuracy,loss,val_accuracy,val_loss
0,0.8154981732368469,0.41065093874931335,0.8318583965301514,0.3907175064086914
1,0.862976610660553,0.33533257246017456,0.8800393342971802,0.31220149993896484
2,0.8597785830497742,0.34939101338386536,0.8888888955116272,0.3226301074028015
3,0.8740467429161072,0.30042633414268494,0.859390377998352,0.3750528395175934
4,0.8767527937889099,0.30146554112434387,0.8810226321220398,0.3016939163208008
5,0.8851168751716614,0.2803097069263458,0.8672566413879395,0.3035576045513153
6,0.8883149027824402,0.2768770158290863,0.8829891681671143,0.27547118067741394
7,0.8907749056816101,0.2659967243671417,0.8810226321220398,0.27402564883232117
