epoch,accuracy,loss,val_accuracy,val_loss
0,0.5290102362632751,0.7392064332962036,0.4897959232330322,0.7603427171707153
1,0.5307167172431946,0.7195019721984863,0.4829931855201721,0.7401356101036072
2,0.5477815866470337,0.7040409445762634,0.5034013390541077,0.7250010967254639
3,0.5477815866470337,0.6909356117248535,0.5034013390541077,0.7120122313499451
4,0.5682593584060669,0.6787328720092773,0.523809552192688,0.7002866268157959
5,0.5699658989906311,0.6674537658691406,0.5442177057266235,0.6891027688980103
6,0.5784983038902283,0.6561177372932434,0.557823121547699,0.678739070892334
7,0.6006826162338257,0.6440383195877075,0.5850340127944946,0.6672663688659668
8,0.61774742603302,0.6317704319953918,0.5850340127944946,0.6560930013656616
9,0.6296928524971008,0.6184675097465515,0.6122449040412903,0.6433465480804443
10,0.6655290126800537,0.6042478680610657,0.6394557952880859,0.6288111209869385
11,0.6757678985595703,0.5888238549232483,0.6598639488220215,0.6154462099075317
12,0.6979522109031677,0.5733104348182678,0.6938775777816772,0.598598837852478
13,0.7372013926506042,0.5562127232551575,0.7210884094238281,0.5828815698623657
14,0.7491467595100403,0.5398003458976746,0.7278911471366882,0.5654453039169312
15,0.7696245908737183,0.52298504114151,0.7482993006706238,0.5490639805793762
16,0.7781569957733154,0.5061900019645691,0.7551020383834839,0.5332333445549011
17,0.7815699577331543,0.4899909496307373,0.7755101919174194,0.5179449319839478
18,0.7849829196929932,0.4742545187473297,0.7755101919174194,0.5029745697975159
19,0.7866894006729126,0.4588562250137329,0.7823129296302795,0.4878394305706024
20,0.8020477890968323,0.4447459876537323,0.8027210831642151,0.4761657118797302
21,0.8037542700767517,0.4309047758579254,0.8095238208770752,0.46279436349868774
22,0.8225256204605103,0.418518602848053,0.8095238208770752,0.45083779096603394
23,0.8276450634002686,0.40624722838401794,0.8095238208770752,0.44225338101387024
24,0.8276450634002686,0.39621883630752563,0.8095238208770752,0.4327269196510315
25,0.8327645063400269,0.38691002130508423,0.8095238208770752,0.42503485083580017
26,0.8344709873199463,0.3791925013065338,0.8095238208770752,0.41914102435112
