epoch,accuracy,loss,val_accuracy,val_loss
0,0.5205479264259338,1.14640212059021,0.8421052694320679,0.5181458592414856
1,0.7534246444702148,0.6672800779342651,0.8421052694320679,0.5981295108795166
2,0.7945205569267273,0.4046434164047241,0.8421052694320679,1.037636399269104
3,0.7945205569267273,0.5442248582839966,0.8421052694320679,1.2112455368041992
4,0.8630136847496033,0.3178258538246155,0.7894737124443054,1.189013123512268
5,0.7945205569267273,0.43625879287719727,0.7894737124443054,1.1002646684646606
