epoch,accuracy,loss,val_accuracy,val_loss
0,0.6760563254356384,0.5282242298126221,0.8518518805503845,0.34699466824531555
1,0.9107981324195862,0.2616582214832306,0.8148148059844971,0.40237581729888916
2,0.9248826503753662,0.19981923699378967,0.8888888955116272,0.2377014458179474
3,0.9483568072319031,0.11520548909902573,0.8703703880310059,0.2823808491230011
4,0.9624413251876831,0.0890968069434166,0.8888888955116272,0.2618277966976166
5,0.9765258431434631,0.054161153733730316,0.8888888955116272,0.30441421270370483
6,0.9953051805496216,0.028497781604528427,0.8888888955116272,0.34956490993499756
7,1.0,0.016641885042190552,0.8888888955116272,0.45048996806144714
