epoch,accuracy,loss,val_accuracy,val_loss
0,0.5306122303009033,0.6875365972518921,0.6000000238418579,0.678875207901001
1,0.6020408272743225,0.6417232155799866,0.6000000238418579,0.663008451461792
2,0.7244898080825806,0.6138084530830383,0.6800000071525574,0.6510341763496399
3,0.7244898080825806,0.5894872546195984,0.7200000286102295,0.6418631672859192
4,0.7448979616165161,0.5698397159576416,0.7200000286102295,0.6367920637130737
5,0.7551020383834839,0.5510273575782776,0.6800000071525574,0.6296703219413757
6,0.7653061151504517,0.5350118279457092,0.7200000286102295,0.6214747428894043
7,0.7653061151504517,0.5196343660354614,0.7200000286102295,0.6158912777900696
8,0.7551020383834839,0.5066723823547363,0.7200000286102295,0.6102396249771118
