epoch,accuracy,loss,val_accuracy,val_loss
0,0.5602241158485413,0.7180745005607605,0.7666666507720947,0.5378891229629517
1,0.7310924530029297,0.5478641986846924,0.6666666865348816,0.5829604864120483
2,0.7983193397521973,0.4381912648677826,0.8999999761581421,0.2988170087337494
3,0.8879551887512207,0.2929399907588959,0.9222221970558167,0.20570789277553558
4,0.8683473467826843,0.31218650937080383,0.8444444537162781,0.3047289252281189
5,0.9159663915634155,0.21695303916931152,0.8444444537162781,0.3198238015174866
6,0.9467787146568298,0.14775800704956055,0.8999999761581421,0.2048996388912201
7,0.9915966391563416,0.043095704168081284,0.9111111164093018,0.2520318627357483
8,0.9887955188751221,0.023529885336756706,0.9111111164093018,0.19840286672115326
