epoch,accuracy,loss,val_accuracy,val_loss
0,0.48774510622024536,0.7089503407478333,0.4757281541824341,0.7120381593704224
1,0.5098039507865906,0.6927890181541443,0.4660194218158722,0.7011809945106506
2,0.5392156839370728,0.68357253074646,0.4660194218158722,0.6954944729804993
3,0.5539215803146362,0.6774514317512512,0.49514561891555786,0.6905944347381592
4,0.5784313678741455,0.6718149185180664,0.4757281541824341,0.6880426406860352
5,0.5906862616539001,0.6662325263023376,0.4660194218158722,0.6856240034103394
6,0.595588207244873,0.6610643267631531,0.4660194218158722,0.6832720637321472
7,0.6004902124404907,0.6558815240859985,0.4757281541824341,0.6819519996643066
8,0.6102941036224365,0.6516706347465515,0.49514561891555786,0.6809402108192444
