epoch,accuracy,loss,val_accuracy,val_loss
0,0.5020496845245361,0.9014361500740051,0.5168756246566772,0.7111505270004272
1,0.5324330925941467,0.7767419219017029,0.5959498286247253,0.7101605534553528
2,0.5782493352890015,0.7246979475021362,0.6258437633514404,0.6610509157180786
3,0.5883771181106567,0.6870360970497131,0.6374156475067139,0.6219144463539124
4,0.6435977816581726,0.6419690251350403,0.6287367343902588,0.631527841091156
5,0.6713286638259888,0.6048473119735718,0.6943104863166809,0.5639932155609131
6,0.7111164927482605,0.5693202018737793,0.7222757935523987,0.5404991507530212
7,0.735953688621521,0.5181059837341309,0.7415621876716614,0.5259281992912292
8,0.7750180959701538,0.46945878863334656,0.7492767572402954,0.5016029477119446
9,0.8167349696159363,0.3900355100631714,0.7984570860862732,0.4209883213043213
10,0.835784912109375,0.35603922605514526,0.7627772688865662,0.5197890400886536
11,0.8721967935562134,0.2921086549758911,0.7714561223983765,0.5297386646270752
12,0.896310567855835,0.24955499172210693,0.833172619342804,0.34166014194488525
13,0.9136725068092346,0.21705830097198486,0.811957597732544,0.4686252474784851
14,0.9300699234008789,0.17552892863750458,0.8640308380126953,0.3479110598564148
15,0.9348927140235901,0.17327390611171722,0.8592092394828796,0.37053823471069336
16,0.9471907615661621,0.14061933755874634,0.8784956336021423,0.31054064631462097
17,0.9597299098968506,0.11204491555690765,0.8919961452484131,0.2671760022640228
18,0.9640704393386841,0.09194006770849228,0.9103182554244995,0.24175691604614258
19,0.9698577523231506,0.08042590320110321,0.8727097511291504,0.3402310907840729
20,0.970822274684906,0.07858557999134064,0.8948891162872314,0.3056994676589966
21,0.9782975912094116,0.06384352594614029,0.8987463712692261,0.29685983061790466
22,0.9717868566513062,0.0705883800983429,0.8601735830307007,0.4788418710231781
23,0.9770918488502502,0.06389135122299194,0.9112825393676758,0.23521941900253296
