epoch,accuracy,loss,val_accuracy,val_loss
0,0.4786240756511688,0.6986352205276489,0.5009823441505432,0.6951187252998352
1,0.503685474395752,0.6977933049201965,0.5029469728469849,0.6951078772544861
2,0.5027027130126953,0.6969640851020813,0.5009823441505432,0.695094883441925
3,0.4850122928619385,0.6975909471511841,0.4970530569553375,0.6950815320014954
4,0.49582308530807495,0.6962043046951294,0.4990176856517792,0.6950705051422119
5,0.4894348978996277,0.6969716548919678,0.5009823441505432,0.695061981678009
6,0.5135135054588318,0.6950342655181885,0.5029469728469849,0.6950533390045166
