epoch,accuracy,loss,val_accuracy,val_loss
0,0.5490196347236633,0.7018107175827026,0.7254902124404907,0.6103476881980896
1,0.7303921580314636,0.5375531911849976,0.6666666865348816,0.5950531363487244
2,0.7990196347236633,0.4235393702983856,0.6470588445663452,0.5475040674209595
3,0.8480392098426819,0.36035025119781494,0.7254902124404907,0.5105209946632385
4,0.8970588445663452,0.26968806982040405,0.686274528503418,0.6094098091125488
5,0.9166666865348816,0.22721292078495026,0.7254902124404907,0.6796264052391052
