epoch,accuracy,loss,val_accuracy,val_loss
0,0.47727271914482117,1.008950114250183,0.5,0.6958978772163391
1,0.5,0.9761021137237549,0.5,0.6957655549049377
2,0.5,0.9422191977500916,0.5,0.6951910853385925
3,0.5454545617103577,0.9382142424583435,0.5,0.6946962475776672
4,0.5,0.931749165058136,0.5,0.6940701007843018
5,0.5227272510528564,0.912663459777832,0.5,0.6932657361030579
