epoch,accuracy,loss,val_accuracy,val_loss
0,0.744027316570282,0.5008708238601685,0.7687074542045593,0.5765256285667419
1,0.8464163541793823,0.36436399817466736,0.884353756904602,0.3646355867385864
2,0.8856655359268188,0.2757549583911896,0.884353756904602,0.3624459207057953
3,0.9027303457260132,0.23423905670642853,0.8707482814788818,0.2881987690925598
4,0.9095563292503357,0.2242117077112198,0.8707482814788818,0.29746103286743164
5,0.9180887341499329,0.18134735524654388,0.884353756904602,0.29286399483680725
6,0.9334471225738525,0.15593649446964264,0.8775510191917419,0.3553847670555115
