epoch,accuracy,loss,val_accuracy,val_loss
0,0.49920570850372314,0.7224298715591431,0.5158730149269104,0.6928924918174744
1,0.502184271812439,0.7068295478820801,0.5611110925674438,0.6886109113693237
2,0.5313740968704224,0.6957486867904663,0.5825396776199341,0.6838964223861694
3,0.5333598256111145,0.6944541931152344,0.5880952477455139,0.6818404197692871
4,0.543089747428894,0.6917130947113037,0.5801587104797363,0.6816973686218262
5,0.5484511256217957,0.6885096430778503,0.5873016119003296,0.6789876818656921
6,0.5462668538093567,0.6884347200393677,0.5634920597076416,0.6779575943946838
7,0.548054039478302,0.6848590970039368,0.5785714387893677,0.6787459850311279
8,0.5603653788566589,0.6813611388206482,0.5888888835906982,0.6731173992156982
