epoch,accuracy,loss,val_accuracy,val_loss
0,0.38596490025520325,1.4348251819610596,0.4651162922382355,0.7494775652885437
1,0.4502924084663391,1.3731255531311035,0.4883720874786377,0.737428605556488
2,0.5029239654541016,1.1697701215744019,0.5116279125213623,0.727032482624054
3,0.4853801131248474,1.126204490661621,0.5348837375640869,0.7203053832054138
4,0.5263158082962036,1.0388540029525757,0.5581395626068115,0.7073665857315063
5,0.5263158082962036,1.1496871709823608,0.604651153087616,0.6982116103172302
6,0.5321637392044067,1.031095027923584,0.6744186282157898,0.6867052912712097
7,0.5263158082962036,0.9832084774971008,0.6511628031730652,0.6787723302841187
8,0.5263158082962036,1.0440202951431274,0.6744186282157898,0.6673262119293213
9,0.567251443862915,0.9221897125244141,0.6976743936538696,0.6592541337013245
10,0.5497075915336609,0.9694743156433105,0.7209302186965942,0.6508311629295349
11,0.5964912176132202,0.8624138832092285,0.7209302186965942,0.6441432237625122
12,0.5614035129547119,0.8222336769104004,0.7209302186965942,0.637598991394043
13,0.5847952961921692,0.8490961194038391,0.7209302186965942,0.6311094760894775
14,0.5730994343757629,0.8672478199005127,0.7209302186965942,0.6177976131439209
15,0.5730994343757629,0.9670926928520203,0.7441860437393188,0.610183596611023
16,0.6198830604553223,0.7144309878349304,0.7441860437393188,0.6002365946769714
17,0.5730994343757629,0.8369061946868896,0.7441860437393188,0.5943422317504883
18,0.6023392081260681,0.7816721796989441,0.7441860437393188,0.5878589749336243
19,0.6198830604553223,0.7588274478912354,0.7441860437393188,0.5762662887573242
20,0.5730994343757629,0.8512054085731506,0.7209302186965942,0.5620706081390381
