epoch,accuracy,loss,val_accuracy,val_loss
0,0.8125,0.4997785687446594,0.8999999761581421,0.310067743062973
1,0.90625,0.4000492990016937,0.949999988079071,0.1730787456035614
2,0.875,0.2715103328227997,0.925000011920929,0.21761739253997803
3,0.949999988079071,0.21377047896385193,0.8500000238418579,0.5197584629058838
4,0.949999988079071,0.16235792636871338,0.8999999761581421,0.40606561303138733
5,0.9312499761581421,0.1627684086561203,0.925000011920929,0.2478410303592682
6,0.9750000238418579,0.050874970853328705,0.875,0.24410195648670197
