epoch,accuracy,loss,val_accuracy,val_loss
0,0.5681818127632141,0.6882078051567078,0.4166666567325592,0.6597413420677185
1,1.0,0.4509258270263672,0.5,0.6306554675102234
2,1.0,0.31623515486717224,0.5833333134651184,0.5949177742004395
3,0.9772727489471436,0.2175932377576828,0.75,0.5850465893745422
4,0.9772727489471436,0.145823135972023,0.6666666865348816,0.5734233260154724
5,1.0,0.08087790757417679,0.5,0.631353497505188
6,1.0,0.05332354083657265,0.5833333134651184,0.7268670201301575
7,1.0,0.029738612473011017,0.5,0.7115444540977478
8,1.0,0.012794041074812412,0.6666666865348816,0.7041543126106262
