epoch,accuracy,loss,val_accuracy,val_loss
0,0.7020407915115356,1.4821548461914062,0.6935483813285828,1.6409547328948975
1,0.8122448921203613,0.7264535427093506,0.8064516186714172,2.172079086303711
2,0.9265305995941162,0.23902897536754608,0.8225806355476379,1.9751111268997192
3,0.9387755393981934,0.17540836334228516,0.8225806355476379,1.7332204580307007
4,0.9755101799964905,0.06689552217721939,0.8548387289047241,1.5561970472335815
5,0.9918367266654968,0.03486332297325134,0.8870967626571655,1.6322964429855347
6,0.9755101799964905,0.04746893793344498,0.8870967626571655,1.3385772705078125
7,0.9918367266654968,0.017809558659791946,0.8709677457809448,1.7952035665512085
8,0.9836734533309937,0.03527521342039108,0.8709677457809448,1.0634357929229736
9,0.9959183931350708,0.011531978845596313,0.8870967626571655,1.0896321535110474
10,1.0,0.0045703682117164135,0.8870967626571655,1.047681212425232
