epoch,accuracy,loss,val_accuracy,val_loss
0,0.5410256385803223,0.7173957824707031,0.5102040767669678,0.6985481381416321
1,0.5410256385803223,0.7172631621360779,0.5102040767669678,0.6984665393829346
2,0.5410256385803223,0.7171155214309692,0.5102040767669678,0.6983555555343628
3,0.5410256385803223,0.7169444561004639,0.5102040767669678,0.6982823610305786
4,0.5410256385803223,0.7168021202087402,0.5102040767669678,0.6982261538505554
5,0.5410256385803223,0.7166844010353088,0.5102040767669678,0.6981595754623413
