epoch,accuracy,loss,val_accuracy,val_loss
0,0.5461538434028625,0.6958848834037781,0.581632673740387,0.6876349449157715
1,0.5461538434028625,0.6958407759666443,0.581632673740387,0.6876368522644043
2,0.5461538434028625,0.6958182454109192,0.581632673740387,0.6876208782196045
3,0.5461538434028625,0.6957945823669434,0.581632673740387,0.6876141428947449
4,0.5435897707939148,0.6957605481147766,0.581632673740387,0.6876174211502075
5,0.5435897707939148,0.6957342028617859,0.581632673740387,0.6876210570335388
