epoch,accuracy,loss,val_accuracy,val_loss
0,0.4674491584300995,0.7078782320022583,0.4623362421989441,0.7000885009765625
1,0.47222602367401123,0.7072100043296814,0.456877738237381,0.7000011205673218
2,0.4778217673301697,0.7091935873031616,0.45469433069229126,0.6998909115791321
3,0.4750921130180359,0.7069041728973389,0.45414847135543823,0.6997209787368774
4,0.47277194261550903,0.706162691116333,0.45633187890052795,0.6996199488639832
5,0.48778489232063293,0.7041829228401184,0.4536026120185852,0.6995171904563904
