epoch,accuracy,loss,val_accuracy,val_loss
0,0.4318181872367859,1.3837913274765015,0.8333333134651184,0.6219361424446106
1,0.6818181872367859,0.661851167678833,0.9166666865348816,0.564542829990387
2,0.75,0.4552196264266968,0.9166666865348816,0.5283271670341492
3,0.8863636255264282,0.2758612334728241,0.8333333134651184,0.49248072504997253
4,0.9090909361839294,0.14834064245224,0.8333333134651184,0.4626775085926056
5,0.9090909361839294,0.24988724291324615,0.8333333134651184,0.43204107880592346
6,1.0,0.07527056336402893,0.8333333134651184,0.41583994030952454
