epoch,accuracy,loss,val_accuracy,val_loss
0,0.5984655022621155,0.6682116389274597,0.7244898080825806,0.6415603756904602
1,0.6905370950698853,0.6054112315177917,0.795918345451355,0.5890702605247498
2,0.7468030452728271,0.5529133677482605,0.7857142686843872,0.525215208530426
3,0.7749360799789429,0.5001850128173828,0.7653061151504517,0.4751359224319458
4,0.7698209881782532,0.4629659056663513,0.7551020383834839,0.43846631050109863
5,0.7774935960769653,0.4238359034061432,0.7653061151504517,0.4104236960411072
6,0.8030690550804138,0.3869718909263611,0.7755101919174194,0.3844049274921417
