epoch,accuracy,loss,val_accuracy,val_loss
0,0.5094786882400513,0.7115455269813538,0.531438410282135,0.689375102519989
1,0.5458853840827942,0.687199592590332,0.570198118686676,0.6800083518028259
2,0.589401125907898,0.6736041307449341,0.5882859826087952,0.6760358810424805
3,0.6217147707939148,0.6536179184913635,0.6072351336479187,0.6571977734565735
4,0.6355019211769104,0.6434816122055054,0.626184344291687,0.6474045515060425
5,0.6486428380012512,0.6209673285484314,0.6141257286071777,0.6602416038513184
6,0.6426109671592712,0.6195869445800781,0.6485788226127625,0.624700665473938
7,0.6826798915863037,0.5981106758117676,0.6563307642936707,0.640541672706604
8,0.6925894021987915,0.5832473635673523,0.6537467837333679,0.6118330359458923
9,0.6984058618545532,0.57240891456604,0.6658053398132324,0.5953546166419983
10,0.7177940607070923,0.5485166907310486,0.6942291259765625,0.5682856440544128
11,0.7335200309753418,0.533553421497345,0.6916451454162598,0.5865401029586792
12,0.752046525478363,0.4988024830818176,0.6968131065368652,0.6062541007995605
13,0.773373544216156,0.47307536005973816,0.6985357403755188,0.5758122205734253
14,0.7867298722267151,0.4514886438846588,0.6778638958930969,0.6129989624023438
15,0.7759586572647095,0.467190682888031,0.6916451454162598,0.5988508462905884
16,0.8056871891021729,0.41439688205718994,0.6864771842956543,0.6380624175071716
17,0.8364928960800171,0.36687716841697693,0.7011197209358215,0.6285200715065002
18,0.8492029309272766,0.3359774053096771,0.6881998181343079,0.6880598068237305
19,0.8647134900093079,0.3057151138782501,0.6907837986946106,0.7310856580734253
20,0.8834553956985474,0.27806463837623596,0.6933677792549133,0.8280970454216003
21,0.8914260864257812,0.2504279613494873,0.6830318570137024,0.7708274722099304
22,0.9037052989006042,0.2223774790763855,0.6761412620544434,0.9169320464134216
