epoch,accuracy,loss,val_accuracy,val_loss
0,0.5360824465751648,0.6771809458732605,0.7599999904632568,0.5844841599464417
1,0.6494845151901245,0.6023795008659363,0.7599999904632568,0.5316082835197449
2,0.7628865838050842,0.5213581919670105,0.7599999904632568,0.5008739233016968
3,0.8247422575950623,0.4442618489265442,0.7599999904632568,0.48078933358192444
4,0.7525773048400879,0.4775077700614929,0.7599999904632568,0.46781253814697266
5,0.8247422575950623,0.41981202363967896,0.7599999904632568,0.4605824947357178
