epoch,accuracy,loss,val_accuracy,val_loss
0,0.5068199634552002,0.6987996697425842,0.49396181106567383,0.7003315687179565
1,0.5284489393234253,0.6909013390541077,0.5095441937446594,0.6948901414871216
2,0.5458885431289673,0.6866657137870789,0.5313595533370972,0.6927416324615479
3,0.5714146494865417,0.6792846322059631,0.5446045994758606,0.685820460319519
4,0.5883671045303345,0.6658163666725159,0.5590183138847351,0.6957828402519226
5,0.6138932108879089,0.6539287567138672,0.5473315119743347,0.6925008893013
6,0.6413679122924805,0.6304539442062378,0.5516166687011719,0.7211301922798157
7,0.6679657101631165,0.6067314147949219,0.553954005241394,0.7166945338249207
8,0.694855809211731,0.577307939529419,0.5508375763893127,0.7628374695777893
9,0.7202844619750977,0.545225977897644,0.5640825629234314,0.7926650643348694
10,0.7445440292358398,0.5130178332328796,0.5687572956085205,0.7939724922180176
11,0.766757607460022,0.4794278144836426,0.5714842081069946,0.8117624521255493
12,0.7903351783752441,0.4478684961795807,0.5699259638786316,0.8937116861343384
13,0.8091387152671814,0.41201624274253845,0.5839501619338989,0.9278321266174316
14,0.8247271776199341,0.3792831003665924,0.5749902725219727,1.0441404581069946
15,0.8456742167472839,0.3451842963695526,0.555901825428009,1.1112301349639893
16,0.8587295413017273,0.3177074193954468,0.5691468715667725,1.1249334812164307
17,0.8764614462852478,0.283928245306015,0.5664199590682983,1.2450059652328491
18,0.8897116184234619,0.2583070397377014,0.5492793321609497,1.3653444051742554
