epoch,accuracy,loss,val_accuracy,val_loss
0,0.6536107659339905,0.665067732334137,0.6682927012443542,0.6465092897415161
1,0.8506731986999512,0.3372914791107178,0.6731707453727722,0.605096161365509
2,0.9400244951248169,0.1897689253091812,0.5804877877235413,0.6504894495010376
3,0.9828641414642334,0.11210047453641891,0.5951219797134399,0.6308591365814209
4,0.9767441749572754,0.10203703492879868,0.5219511985778809,0.7222238183021545
5,0.990208089351654,0.06354191899299622,0.5560975670814514,0.7874031662940979
6,0.9975520372390747,0.04695284739136696,0.6390243768692017,0.6420295238494873
