epoch,accuracy,loss,val_accuracy,val_loss
0,0.5266903638839722,0.6953980922698975,0.5460993051528931,0.6791951060295105
1,0.5088967680931091,0.6965293288230896,0.5460993051528931,0.6791797876358032
2,0.5266903638839722,0.6929087042808533,0.5460993051528931,0.679164707660675
3,0.5142349004745483,0.6964675188064575,0.5460993051528931,0.6791517734527588
4,0.49822065234184265,0.6948229670524597,0.5460993051528931,0.6791366934776306
5,0.4964412748813629,0.7019697427749634,0.5460993051528931,0.6791219115257263
