epoch,accuracy,loss,val_accuracy,val_loss
0,0.5387755036354065,1.2626261711120605,0.5483871102333069,0.6781158447265625
1,0.6163265109062195,0.9239612817764282,0.6612903475761414,0.6503723859786987
2,0.6938775777816772,0.7355431914329529,0.8225806355476379,0.6175200939178467
3,0.7469387650489807,0.5146438479423523,0.8225806355476379,0.5926994681358337
4,0.8367347121238708,0.4260391592979431,0.7903226017951965,0.5745244026184082
5,0.8081632852554321,0.3819597661495209,0.8064516186714172,0.5646959543228149
6,0.8571428656578064,0.2650209367275238,0.7903226017951965,0.5610668063163757
7,0.8734694123268127,0.2732270658016205,0.7580645084381104,0.5475886464118958
