epoch,accuracy,loss,val_accuracy,val_loss
0,0.8307086825370789,0.38485637307167053,0.8230088353157043,0.3827269375324249
1,0.8617125749588013,0.32397574186325073,0.8711897730827332,0.3185960650444031
2,0.8796752095222473,0.2954983413219452,0.8820058703422546,0.3100331127643585
3,0.8828740119934082,0.28363993763923645,0.8711897730827332,0.31753554940223694
4,0.8946850299835205,0.2699660062789917,0.8918387293815613,0.26386237144470215
5,0.8966535329818726,0.24916057288646698,0.8928220272064209,0.2689895033836365
6,0.9092027544975281,0.22126802802085876,0.8898721933364868,0.26150089502334595
7,0.9101870059967041,0.21796879172325134,0.8564404845237732,0.3143891990184784
8,0.9151082634925842,0.2003420889377594,0.8574237823486328,0.37290501594543457
9,0.9148622155189514,0.19787737727165222,0.9036381244659424,0.27353617548942566
10,0.9399606585502625,0.14384563267230988,0.904621422290802,0.2377578616142273
11,0.9343011975288391,0.1648952066898346,0.904621422290802,0.24033793807029724
12,0.9424212574958801,0.1389373540878296,0.9085545539855957,0.23330050706863403
13,0.9483267664909363,0.13675673305988312,0.9164208173751831,0.21428675949573517
14,0.9468504190444946,0.1234399825334549,0.9183874130249023,0.2385832965373993
15,0.9512795209884644,0.12301841378211975,0.9095378518104553,0.23237188160419464
16,0.9470964670181274,0.13737507164478302,0.9164208173751831,0.21520760655403137
17,0.9638287425041199,0.09067098796367645,0.9183874130249023,0.2512115240097046
18,0.9584153294563293,0.11999598145484924,0.9292035102844238,0.2633298337459564
19,0.9502952694892883,0.1376931220293045,0.913470983505249,0.24686703085899353
20,0.945620059967041,0.13590490818023682,0.9252703785896301,0.3313906788825989
21,0.9685039520263672,0.08523435890674591,0.9292035102844238,0.21198917925357819
22,0.9800689220428467,0.05135054886341095,0.9360865354537964,0.2876422107219696
23,0.9534940719604492,0.13168635964393616,0.9203540086746216,0.3774012625217438
24,0.9655511975288391,0.09152556955814362,0.9183874130249023,0.25477951765060425
25,0.9712106585502625,0.072952039539814,0.9242871403694153,0.29551783204078674
26,0.9736712574958801,0.07006411254405975,0.919370710849762,0.4522380828857422
27,0.9781004190444946,0.061856020241975784,0.9252703785896301,0.25722140073776245
