epoch,accuracy,loss,val_accuracy,val_loss
0,0.6961285471916199,0.597833514213562,0.8075801730155945,0.45207053422927856
1,0.8013148307800293,0.43384456634521484,0.8425655961036682,0.3630507290363312
2,0.856829822063446,0.34502726793289185,0.8775510191917419,0.3125256299972534
3,0.8780131340026855,0.2863973379135132,0.8600583076477051,0.30163201689720154
4,0.895544171333313,0.24524210393428802,0.8658891916275024,0.2980809211730957
5,0.9211102724075317,0.21039891242980957,0.8746355772018433,0.2853243947029114
6,0.9298758506774902,0.18275240063667297,0.8600583076477051,0.3128083646297455
7,0.938641369342804,0.1534448266029358,0.8688046932220459,0.28256961703300476
