epoch,accuracy,loss,val_accuracy,val_loss
0,0.5333333611488342,0.7004646062850952,0.546875,0.6955661773681641
1,0.5333333611488342,0.7001562118530273,0.546875,0.695404052734375
2,0.5333333611488342,0.6998810172080994,0.546875,0.6952424049377441
3,0.5333333611488342,0.6995775103569031,0.546875,0.6950821876525879
4,0.5333333611488342,0.6993079781532288,0.546875,0.694922685623169
5,0.5333333611488342,0.6989949941635132,0.546875,0.6947629451751709
