epoch,accuracy,loss,val_accuracy,val_loss
0,0.5027933120727539,1.2090387344360352,0.5777778029441833,0.6743118166923523
1,0.6173184514045715,0.9385226964950562,0.5444444417953491,0.679015040397644
2,0.5782122611999512,0.9019551873207092,0.5222222208976746,0.6776355504989624
3,0.6480447053909302,0.7906658053398132,0.5333333611488342,0.6782969832420349
4,0.6480447053909302,0.7477185726165771,0.5,0.6983734369277954
5,0.6927374005317688,0.687802791595459,0.47777777910232544,0.7072862386703491
