epoch,accuracy,loss,val_accuracy,val_loss
0,0.8199726343154907,0.4112410545349121,0.8599562644958496,0.3580406606197357
1,0.8755130171775818,0.31172239780426025,0.8687089681625366,0.32779574394226074
2,0.8982216119766235,0.2591218054294586,0.8730853199958801,0.29867884516716003
3,0.9181942343711853,0.20465971529483795,0.882932186126709,0.3132855296134949
4,0.941723644733429,0.15542760491371155,0.8643326163291931,0.3832206428050995
5,0.9491108059883118,0.13339778780937195,0.8763676285743713,0.313826322555542
6,0.9734610319137573,0.0772315040230751,0.8708971738815308,0.36244434118270874
7,0.9827633500099182,0.05216637998819351,0.8818380832672119,0.42978909611701965
8,0.9803009629249573,0.05799088627099991,0.8687089681625366,0.4030930995941162
