epoch,accuracy,loss,val_accuracy,val_loss
0,0.49095022678375244,0.6985299587249756,0.479638010263443,0.7022054195404053
1,0.49321267008781433,0.6984125375747681,0.479638010263443,0.7020912766456604
2,0.4920814335346222,0.6982940435409546,0.479638010263443,0.7019772529602051
3,0.4920814335346222,0.6981757879257202,0.479638010263443,0.7018626928329468
4,0.49321267008781433,0.6980565786361694,0.479638010263443,0.7017490267753601
5,0.49321267008781433,0.6979384422302246,0.479638010263443,0.7016339302062988
