epoch,accuracy,loss,val_accuracy,val_loss
0,0.48554912209510803,0.7094454765319824,0.5086705088615417,0.6962801218032837
1,0.5,0.7092401385307312,0.5086705088615417,0.6951267123222351
2,0.4638728201389313,0.7185807228088379,0.5086705088615417,0.6940943598747253
3,0.48843929171562195,0.7092023491859436,0.5086705088615417,0.6931262016296387
4,0.49132949113845825,0.7166410088539124,0.5086705088615417,0.6921950578689575
5,0.4725433588027954,0.7133456468582153,0.5086705088615417,0.6912832856178284
