epoch,accuracy,loss,val_accuracy,val_loss
0,0.49631267786026,0.700731635093689,0.5264706015586853,0.7001544833183289
1,0.5007374882698059,0.6992228627204895,0.5117647051811218,0.6991817951202393
2,0.5029498338699341,0.697929859161377,0.520588219165802,0.6982928514480591
3,0.5058997273445129,0.6967202425003052,0.5117647051811218,0.6974950432777405
4,0.5095870494842529,0.6956520080566406,0.5088235139846802,0.6968099474906921
5,0.5132743120193481,0.694591224193573,0.5117647051811218,0.6961021423339844
