epoch,accuracy,loss,val_accuracy,val_loss
0,0.5065359473228455,0.7315532565116882,0.701298713684082,0.6291118264198303
1,0.6241829991340637,0.6431816220283508,0.7662337422370911,0.5885831117630005
2,0.7189542651176453,0.5762313604354858,0.7272727489471436,0.5564852356910706
3,0.7810457348823547,0.5167463421821594,0.7662337422370911,0.5191382169723511
4,0.8006535768508911,0.4740400016307831,0.7662337422370911,0.493663489818573
5,0.8398692607879639,0.4363802373409271,0.7532467246055603,0.47409290075302124
6,0.8398692607879639,0.4094924032688141,0.7532467246055603,0.4562493860721588
