epoch,accuracy,loss,val_accuracy,val_loss
0,0.581327497959137,0.6768284440040588,0.795918345451355,0.6337171792984009
1,0.7534646391868591,0.5945348143577576,0.8104956150054932,0.5196883082389832
2,0.8023340702056885,0.4796995520591736,0.8163265585899353,0.4132513701915741
3,0.838803768157959,0.40202629566192627,0.819242000579834,0.37480127811431885
4,0.8439095616340637,0.3568093776702881,0.8454810380935669,0.3589937686920166
5,0.8599562644958496,0.33548063039779663,0.8367347121238708,0.3446078300476074
6,0.8628737926483154,0.31980395317077637,0.8454810380935669,0.33454960584640503
7,0.8694383502006531,0.30239489674568176,0.8571428656578064,0.3302466869354248
8,0.8701677322387695,0.3074047565460205,0.8483964800834656,0.3253551423549652
9,0.8781911134719849,0.28876256942749023,0.8629737496376038,0.3218344748020172
10,0.8789204955101013,0.2878020703792572,0.851311981678009,0.32701578736305237
11,0.8811087012290955,0.2832443416118622,0.8629737496376038,0.3174384534358978
12,0.8862144351005554,0.27048641443252563,0.8688046932220459,0.3169804811477661
13,0.8803792595863342,0.2638618052005768,0.8688046932220459,0.3146759867668152
14,0.8956965804100037,0.26523157954216003,0.8717201352119446,0.31330594420433044
15,0.8949671983718872,0.260081946849823,0.8775510191917419,0.3114401698112488
16,0.9037199020385742,0.25516045093536377,0.8688046932220459,0.3128764033317566
17,0.9051787257194519,0.24493497610092163,0.8746355772018433,0.31220248341560364
18,0.9022611379623413,0.24491852521896362,0.8746355772018433,0.31237906217575073
19,0.9015317559242249,0.24474893510341644,0.8717201352119446,0.31002679467201233
20,0.9037199020385742,0.22919362783432007,0.8629737496376038,0.32083433866500854
