epoch,accuracy,loss,val_accuracy,val_loss
0,0.5019649863243103,0.6937832236289978,0.5121428370475769,0.694496214389801
1,0.5017863512039185,0.6935520768165588,0.5042856931686401,0.6942138075828552
2,0.5067881345748901,0.6933439373970032,0.508571445941925,0.6939599514007568
3,0.5076813101768494,0.6931552886962891,0.5049999952316284,0.6937302947044373
4,0.5121471881866455,0.6929780840873718,0.5007143020629883,0.6935214996337891
5,0.5123258233070374,0.6928122043609619,0.5035714507102966,0.693330705165863
