epoch,accuracy,loss,val_accuracy,val_loss
0,0.4961217939853668,1.1038353443145752,0.5086107850074768,0.7092707753181458
1,0.4926745295524597,1.0494881868362427,0.5017221570014954,0.7181830406188965
2,0.48549267649650574,1.0286778211593628,0.4948335289955139,0.7261107563972473
3,0.5127837061882019,0.9963115453720093,0.47187140583992004,0.7272013425827026
4,0.5053145885467529,0.999583899974823,0.4684270918369293,0.7257667183876038
5,0.5004308819770813,0.9875991344451904,0.47187140583992004,0.7224435806274414
