epoch,accuracy,loss,val_accuracy,val_loss
0,0.5335056781768799,0.6908209919929504,0.6915739178657532,0.6740139126777649
1,0.6528136730194092,0.6604305505752563,0.8076311349868774,0.6418819427490234
2,0.737323522567749,0.6242936253547668,0.842607319355011,0.5957343578338623
3,0.8071187138557434,0.5692004561424255,0.8577106595039368,0.5336983799934387
4,0.831179141998291,0.5014568567276001,0.864069938659668,0.4666367769241333
5,0.8415191769599915,0.43976619839668274,0.86883944272995,0.41075554490089417
6,0.8498707413673401,0.3921484649181366,0.8696343302726746,0.3728155493736267
7,0.8514615297317505,0.36095359921455383,0.8712241649627686,0.3501165211200714
8,0.8526545763015747,0.3404289484024048,0.8736088871955872,0.3360617160797119
9,0.8574269413948059,0.3286571800708771,0.8767885565757751,0.32677799463272095
10,0.8633923530578613,0.31892555952072144,0.8799682259559631,0.3197738826274872
11,0.8627957701683044,0.31404927372932434,0.8823529481887817,0.3139823377132416
12,0.8655796647071838,0.3057868778705597,0.8839427828788757,0.30900946259498596
13,0.8689600229263306,0.2978067994117737,0.8823529481887817,0.3046298623085022
14,0.8707496523857117,0.2940692901611328,0.8839427828788757,0.30069825053215027
15,0.8703519701957703,0.29127269983291626,0.887122392654419,0.29701030254364014
16,0.8739311695098877,0.28783637285232544,0.8879173398017883,0.2939463257789612
17,0.8767150640487671,0.28359776735305786,0.8895071744918823,0.29054903984069824
18,0.8791012167930603,0.2807641327381134,0.8918918967247009,0.287494957447052
19,0.8806920051574707,0.27671486139297485,0.8910969495773315,0.28495824337005615
20,0.8822827339172363,0.27331504225730896,0.8934817314147949,0.28233060240745544
21,0.8840723633766174,0.27174702286720276,0.8934817314147949,0.28059861063957214
22,0.884867787361145,0.26809027791023254,0.8958664536476135,0.27793794870376587
23,0.8846689462661743,0.26555880904197693,0.8942766189575195,0.2758619785308838
24,0.8886458277702332,0.26710954308509827,0.8958664536476135,0.27427494525909424
25,0.8882481455802917,0.26065459847450256,0.8950715661048889,0.2727033793926239
26,0.8928216099739075,0.25967344641685486,0.8942766189575195,0.2712797522544861
27,0.8908331394195557,0.2582947015762329,0.8942766189575195,0.2703228294849396
