epoch,accuracy,loss,val_accuracy,val_loss
0,0.5264379978179932,0.6910496950149536,0.5614285469055176,0.6851012110710144
1,0.584315836429596,0.6736926436424255,0.595714271068573,0.6691147089004517
2,0.6139692664146423,0.6538407802581787,0.5878571271896362,0.6649190187454224
3,0.6543408632278442,0.6263037323951721,0.6407142877578735,0.6327229142189026
4,0.687031090259552,0.5929957628250122,0.6499999761581421,0.6347788572311401
5,0.722936749458313,0.555091917514801,0.6899999976158142,0.585681140422821
6,0.7434797883033752,0.5231989026069641,0.691428542137146,0.5814597010612488
7,0.76670241355896,0.48266950249671936,0.7178571224212646,0.5464541912078857
8,0.7959985733032227,0.4435684382915497,0.7428571581840515,0.5195534229278564
9,0.8193997740745544,0.40759938955307007,0.7257142663002014,0.5558043718338013
10,0.8344051241874695,0.37577712535858154,0.7599999904632568,0.49431344866752625
11,0.8499463796615601,0.3518018126487732,0.7392857074737549,0.5368943810462952
12,0.8658449649810791,0.32081493735313416,0.7678571343421936,0.48926544189453125
13,0.8770989775657654,0.2958546578884125,0.7835714221000671,0.4769268333911896
14,0.8944265842437744,0.2675837278366089,0.7771428823471069,0.48096126317977905
15,0.905323326587677,0.24564208090305328,0.7721428275108337,0.5050067901611328
16,0.9106823801994324,0.22911034524440765,0.779285728931427,0.4785538613796234
17,0.9260450005531311,0.20206712186336517,0.7907142639160156,0.47345462441444397
18,0.9453375935554504,0.17175953090190887,0.7892857193946838,0.4805244207382202
19,0.9517685174942017,0.1562577188014984,0.7950000166893005,0.4651409089565277
20,0.9558771252632141,0.1416042298078537,0.7985714077949524,0.489252507686615
21,0.9587352871894836,0.1316271275281906,0.7885714173316956,0.5416663885116577
22,0.9744551777839661,0.1102476567029953,0.7864285707473755,0.5178390145301819
23,0.9778492450714111,0.09700509160757065,0.8042857050895691,0.48878610134124756
24,0.9785637855529785,0.08270538598299026,0.808571457862854,0.5096787810325623
25,0.983744204044342,0.07243748754262924,0.8071428537368774,0.4992680251598358
26,0.9919614195823669,0.05728602409362793,0.8050000071525574,0.5264402031898499
27,0.9912468791007996,0.054457418620586395,0.7978571653366089,0.5319399833679199
28,0.9942836761474609,0.049303170293569565,0.8092857003211975,0.5407976508140564
29,0.9973204731941223,0.03403329849243164,0.8042857050895691,0.5683860182762146
