epoch,accuracy,loss,val_accuracy,val_loss
0,0.817139744758606,0.40614575147628784,0.8908296823501587,0.2756021320819855
1,0.9110261797904968,0.2316196709871292,0.932314395904541,0.2020820677280426
2,0.9350436925888062,0.1769847273826599,0.9585152864456177,0.1501675695180893
3,0.9552401900291443,0.12020952999591827,0.9519650936126709,0.12938229739665985
4,0.9617903828620911,0.10894381254911423,0.9497816562652588,0.12061483412981033
5,0.9765284061431885,0.06986720114946365,0.943231463432312,0.14822134375572205
6,0.9781659245491028,0.062122978270053864,0.9585152864456177,0.17965872585773468
7,0.9852620363235474,0.03920942544937134,0.9388646483421326,0.2515204846858978
